,Date,Airline,Flight_Number,Aircraft_Model,Origin_Airport,Origin_City,Destination_Airport,Destination_City,Scheduled_Departure_Time,Actual_Departure_Time,Scheduled_Arrival_Time,Actual_Arrival_Time,Flight_Duration_Minutes,Passenger_Count,Available_Seats,Load_Factor,Passenger_Category,Departure_Delay_Minutes,Arrival_Delay_Minutes,Flight_Status,Delay_Reason,Cancellation_Reason,Ticket_Price_INR,Revenue_INR
FL00744,01-01-2024,Akasa Air,QP 310,Boeing 737 MAX 8,GAU,Guwahati,DEL,Delhi,17:54,18:22,20:28,21:15,154,151,189,0.7989,Leisure,28,47,Delayed,Weather,,8090,1221590
FL01158,01-01-2024,Akasa Air,QP 410,Boeing 737 MAX 8,DEL,Delhi,COK,Kochi,12:13,12:15,15:46,15:54,213,125,189,0.6614,Business,2,8,On Time,,,11400,1425000
FL01221,01-01-2024,IndiGo,6E 282,ATR 72,MAA,Chennai,HYD,Hyderabad,13:29,13:35,14:40,14:50,71,55,70,0.7857,Leisure,6,10,On Time,,,2870,157850
FL01837,01-01-2024,Air India,AI 857,Airbus A320,DEL,Delhi,AMD,Ahmedabad,21:53,21:58,23:15,23:17,82,106,174,0.6092,Leisure,5,2,On Time,,,4230,448380
FL02880,01-01-2024,IndiGo,6E 942,ATR 72,NAG,Nagpur,PNQ,Pune,21:57,21:58,23:09,23:12,72,39,70,0.5571,Leisure,1,3,On Time,,,2770,108030
FL03151,01-01-2024,Air India Express,IX 988,Boeing 737-8,CCU,Kolkata,BOM,Mumbai,17:58,18:03,20:45,20:45,167,147,189,0.7778,Leisure,5,0,On Time,,,8000,1176000
FL03453,01-01-2024,IndiGo,6E 661,Airbus A320neo,BOM,Mumbai,AMD,Ahmedabad,20:13,20:17,21:20,21:26,67,125,180,0.6944,Family,4,6,On Time,,,2150,268750
FL03503,01-01-2024,Air India,AI 697,Airbus A321,BOM,Mumbai,AMD,Ahmedabad,06:32,06:40,07:51,07:57,79,120,190,0.6316,Leisure,8,6,On Time,,,2570,308400
FL04642,01-01-2024,Air India Express,IX 602,Boeing 737-8,BOM,Mumbai,PNQ,Pune,15:24,18:17,16:09,19:07,45,145,189,0.7672,Family,173,178,Delayed,Air Traffic,,1800,261000
FL00741,02-01-2024,SpiceJet,SG 298,Boeing 737-800,AMD,Ahmedabad,HYD,Hyderabad,18:27,18:28,20:15,20:15,108,166,189,0.8783,Leisure,1,0,On Time,,,4130,685580
FL00998,02-01-2024,Akasa Air,QP 371,Boeing 737 MAX 8,GOI,Goa,JAI,Jaipur,16:12,16:21,18:27,18:37,135,156,189,0.8254,Senior Citizen,9,10,On Time,,,7370,1149720
FL02731,02-01-2024,SpiceJet,SG 716,Boeing 737-800,PNQ,Pune,MAA,Chennai,06:38,06:38,08:22,08:24,104,155,189,0.8201,Leisure,0,2,On Time,,,5100,790500
FL03492,02-01-2024,Akasa Air,QP 999,Boeing 737 MAX 8,NAG,Nagpur,BLR,Bengaluru,08:59,10:07,10:40,12:06,101,155,189,0.8201,Leisure,68,86,Delayed,Air Traffic,,4830,748650
FL03877,02-01-2024,IndiGo,6E 995,Airbus A321neo,LKO,Lucknow,CCU,Kolkata,21:29,23:28,23:08,01:40,99,140,220,0.6364,Leisure,119,152,Delayed,Late Arrival of Aircraft,,4050,567000
FL04419,02-01-2024,IndiGo,6E 601,Airbus A320neo,CCU,Kolkata,MAA,Chennai,06:44,06:50,09:17,09:22,153,105,180,0.5833,Family,6,5,On Time,,,6500,682500
FL04553,02-01-2024,Air India,AI 338,Airbus A321,PNQ,Pune,BOM,Mumbai,11:31,11:49,12:16,12:42,45,162,190,0.8526,Leisure,18,26,Delayed,Air Traffic,,1800,291600
FL00811,03-01-2024,IndiGo,6E 762,Airbus A321neo,CCU,Kolkata,BLR,Bengaluru,08:20,08:24,11:08,11:14,168,152,220,0.6909,Leisure,4,6,On Time,,,7860,1194720
FL02585,03-01-2024,Air India Express,IX 824,Boeing 737-8,CCU,Kolkata,CJB,Coimbatore,07:14,07:19,10:12,10:22,178,155,189,0.8201,Family,5,10,On Time,,,8660,1342300
FL03207,03-01-2024,IndiGo,6E 442,Airbus A321neo,HYD,Hyderabad,CJB,Coimbatore,22:14,22:16,23:51,23:54,97,161,220,0.7318,Leisure,2,3,On Time,,,3500,563500
FL03606,03-01-2024,Air India Express,IX 303,Boeing 737-8,MAA,Chennai,BOM,Mumbai,20:05,20:11,22:06,22:16,121,136,189,0.7196,Leisure,6,10,On Time,,,5070,689520
FL04315,03-01-2024,SpiceJet,SG 299,Boeing 737-800,BOM,Mumbai,JAI,Jaipur,07:50,07:56,09:41,09:48,111,138,189,0.7302,Business,6,7,On Time,,,4750,655500
FL00423,04-01-2024,Air India,AI 248,Airbus A321,GOI,Goa,HYD,Hyderabad,05:05,05:06,06:28,06:32,83,140,190,0.7368,Business,1,4,On Time,,,3310,463400
FL00647,04-01-2024,Air India,AI 352,Airbus A320,COK,Kochi,HYD,Hyderabad,16:10,16:18,17:53,18:06,103,132,174,0.7586,Leisure,8,13,On Time,,,5100,673200
FL00775,04-01-2024,IndiGo,6E 726,Airbus A321neo,BLR,Bengaluru,MAA,Chennai,06:31,06:33,07:29,07:29,58,119,220,0.5409,Business,2,0,On Time,,,1800,214200
FL01314,04-01-2024,IndiGo,6E 374,Airbus A320neo,BOM,Mumbai,PNQ,Pune,22:26,22:34,23:11,23:20,45,132,180,0.7333,Leisure,8,9,On Time,,,1800,237600
FL01323,04-01-2024,Air India,AI 637,Boeing 787-8,LKO,Lucknow,DEL,Delhi,11:54,11:59,12:49,13:00,55,141,256,0.5508,Business,5,11,On Time,,,2200,310200
FL01617,04-01-2024,IndiGo,6E 649,Airbus A320neo,MAA,Chennai,BOM,Mumbai,09:50,09:53,11:53,11:59,123,162,180,0.9,Family,3,6,On Time,,,6130,993060
FL02299,04-01-2024,IndiGo,6E 410,ATR 72,GAU,Guwahati,MAA,Chennai,16:17,16:17,19:26,19:28,189,62,70,0.8857,Family,0,2,On Time,,,11770,729740
FL03038,04-01-2024,Air India Express,IX 958,Boeing 737-8,MAA,Chennai,GAU,Guwahati,08:12,08:16,11:17,11:24,185,127,189,0.672,Senior Citizen,4,7,On Time,,,7280,924560
FL03179,04-01-2024,IndiGo,6E 415,Airbus A321neo,CCU,Kolkata,AMD,Ahmedabad,09:29,09:31,12:14,12:15,165,153,220,0.6955,Senior Citizen,2,1,On Time,,,8790,1344870
FL04773,04-01-2024,Air India,AI 422,Airbus A321,AMD,Ahmedabad,MAA,Chennai,08:47,08:49,11:16,11:21,149,127,190,0.6684,Business,2,5,On Time,,,7060,896620
FL03439,05-01-2024,IndiGo,6E 646,Airbus A321neo,NAG,Nagpur,HYD,Hyderabad,19:34,19:38,20:37,20:37,63,189,220,0.8591,Leisure,4,0,On Time,,,2570,485730
FL03463,05-01-2024,Air India,AI 683,Airbus A320,PNQ,Pune,MAA,Chennai,08:17,08:23,10:06,10:20,109,136,174,0.7816,Student,6,14,On Time,,,5910,803760
FL04156,05-01-2024,Akasa Air,QP 380,Boeing 737 MAX 8,GAU,Guwahati,PNQ,Pune,17:37,17:39,20:53,20:56,196,164,189,0.8677,Leisure,2,3,On Time,,,13200,2164800
FL04775,05-01-2024,Akasa Air,QP 531,Boeing 737 MAX 8,GOI,Goa,BLR,Bengaluru,14:48,16:02,16:02,17:18,74,168,189,0.8889,Business,74,76,Delayed,Weather,,2660,446880
FL04991,05-01-2024,SpiceJet,SG 473,Bombardier Q400,BLR,Bengaluru,CJB,Coimbatore,16:32,16:40,17:33,17:41,61,60,78,0.7692,Business,8,8,On Time,,,1800,108000
FL00052,06-01-2024,IndiGo,6E 148,Airbus A320neo,MAA,Chennai,BLR,Bengaluru,17:07,17:14,17:52,17:52,45,167,180,0.9278,Student,7,0,On Time,,,1800,300600
FL00595,06-01-2024,Akasa Air,QP 246,Boeing 737 MAX 8,COK,Kochi,BLR,Bengaluru,09:18,09:21,10:26,10:33,68,156,189,0.8254,Family,3,7,On Time,,,2010,313560
FL01101,06-01-2024,Akasa Air,QP 396,Boeing 737 MAX 8,CCU,Kolkata,NAG,Nagpur,17:43,18:24,19:38,20:15,115,128,189,0.6772,Student,41,37,Delayed,Crew,,5010,641280
FL02384,06-01-2024,IndiGo,6E 496,Airbus A320neo,DEL,Delhi,GOI,Goa,19:12,19:19,21:45,21:51,153,178,180,0.9889,Student,7,6,On Time,,,10350,1842300
FL02922,06-01-2024,SpiceJet,SG 768,Boeing 737-800,HYD,Hyderabad,NAG,Nagpur,06:51,08:45,07:50,09:43,59,128,189,0.6772,Leisure,114,113,Delayed,Crew,,1800,230400
FL04281,06-01-2024,Air India,AI 237,Boeing 787-8,NAG,Nagpur,PNQ,Pune,09:12,09:20,10:31,10:45,79,159,256,0.6211,Leisure,8,14,On Time,,,3900,620100
FL00766,07-01-2024,IndiGo,6E 720,Airbus A320neo,MAA,Chennai,BOM,Mumbai,06:53,06:54,08:53,08:53,120,151,180,0.8389,Family,1,0,On Time,,,5480,827480
FL03377,07-01-2024,IndiGo,6E 587,Airbus A321neo,AMD,Ahmedabad,MAA,Chennai,14:29,14:31,16:57,16:58,148,150,220,0.6818,Senior Citizen,2,1,On Time,,,8380,1257000
FL04966,07-01-2024,Air India Express,IX 672,Boeing 737-8,DEL,Delhi,BLR,Bengaluru,05:53,07:45,08:49,10:34,176,178,189,0.9418,Student,112,105,Delayed,Late Arrival of Aircraft,,9920,1765760
FL00535,08-01-2024,IndiGo,6E 566,Airbus A320neo,JAI,Jaipur,HYD,Hyderabad,07:55,08:01,09:59,10:11,124,134,180,0.7444,Family,6,12,On Time,,,6060,812040
FL01911,08-01-2024,SpiceJet,SG 536,Boeing 737-800,AMD,Ahmedabad,LKO,Lucknow,17:31,17:47,19:23,19:26,112,140,189,0.7407,Family,16,3,Delayed,Late Arrival of Aircraft,,4690,656600
FL02394,08-01-2024,IndiGo,6E 504,Airbus A321neo,AMD,Ahmedabad,PNQ,Pune,21:26,21:35,22:38,22:48,72,165,220,0.75,Family,9,10,On Time,,,2660,438900
FL02940,08-01-2024,IndiGo,6E 999,Airbus A321neo,PNQ,Pune,DEL,Delhi,16:02,16:06,18:06,18:08,124,174,220,0.7909,Student,4,2,On Time,,,5470,951780
FL02958,08-01-2024,IndiGo,6E 214,Airbus A320neo,BLR,Bengaluru,PNQ,Pune,10:19,11:18,11:58,13:03,99,104,180,0.5778,Leisure,59,65,Delayed,Ground Operations,,3170,329680
FL04838,08-01-2024,IndiGo,6E 923,Airbus A321neo,MAA,Chennai,AMD,Ahmedabad,07:14,07:20,09:35,09:46,141,155,220,0.7045,Student,6,11,On Time,,,6830,1058650
FL00395,09-01-2024,Air India Express,IX 230,Boeing 737-800,MAA,Chennai,BLR,Bengaluru,19:41,21:29,20:29,22:16,48,140,180,0.7778,Family,108,107,Delayed,Air Traffic,,1800,252000
FL00841,09-01-2024,Akasa Air,QP 333,Boeing 737 MAX 8,HYD,Hyderabad,GOI,Goa,06:30,06:37,07:50,07:55,80,143,189,0.7566,Family,7,5,On Time,,,2890,413270
FL01952,09-01-2024,Air India,AI 904,Airbus A320,CJB,Coimbatore,BOM,Mumbai,21:59,22:03,23:50,23:53,111,109,174,0.6264,Student,4,3,On Time,,,5360,584240
FL02539,09-01-2024,Akasa Air,QP 774,Boeing 737 MAX 8,BOM,Mumbai,MAA,Chennai,22:21,22:29,00:22,00:27,121,154,189,0.8148,Student,8,5,On Time,,,5880,905520
FL02719,09-01-2024,IndiGo,6E 797,ATR 72,GOI,Goa,BOM,Mumbai,21:14,21:15,22:26,22:32,72,46,70,0.6571,Business,1,6,On Time,,,2040,93840
FL03218,09-01-2024,Air India,AI 588,Airbus A321,COK,Kochi,BLR,Bengaluru,11:06,11:09,12:05,12:07,59,152,190,0.8,Leisure,3,2,On Time,,,2410,366320
FL03321,09-01-2024,IndiGo,6E 536,Airbus A321neo,DEL,Delhi,CCU,Kolkata,17:49,17:54,20:10,20:12,141,157,220,0.7136,Family,5,2,On Time,,,6770,1062890
FL04305,09-01-2024,SpiceJet,SG 294,Bombardier Q400,DEL,Delhi,BLR,Bengaluru,11:16,11:23,14:13,14:26,177,68,78,0.8718,Leisure,7,13,On Time,,,9990,679320
FL00205,10-01-2024,Air India Express,IX 169,Boeing 737-800,BOM,Mumbai,GOI,Goa,07:19,07:24,08:29,08:33,70,116,180,0.6444,Senior Citizen,5,4,On Time,,,1860,215760
FL02023,10-01-2024,IndiGo,6E 978,ATR 72,HYD,Hyderabad,MAA,Chennai,05:40,05:46,06:52,07:01,72,47,70,0.6714,Leisure,6,9,On Time,,,2490,117030
FL02115,10-01-2024,Air India Express,IX 685,Boeing 737-8,GOI,Goa,PNQ,Pune,18:58,18:58,20:01,20:01,63,132,189,0.6984,Family,0,0,On Time,,,1840,242880
FL03996,10-01-2024,IndiGo,6E 269,Airbus A320neo,NAG,Nagpur,BLR,Bengaluru,21:23,21:32,23:11,23:21,108,143,180,0.7944,Business,9,10,On Time,,,4710,673530
FL04222,10-01-2024,IndiGo,6E 441,ATR 72,HYD,Hyderabad,BLR,Bengaluru,08:57,09:02,10:06,10:08,69,42,70,0.6,Leisure,5,2,On Time,,,2120,89040
FL04418,10-01-2024,Air India Express,IX 521,Boeing 737-800,AMD,Ahmedabad,PNQ,Pune,13:13,13:14,14:34,14:36,81,119,180,0.6611,Leisure,1,2,On Time,,,2120,252280
FL00519,11-01-2024,Air India,AI 287,Boeing 787-8,BOM,Mumbai,PNQ,Pune,15:24,15:32,16:09,16:15,45,247,256,0.9648,Student,8,6,On Time,,,1800,444600
FL01568,11-01-2024,Air India Express,IX 528,Boeing 737-800,CCU,Kolkata,DEL,Delhi,13:01,13:01,15:24,15:24,143,129,180,0.7167,Leisure,0,0,On Time,,,7310,942990
FL02571,11-01-2024,Air India Express,IX 820,Boeing 737-800,PNQ,Pune,HYD,Hyderabad,18:07,18:07,19:21,19:23,74,149,180,0.8278,Senior Citizen,0,2,On Time,,,2370,353130
FL03801,11-01-2024,IndiGo,6E 950,Airbus A321neo,BOM,Mumbai,LKO,Lucknow,06:47,06:55,08:59,09:06,132,187,220,0.85,Leisure,8,7,On Time,,,6820,1275340
FL04816,11-01-2024,Air India,AI 437,Airbus A321,BOM,Mumbai,JAI,Jaipur,11:16,11:16,13:03,13:03,107,120,190,0.6316,Business,0,0,On Time,,,5180,621600
FL00812,12-01-2024,Air India,AI 432,Airbus A320,DEL,Delhi,LKO,Lucknow,14:55,14:56,16:08,16:09,73,137,174,0.7874,Leisure,1,1,On Time,,,2750,376750
FL02052,12-01-2024,IndiGo,6E 999,Airbus A320neo,BLR,Bengaluru,HYD,Hyderabad,15:42,15:45,16:48,16:48,66,138,180,0.7667,Family,3,0,On Time,,,2370,327060
FL02534,12-01-2024,Air India,AI 327,Airbus A321,DEL,Delhi,PNQ,Pune,15:47,15:52,17:50,17:55,123,149,190,0.7842,Family,5,5,On Time,,,6670,993830
FL03071,12-01-2024,Air India Express,IX 965,Boeing 737-800,MAA,Chennai,BLR,Bengaluru,06:43,06:47,07:38,07:44,55,178,180,0.9889,Business,4,6,On Time,,,1800,320400
FL03532,12-01-2024,IndiGo,6E 742,Airbus A321neo,DEL,Delhi,CCU,Kolkata,16:21,16:28,18:41,18:42,140,182,220,0.8273,Leisure,7,1,On Time,,,7690,1399580
FL04792,12-01-2024,Akasa Air,QP 544,Boeing 737 MAX 8,BOM,Mumbai,MAA,Chennai,16:48,19:40,18:46,22:03,118,187,189,0.9894,Leisure,172,197,Delayed,Technical Issue,,6860,1282820
FL00239,13-01-2024,IndiGo,6E 317,ATR 72,MAA,Chennai,HYD,Hyderabad,05:03,05:12,06:14,06:28,71,52,70,0.7429,Family,9,14,On Time,,,2820,146640
FL00683,13-01-2024,Akasa Air,QP 283,Boeing 737 MAX 8,BOM,Mumbai,JAI,Jaipur,14:41,14:44,16:29,16:29,108,149,189,0.7884,Family,3,0,On Time,,,5410,806090
FL00797,13-01-2024,IndiGo,6E 745,Airbus A321neo,CCU,Kolkata,HYD,Hyderabad,06:59,07:03,09:08,09:09,129,149,220,0.6773,Student,4,1,On Time,,,7380,1099620
FL00826,13-01-2024,Air India Express,IX 331,Boeing 737-800,BOM,Mumbai,AMD,Ahmedabad,09:48,09:54,10:49,10:57,61,176,180,0.9778,Leisure,6,8,On Time,,,2340,411840
FL01929,13-01-2024,Air India Express,IX 641,Boeing 737-8,HYD,Hyderabad,BOM,Mumbai,19:08,19:09,20:33,20:38,85,179,189,0.9471,Leisure,1,5,On Time,,,3710,664090
FL01949,13-01-2024,Air India,AI 900,Airbus A320,AMD,Ahmedabad,HYD,Hyderabad,10:27,10:57,12:07,12:34,100,101,174,0.5805,Leisure,30,27,Delayed,Air Traffic,,4380,442380
FL04337,13-01-2024,Air India,AI 266,Boeing 787-8,MAA,Chennai,BLR,Bengaluru,13:54,15:19,14:47,16:19,53,233,256,0.9102,Family,85,92,Delayed,Air Traffic,,1810,421730
FL04501,13-01-2024,IndiGo,6E 669,Airbus A321neo,AMD,Ahmedabad,DEL,Delhi,12:43,12:43,14:31,14:35,108,191,220,0.8682,Business,0,4,On Time,,,3860,737260
FL01045,14-01-2024,Air India,AI 536,Airbus A320,CCU,Kolkata,MAA,Chennai,21:35,21:44,00:02,00:10,147,156,174,0.8966,Leisure,9,8,On Time,,,9080,1416480
FL02873,14-01-2024,IndiGo,6E 936,Airbus A321neo,BLR,Bengaluru,AMD,Ahmedabad,05:02,07:13,07:27,09:43,145,213,220,0.9682,Business,131,136,Delayed,Air Traffic,,7620,1623060
FL03459,14-01-2024,Air India,AI 680,Airbus A320,PNQ,Pune,MAA,Chennai,11:50,11:55,13:38,13:45,108,144,174,0.8276,Leisure,5,7,On Time,,,5630,810720
FL03805,14-01-2024,Air India,AI 830,Airbus A320,GOI,Goa,HYD,Hyderabad,09:30,09:33,10:59,10:59,89,146,174,0.8391,Student,3,0,On Time,,,3440,502240
FL03879,14-01-2024,Akasa Air,QP 296,Boeing 737 MAX 8,BOM,Mumbai,JAI,Jaipur,20:58,21:05,22:51,22:59,113,140,189,0.7407,Family,7,8,On Time,,,5700,798000
FL04136,14-01-2024,Air India,AI 966,Airbus A321,AMD,Ahmedabad,DEL,Delhi,09:38,09:44,11:08,11:18,90,180,190,0.9474,Leisure,6,10,On Time,,,4970,894600
FL04167,14-01-2024,Air India,AI 980,Airbus A321,COK,Kochi,GAU,Guwahati,07:50,07:53,11:41,11:41,231,158,190,0.8316,Business,3,0,On Time,,,16330,2580140
FL04248,14-01-2024,IndiGo,6E 466,Airbus A320neo,HYD,Hyderabad,PNQ,Pune,17:15,17:17,18:25,18:33,70,148,180,0.8222,Student,2,8,On Time,,,2310,341880
FL04403,14-01-2024,SpiceJet,SG 330,Boeing 737-800,CCU,Kolkata,MAA,Chennai,20:25,20:30,22:55,23:03,150,179,189,0.9471,Family,5,8,On Time,,,7190,1287010
FL04450,14-01-2024,Air India Express,IX 538,Boeing 737-8,HYD,Hyderabad,CCU,Kolkata,22:20,22:23,00:31,00:35,131,185,189,0.9788,Senior Citizen,3,4,On Time,,,6890,1274650
FL00150,15-01-2024,Air India Express,IX 153,Boeing 737-8,BLR,Bengaluru,JAI,Jaipur,08:27,08:28,11:21,11:21,174,135,189,0.7143,Business,1,0,On Time,,,8160,1101600
FL00270,15-01-2024,IndiGo,6E 357,ATR 72,MAA,Chennai,GAU,Guwahati,20:07,20:16,23:25,23:33,198,53,70,0.7571,Family,9,8,On Time,,,10600,561800
FL01894,15-01-2024,Akasa Air,QP 617,Boeing 737 MAX 8,BLR,Bengaluru,HYD,Hyderabad,20:08,20:12,21:18,21:18,70,169,189,0.8942,Student,4,0,On Time,,,2570,434330
FL01902,15-01-2024,Air India,AI 883,Airbus A320,CCU,Kolkata,MAA,Chennai,05:01,05:03,07:38,07:46,157,111,174,0.6379,Leisure,2,8,On Time,,,6440,714840
FL02031,15-01-2024,IndiGo,6E 983,Airbus A320neo,DEL,Delhi,BOM,Mumbai,16:36,17:11,18:34,19:11,118,164,180,0.9111,Business,35,37,Delayed,Air Traffic,,6420,1052880
FL02038,15-01-2024,Air India,AI 933,Airbus A321,AMD,Ahmedabad,PNQ,Pune,21:28,21:35,22:56,23:07,88,128,190,0.6737,Family,7,11,On Time,,,2650,339200
FL00085,16-01-2024,Air India Express,IX 138,Boeing 737-800,NAG,Nagpur,BLR,Bengaluru,11:07,12:21,12:51,14:14,104,128,180,0.7111,Leisure,74,83,Delayed,Crew,,4840,619520
FL00136,16-01-2024,IndiGo,6E 226,Airbus A320neo,MAA,Chennai,CJB,Coimbatore,14:57,15:02,15:57,16:09,60,106,180,0.5889,Leisure,5,12,On Time,,,1830,193980
FL00872,16-01-2024,IndiGo,6E 810,Airbus A320neo,BLR,Bengaluru,CJB,Coimbatore,10:51,10:56,11:38,11:40,47,140,180,0.7778,Family,5,2,On Time,,,1800,252000
FL01069,16-01-2024,IndiGo,6E 940,Airbus A321neo,BLR,Bengaluru,CJB,Coimbatore,14:20,,15:12,,52,0,220,0,Family,0,0,Cancelled,,Crew Availability,1800,0
FL03793,16-01-2024,IndiGo,6E 944,Airbus A321neo,HYD,Hyderabad,MAA,Chennai,22:00,00:52,23:10,02:06,70,170,220,0.7727,Leisure,172,176,Delayed,Weather,,2630,447100
FL04859,16-01-2024,IndiGo,6E 947,Airbus A321neo,CCU,Kolkata,HYD,Hyderabad,12:29,12:38,14:39,14:42,130,159,220,0.7227,Family,9,3,On Time,,,7390,1175010
FL00227,17-01-2024,Air India Express,IX 188,Boeing 737-8,BOM,Mumbai,COK,Kochi,08:21,08:24,10:31,10:36,130,117,189,0.619,Student,3,5,On Time,,,4630,541710
FL00590,17-01-2024,Air India,AI 323,Airbus A321,COK,Kochi,NAG,Nagpur,05:15,05:20,07:31,07:31,136,133,190,0.7,Business,5,0,On Time,,,6730,895090
FL01356,17-01-2024,IndiGo,6E 419,ATR 72,MAA,Chennai,CJB,Coimbatore,16:01,16:10,17:10,17:17,69,55,70,0.7857,Student,9,7,On Time,,,2050,112750
FL01721,17-01-2024,IndiGo,6E 722,Airbus A320neo,HYD,Hyderabad,NAG,Nagpur,21:35,21:41,22:41,22:43,66,148,180,0.8222,Business,6,2,On Time,,,2440,361120
FL02350,17-01-2024,IndiGo,6E 459,Airbus A321neo,BOM,Mumbai,CCU,Kolkata,06:20,06:20,09:13,09:17,173,145,220,0.6591,Student,0,4,On Time,,,7840,1136800
FL02557,17-01-2024,IndiGo,6E 655,Airbus A321neo,HYD,Hyderabad,DEL,Delhi,11:00,11:07,13:20,13:29,140,154,220,0.7,Business,7,9,On Time,,,6220,957880
FL02887,17-01-2024,IndiGo,6E 950,Airbus A320neo,HYD,Hyderabad,DEL,Delhi,11:00,11:07,13:12,13:15,132,136,180,0.7556,Leisure,7,3,On Time,,,7510,1021360
FL03699,17-01-2024,IndiGo,6E 881,ATR 72,BOM,Mumbai,GOI,Goa,12:53,14:00,13:54,15:00,61,64,70,0.9143,Leisure,67,66,Delayed,Late Arrival of Aircraft,,2680,171520
FL04338,17-01-2024,Akasa Air,QP 429,Boeing 737 MAX 8,CCU,Kolkata,GAU,Guwahati,12:05,12:12,13:14,13:16,69,138,189,0.7302,Family,7,2,On Time,,,2730,376740
FL04559,17-01-2024,IndiGo,6E 712,Airbus A320neo,CCU,Kolkata,HYD,Hyderabad,16:30,16:34,18:41,18:43,131,113,180,0.6278,Business,4,2,On Time,,,5600,632800
FL02130,18-01-2024,Akasa Air,QP 671,Boeing 737 MAX 8,HYD,Hyderabad,BOM,Mumbai,05:27,05:42,06:49,06:49,82,144,189,0.7619,Family,15,0,Delayed,Technical Issue,,3380,486720
FL02581,18-01-2024,IndiGo,6E 676,Airbus A320neo,BLR,Bengaluru,PNQ,Pune,05:06,05:14,06:37,06:41,91,123,180,0.6833,Leisure,8,4,On Time,,,3600,442800
FL03308,18-01-2024,IndiGo,6E 516,Airbus A321neo,PNQ,Pune,COK,Kochi,10:20,11:36,12:18,13:31,118,178,220,0.8091,Family,76,73,Delayed,Technical Issue,,4990,888220
FL03333,18-01-2024,Air India,AI 639,Boeing 787-8,DEL,Delhi,NAG,Nagpur,12:00,12:07,13:49,14:03,109,204,256,0.7969,Business,7,14,On Time,,,5040,1028160
FL04380,18-01-2024,Air India,AI 284,Boeing 787-8,BOM,Mumbai,JAI,Jaipur,08:18,08:22,10:02,10:04,104,189,256,0.7383,Leisure,4,2,On Time,,,5590,1056510
FL01205,19-01-2024,IndiGo,6E 268,ATR 72,BOM,Mumbai,PNQ,Pune,16:40,18:50,17:25,19:49,45,47,70,0.6714,Family,130,144,Delayed,Late Arrival of Aircraft,,1800,84600
FL01318,19-01-2024,IndiGo,6E 381,Airbus A321neo,AMD,Ahmedabad,BOM,Mumbai,13:16,13:24,14:32,14:35,76,141,220,0.6409,Family,8,3,On Time,,,2450,345450
FL01743,19-01-2024,SpiceJet,SG 507,Boeing 737-800,DEL,Delhi,GOI,Goa,16:26,16:26,19:06,19:06,160,166,189,0.8783,Family,0,0,On Time,,,8840,1467440
FL03192,19-01-2024,SpiceJet,SG 816,Bombardier Q400,JAI,Jaipur,PNQ,Pune,19:48,19:49,21:37,21:38,109,59,78,0.7564,Family,1,1,On Time,,,5470,322730
FL03300,19-01-2024,Air India Express,IX 225,Boeing 737-8,HYD,Hyderabad,CCU,Kolkata,17:10,18:41,19:32,21:07,142,135,189,0.7143,Family,91,95,Delayed,Air Traffic,,6460,872100
FL00415,20-01-2024,IndiGo,6E 467,Airbus A320neo,AMD,Ahmedabad,CCU,Kolkata,06:09,06:15,08:55,09:01,166,145,180,0.8056,Family,6,6,On Time,,,10270,1489150
FL00650,20-01-2024,IndiGo,6E 635,Airbus A321neo,BOM,Mumbai,NAG,Nagpur,18:28,,20:09,,101,0,220,0,Leisure,0,0,Cancelled,,Technical Issue,3470,0
FL02815,20-01-2024,IndiGo,6E 887,Airbus A321neo,CCU,Kolkata,CJB,Coimbatore,21:52,00:33,00:56,03:39,184,193,220,0.8773,Leisure,161,163,Delayed,Security,,11380,2196340
FL03394,20-01-2024,IndiGo,6E 597,Airbus A320neo,AMD,Ahmedabad,BOM,Mumbai,05:05,05:13,06:15,06:18,70,168,180,0.9333,Student,8,3,On Time,,,2920,490560
FL03862,20-01-2024,Akasa Air,QP 291,Boeing 737 MAX 8,HYD,Hyderabad,LKO,Lucknow,06:59,07:01,09:09,09:10,130,153,189,0.8095,Family,2,1,On Time,,,5860,896580
FL04075,20-01-2024,Air India,AI 937,Boeing 787-8,AMD,Ahmedabad,GOI,Goa,18:15,18:23,20:03,20:10,108,185,256,0.7227,Business,8,7,On Time,,,4760,880600
FL04542,20-01-2024,SpiceJet,SG 371,Bombardier Q400,NAG,Nagpur,GOI,Goa,11:36,11:36,13:24,13:24,108,74,78,0.9487,Leisure,0,0,On Time,,,4860,359640
FL00069,21-01-2024,IndiGo,6E 165,Airbus A321neo,BLR,Bengaluru,JAI,Jaipur,12:25,12:34,15:15,15:21,170,165,220,0.75,Leisure,9,6,On Time,,,8800,1452000
FL00768,21-01-2024,Air India,AI 410,Airbus A320,COK,Kochi,CJB,Coimbatore,16:30,16:38,17:15,17:25,45,133,174,0.7644,Leisure,8,10,On Time,,,1800,239400
FL00795,21-01-2024,IndiGo,6E 743,Airbus A321neo,GOI,Goa,BLR,Bengaluru,18:34,18:58,19:38,20:04,64,193,220,0.8773,Leisure,24,26,Delayed,Late Arrival of Aircraft,,3320,640760
FL00972,21-01-2024,SpiceJet,SG 365,Boeing 737-800,DEL,Delhi,PNQ,Pune,17:20,17:26,19:28,19:40,128,164,189,0.8677,Family,6,12,On Time,,,6920,1134880
FL01729,21-01-2024,Air India Express,IX 575,Boeing 737-800,AMD,Ahmedabad,NAG,Nagpur,07:03,07:03,08:34,08:38,91,158,180,0.8778,Family,0,4,On Time,,,4480,707840
FL02080,21-01-2024,IndiGo,6E 225,Airbus A321neo,NAG,Nagpur,GOI,Goa,20:48,20:52,22:27,22:30,99,152,220,0.6909,Business,4,3,On Time,,,3960,601920
FL02560,21-01-2024,IndiGo,6E 659,Airbus A321neo,LKO,Lucknow,NAG,Nagpur,16:19,16:26,17:41,17:45,82,172,220,0.7818,Business,7,4,On Time,,,3900,670800
FL03642,21-01-2024,Air India Express,IX 311,Boeing 737-8,CJB,Coimbatore,PNQ,Pune,05:57,08:12,07:43,09:46,106,123,189,0.6508,Senior Citizen,135,123,Delayed,Technical Issue,,4560,560880
FL03824,21-01-2024,Akasa Air,QP 281,Boeing 737 MAX 8,AMD,Ahmedabad,PNQ,Pune,20:17,20:21,21:41,21:46,84,152,189,0.8042,Business,4,5,On Time,,,2800,425600
FL04147,21-01-2024,IndiGo,6E 383,Airbus A321neo,BLR,Bengaluru,CCU,Kolkata,05:33,05:39,08:12,08:12,159,190,220,0.8636,Leisure,6,0,On Time,,,9350,1776500
FL04257,21-01-2024,IndiGo,6E 471,Airbus A320neo,CCU,Kolkata,AMD,Ahmedabad,09:15,09:19,12:01,12:08,166,165,180,0.9167,Senior Citizen,4,7,On Time,,,10570,1744050
FL04430,21-01-2024,Air India Express,IX 523,Boeing 737-8,JAI,Jaipur,BOM,Mumbai,09:16,09:22,11:09,11:16,113,181,189,0.9577,Family,6,7,On Time,,,5290,957490
FL04969,21-01-2024,Akasa Air,QP 597,Boeing 737 MAX 8,BOM,Mumbai,GAU,Guwahati,14:48,14:52,18:23,18:30,215,159,189,0.8413,Business,4,7,On Time,,,12210,1941390
FL01841,22-01-2024,SpiceJet,SG 524,Boeing 737-800,AMD,Ahmedabad,BOM,Mumbai,09:01,09:10,10:16,10:25,75,130,189,0.6878,Student,9,9,On Time,,,2090,271700
FL02018,22-01-2024,SpiceJet,SG 568,Bombardier Q400,DEL,Delhi,MAA,Chennai,07:26,07:26,10:32,10:35,186,53,78,0.6795,Student,0,3,On Time,,,8000,424000
FL02321,22-01-2024,Air India,AI 236,Boeing 787-8,DEL,Delhi,PNQ,Pune,05:40,05:48,07:51,08:04,131,232,256,0.9062,Leisure,8,13,On Time,,,7090,1644880
FL02605,22-01-2024,IndiGo,6E 692,ATR 72,GAU,Guwahati,DEL,Delhi,05:27,07:10,08:10,10:09,163,52,70,0.7429,Business,103,119,Delayed,Air Traffic,,8180,425360
FL02698,22-01-2024,Akasa Air,QP 807,Boeing 737 MAX 8,JAI,Jaipur,DEL,Delhi,12:22,12:58,13:13,13:53,51,112,189,0.5926,Family,36,40,Delayed,Crew,,1800,201600
FL02122,23-01-2024,Air India Express,IX 688,Boeing 737-800,DEL,Delhi,BOM,Mumbai,09:50,09:55,12:00,12:08,130,169,180,0.9389,Business,5,8,On Time,,,5470,924430
FL02501,23-01-2024,Air India Express,IX 798,Boeing 737-8,MAA,Chennai,CJB,Coimbatore,21:30,21:31,22:30,22:33,60,157,189,0.8307,Student,1,3,On Time,,,1910,299870
FL02750,23-01-2024,IndiGo,6E 827,Airbus A320neo,GOI,Goa,AMD,Ahmedabad,13:27,13:33,15:14,15:23,107,178,180,0.9889,Senior Citizen,6,9,On Time,,,6070,1080460
FL03282,23-01-2024,IndiGo,6E 504,Airbus A321neo,COK,Kochi,CCU,Kolkata,17:29,17:38,20:39,20:46,190,166,220,0.7545,Leisure,9,7,On Time,,,12280,2038480
FL03351,23-01-2024,Air India Express,IX 240,Boeing 737-8,GAU,Guwahati,HYD,Hyderabad,10:22,12:43,13:14,15:41,172,134,189,0.709,Leisure,141,147,Delayed,Ground Operations,,8890,1191260
FL04143,23-01-2024,Air India Express,IX 444,Boeing 737-800,BLR,Bengaluru,MAA,Chennai,09:57,10:03,10:56,11:10,59,159,180,0.8833,Family,6,14,On Time,,,1800,286200
FL04232,23-01-2024,IndiGo,6E 448,ATR 72,GOI,Goa,MAA,Chennai,08:08,08:09,09:37,09:37,89,48,70,0.6857,Family,1,0,On Time,,,3640,174720
FL01161,24-01-2024,IndiGo,6E 232,Airbus A321neo,PNQ,Pune,CJB,Coimbatore,10:50,12:26,12:41,13:55,111,166,220,0.7545,Student,96,74,Delayed,Technical Issue,,5500,913000
FL01433,24-01-2024,Air India Express,IX 493,Boeing 737-800,BOM,Mumbai,HYD,Hyderabad,15:49,15:56,17:18,17:32,89,106,180,0.5889,Senior Citizen,7,14,On Time,,,2830,299980
FL01660,24-01-2024,SpiceJet,SG 491,Bombardier Q400,MAA,Chennai,BLR,Bengaluru,13:07,13:16,14:06,14:20,59,69,78,0.8846,Senior Citizen,9,14,On Time,,,1800,124200
FL02152,24-01-2024,SpiceJet,SG 592,Boeing 737-800,AMD,Ahmedabad,PNQ,Pune,17:25,17:32,18:38,18:41,73,143,189,0.7566,Leisure,7,3,On Time,,,2460,351780
FL02919,24-01-2024,IndiGo,6E 981,ATR 72,NAG,Nagpur,BOM,Mumbai,09:36,09:44,10:57,11:03,81,43,70,0.6143,Leisure,8,6,On Time,,,3540,152220
FL03454,24-01-2024,Air India,AI 676,Boeing 787-8,CJB,Coimbatore,HYD,Hyderabad,12:27,12:33,14:07,14:15,100,180,256,0.7031,Family,6,8,On Time,,,4410,793800
FL04673,24-01-2024,Air India,AI 379,Airbus A320,NAG,Nagpur,BOM,Mumbai,18:49,18:55,20:14,20:21,85,112,174,0.6437,Business,6,7,On Time,,,3620,405440
FL00422,25-01-2024,IndiGo,6E 475,Airbus A320neo,MAA,Chennai,LKO,Lucknow,16:26,16:33,19:01,19:08,155,121,180,0.6722,Family,7,7,On Time,,,8070,976470
FL00485,25-01-2024,IndiGo,6E 529,Airbus A321neo,LKO,Lucknow,PNQ,Pune,15:09,16:16,17:16,18:16,127,180,220,0.8182,Business,67,60,Delayed,Weather,,6590,1186200
FL00723,25-01-2024,IndiGo,6E 690,ATR 72,DEL,Delhi,JAI,Jaipur,08:26,08:53,09:11,09:28,45,50,70,0.7143,Student,27,17,Delayed,Crew,,1800,90000
FL01382,25-01-2024,IndiGo,6E 437,Airbus A320neo,LKO,Lucknow,BLR,Bengaluru,10:01,10:04,12:51,12:59,170,170,180,0.9444,Student,3,8,On Time,,,7990,1358300
FL02276,25-01-2024,Air India,AI 220,Airbus A321,GOI,Goa,DEL,Delhi,17:55,17:58,20:28,20:40,153,115,190,0.6053,Family,3,12,On Time,,,7630,877450
FL02870,25-01-2024,IndiGo,6E 934,Airbus A321neo,AMD,Ahmedabad,DEL,Delhi,14:15,14:16,15:53,15:53,98,117,220,0.5318,Leisure,1,0,On Time,,,2950,345150
FL03372,25-01-2024,Air India,AI 648,Boeing 787-8,CCU,Kolkata,GAU,Guwahati,08:53,11:03,10:05,12:19,72,196,256,0.7656,Leisure,130,134,Delayed,Air Traffic,,2930,574280
FL03934,25-01-2024,Air India,AI 897,Airbus A321,NAG,Nagpur,CJB,Coimbatore,16:40,16:43,18:44,18:44,124,144,190,0.7579,Family,3,0,On Time,,,6210,894240
FL04746,25-01-2024,Akasa Air,QP 522,Boeing 737 MAX 8,GOI,Goa,MAA,Chennai,16:14,19:10,17:49,20:52,95,139,189,0.7354,Family,176,183,Delayed,Late Arrival of Aircraft,,4050,562950
FL00164,26-01-2024,Air India,AI 144,Airbus A320,MAA,Chennai,BOM,Mumbai,21:52,23:21,23:49,01:15,117,151,174,0.8678,Family,89,86,Delayed,Technical Issue,,6130,925630
FL00633,26-01-2024,SpiceJet,SG 268,Bombardier Q400,MAA,Chennai,BLR,Bengaluru,15:47,15:53,16:36,16:37,49,55,78,0.7051,Leisure,6,1,On Time,,,1800,99000
FL03255,26-01-2024,Air India Express,IX 213,Boeing 737-800,PNQ,Pune,NAG,Nagpur,22:24,22:30,23:47,23:53,83,136,180,0.7556,Leisure,6,6,On Time,,,3110,422960
FL04568,26-01-2024,IndiGo,6E 717,Airbus A320neo,GOI,Goa,AMD,Ahmedabad,17:26,17:31,19:08,19:19,102,171,180,0.95,Student,5,11,On Time,,,5510,942210
FL01315,27-01-2024,IndiGo,6E 375,Airbus A321neo,AMD,Ahmedabad,DEL,Delhi,10:59,11:08,12:38,12:52,99,210,220,0.9545,Business,9,14,On Time,,,4600,966000
FL01364,27-01-2024,IndiGo,6E 423,Airbus A320neo,BOM,Mumbai,MAA,Chennai,10:18,13:01,12:19,14:59,121,171,180,0.95,Leisure,163,160,Delayed,Weather,,6570,1123470
FL01620,27-01-2024,IndiGo,6E 655,Airbus A320neo,BLR,Bengaluru,AMD,Ahmedabad,08:05,08:14,10:18,10:20,133,176,180,0.9778,Business,9,2,On Time,,,6850,1205600
FL02097,27-01-2024,IndiGo,6E 240,Airbus A321neo,MAA,Chennai,GOI,Goa,16:46,17:45,18:17,19:35,91,207,220,0.9409,Family,59,78,Delayed,Late Arrival of Aircraft,,4500,931500
FL02118,27-01-2024,Air India Express,IX 687,Boeing 737-800,PNQ,Pune,CJB,Coimbatore,11:24,11:24,13:15,13:17,111,134,180,0.7444,Leisure,0,2,On Time,,,4600,616400
FL02229,27-01-2024,Akasa Air,QP 708,Boeing 737 MAX 8,BLR,Bengaluru,DEL,Delhi,21:50,22:53,00:48,01:40,178,150,189,0.7937,Business,63,52,Delayed,Technical Issue,,9440,1416000
FL02296,27-01-2024,Akasa Air,QP 722,Boeing 737 MAX 8,CJB,Coimbatore,CCU,Kolkata,10:32,10:41,13:41,13:52,189,185,189,0.9788,Family,9,11,On Time,,,11300,2090500
FL02814,27-01-2024,IndiGo,6E 886,Airbus A320neo,BLR,Bengaluru,COK,Kochi,19:52,19:57,20:52,20:57,60,169,180,0.9389,Business,5,5,On Time,,,2330,393770
FL03353,27-01-2024,Air India Express,IX 241,Boeing 737-8,GOI,Goa,PNQ,Pune,13:55,14:04,14:56,14:57,61,140,189,0.7407,Business,9,1,On Time,,,1960,274400
FL03691,27-01-2024,IndiGo,6E 866,Airbus A320neo,CCU,Kolkata,DEL,Delhi,21:18,21:23,23:38,23:38,140,170,180,0.9444,Student,5,0,On Time,,,8440,1434800
FL03838,27-01-2024,IndiGo,6E 972,ATR 72,AMD,Ahmedabad,COK,Kochi,06:37,07:31,09:13,10:18,156,43,70,0.6143,Leisure,54,65,Delayed,Crew,,7000,301000
FL03886,27-01-2024,Air India,AI 874,Boeing 787-8,BOM,Mumbai,AMD,Ahmedabad,17:16,17:21,18:17,18:21,61,181,256,0.707,Leisure,5,4,On Time,,,2460,445260
FL04644,27-01-2024,Air India Express,IX 604,Boeing 737-800,BOM,Mumbai,BLR,Bengaluru,16:50,16:52,18:44,18:44,114,130,180,0.7222,Leisure,2,0,On Time,,,4030,523900
FL00125,28-01-2024,IndiGo,6E 217,Airbus A321neo,CCU,Kolkata,NAG,Nagpur,17:25,17:26,19:20,19:26,115,178,220,0.8091,Family,1,6,On Time,,,6010,1069780
FL00435,28-01-2024,IndiGo,6E 485,Airbus A321neo,AMD,Ahmedabad,COK,Kochi,12:20,13:38,14:55,16:24,155,179,220,0.8136,Senior Citizen,78,89,Delayed,Air Traffic,,10020,1793580
FL00620,28-01-2024,Akasa Air,QP 262,Boeing 737 MAX 8,DEL,Delhi,JAI,Jaipur,06:41,06:47,07:33,07:40,52,136,189,0.7196,Family,6,7,On Time,,,1800,244800
FL00726,28-01-2024,SpiceJet,SG 289,Boeing 737-800,LKO,Lucknow,CCU,Kolkata,11:32,11:36,13:18,13:20,106,158,189,0.836,Leisure,4,2,On Time,,,5200,821600
FL01019,28-01-2024,IndiGo,6E 905,Airbus A321neo,AMD,Ahmedabad,GOI,Goa,09:41,09:46,11:31,11:41,110,144,220,0.6545,Student,5,10,On Time,,,4230,609120
FL01386,28-01-2024,IndiGo,6E 439,Airbus A321neo,LKO,Lucknow,MAA,Chennai,17:19,17:19,20:01,20:01,162,176,220,0.8,Business,0,0,On Time,,,7610,1339360
FL02567,28-01-2024,Air India,AI 344,Airbus A321,DEL,Delhi,CCU,Kolkata,15:18,15:18,17:38,17:39,140,156,190,0.8211,Family,0,1,On Time,,,8060,1257360
FL03176,28-01-2024,IndiGo,6E 412,ATR 72,LKO,Lucknow,NAG,Nagpur,06:58,07:02,08:30,08:41,92,69,70,0.9857,Leisure,4,11,On Time,,,4090,282210
FL03443,28-01-2024,IndiGo,6E 652,ATR 72,HYD,Hyderabad,BLR,Bengaluru,20:23,20:31,21:39,21:42,76,69,70,0.9857,Family,8,3,On Time,,,2700,186300
FL04441,28-01-2024,IndiGo,6E 624,Airbus A320neo,COK,Kochi,BOM,Mumbai,13:44,,15:45,,121,0,180,0,Family,0,0,Cancelled,,Air Traffic,5030,0
FL04474,28-01-2024,IndiGo,6E 652,ATR 72,DEL,Delhi,NAG,Nagpur,16:40,16:43,18:23,18:25,103,41,70,0.5857,Leisure,3,2,On Time,,,4360,178760
FL00451,29-01-2024,Air India,AI 263,Boeing 787-8,DEL,Delhi,BOM,Mumbai,12:51,,14:52,,121,0,256,0,Leisure,0,0,Cancelled,,Air Traffic,6680,0
FL01940,29-01-2024,Air India Express,IX 649,Boeing 737-800,BLR,Bengaluru,GOI,Goa,08:04,08:12,09:16,09:21,72,135,180,0.75,Leisure,8,5,On Time,,,1940,261900
FL02046,29-01-2024,Air India Express,IX 664,Boeing 737-8,CJB,Coimbatore,DEL,Delhi,14:24,14:33,17:43,17:54,199,105,189,0.5556,Business,9,11,On Time,,,8340,875700
FL02160,29-01-2024,SpiceJet,SG 594,Bombardier Q400,BOM,Mumbai,GOI,Goa,20:28,20:33,21:34,21:47,66,54,78,0.6923,Leisure,5,13,On Time,,,2030,109620
FL03134,29-01-2024,Air India,AI 562,Boeing 787-8,GOI,Goa,CJB,Coimbatore,06:37,07:28,07:49,08:28,72,201,256,0.7852,Family,51,39,Delayed,Technical Issue,,3350,673350
FL03260,29-01-2024,SpiceJet,SG 834,Boeing 737-800,COK,Kochi,BLR,Bengaluru,22:16,22:21,23:10,23:13,54,160,189,0.8466,Business,5,3,On Time,,,1990,318400
FL04014,29-01-2024,SpiceJet,SG 225,Boeing 737-800,HYD,Hyderabad,DEL,Delhi,11:14,11:17,13:30,13:37,136,156,189,0.8254,Student,3,7,On Time,,,7360,1148160
FL04276,29-01-2024,Air India Express,IX 478,Boeing 737-8,DEL,Delhi,COK,Kochi,21:02,21:10,00:42,00:53,220,141,189,0.746,Family,8,11,On Time,,,9250,1304250
FL00028,30-01-2024,IndiGo,6E 136,ATR 72,HYD,Hyderabad,BLR,Bengaluru,16:16,16:22,17:28,17:28,72,48,70,0.6857,Family,6,0,On Time,,,2240,107520
FL00281,30-01-2024,Air India Express,IX 196,Boeing 737-8,NAG,Nagpur,JAI,Jaipur,18:55,19:02,20:28,20:32,93,183,189,0.9683,Leisure,7,4,On Time,,,4510,825330
FL01261,30-01-2024,Air India,AI 611,Boeing 787-8,LKO,Lucknow,PNQ,Pune,19:34,19:34,21:39,21:39,125,168,256,0.6562,Leisure,0,0,On Time,,,6470,1086960
FL02298,30-01-2024,IndiGo,6E 409,Airbus A320neo,DEL,Delhi,NAG,Nagpur,10:20,10:28,12:02,12:05,102,131,180,0.7278,Student,8,3,On Time,,,4090,535790
FL03595,30-01-2024,Akasa Air,QP 232,Boeing 737 MAX 8,DEL,Delhi,GAU,Guwahati,08:25,08:26,11:02,11:11,157,120,189,0.6349,Business,1,9,On Time,,,6020,722400
FL00176,31-01-2024,Air India Express,IX 157,Boeing 737-8,DEL,Delhi,PNQ,Pune,10:28,10:34,12:45,12:45,137,112,189,0.5926,Business,6,0,On Time,,,5720,640640
FL00555,31-01-2024,Akasa Air,QP 228,Boeing 737 MAX 8,PNQ,Pune,CCU,Kolkata,08:18,09:26,11:10,12:24,172,126,189,0.6667,Business,68,74,Delayed,Air Traffic,,8180,1030680
FL00903,31-01-2024,IndiGo,6E 836,Airbus A321neo,BOM,Mumbai,COK,Kochi,13:41,13:45,15:48,15:56,127,142,220,0.6455,Business,4,8,On Time,,,5180,735560
FL01390,31-01-2024,IndiGo,6E 448,Airbus A321neo,BLR,Bengaluru,BOM,Mumbai,20:14,20:17,21:47,21:47,93,170,220,0.7727,Student,3,0,On Time,,,4480,761600
FL02388,31-01-2024,Air India,AI 265,Boeing 787-8,BOM,Mumbai,MAA,Chennai,10:41,10:44,12:33,12:36,112,182,256,0.7109,Leisure,3,3,On Time,,,6190,1126580
FL02811,31-01-2024,Air India Express,IX 902,Boeing 737-800,BOM,Mumbai,CCU,Kolkata,18:26,18:35,21:23,21:37,177,107,180,0.5944,Leisure,9,14,On Time,,,7930,848510
FL02840,31-01-2024,SpiceJet,SG 737,Boeing 737-800,HYD,Hyderabad,BLR,Bengaluru,07:06,,08:19,,73,0,189,0,Student,0,0,Cancelled,,Other,2100,0
FL04459,31-01-2024,Air India,AI 309,Airbus A320,COK,Kochi,MAA,Chennai,12:06,12:10,13:16,13:20,70,113,174,0.6494,Leisure,4,4,On Time,,,3080,348040
FL01926,01-02-2024,IndiGo,6E 890,Airbus A320neo,BOM,Mumbai,GOI,Goa,15:04,15:09,16:08,16:14,64,112,180,0.6222,Business,5,6,On Time,,,2000,224000
FL04682,01-02-2024,Akasa Air,QP 505,Boeing 737 MAX 8,DEL,Delhi,MAA,Chennai,18:46,20:38,21:43,23:48,177,121,189,0.6402,Leisure,112,125,Delayed,Weather,,8180,989780
FL04803,01-02-2024,IndiGo,6E 895,Airbus A320neo,PNQ,Pune,NAG,Nagpur,07:50,07:57,09:13,09:19,83,128,180,0.7111,Business,7,6,On Time,,,2860,366080
FL00763,02-02-2024,IndiGo,6E 718,ATR 72,AMD,Ahmedabad,JAI,Jaipur,16:07,16:10,17:26,17:32,79,53,70,0.7571,Leisure,3,6,On Time,,,2880,152640
FL02011,02-02-2024,SpiceJet,SG 563,Boeing 737-800,DEL,Delhi,LKO,Lucknow,21:32,21:41,22:43,22:56,71,157,189,0.8307,Student,9,13,On Time,,,2170,340690
FL02385,02-02-2024,Air India,AI 263,Boeing 787-8,BOM,Mumbai,HYD,Hyderabad,12:46,12:50,14:13,14:15,87,204,256,0.7969,Leisure,4,2,On Time,,,3130,638520
FL03096,02-02-2024,Air India,AI 550,Boeing 787-8,JAI,Jaipur,NAG,Nagpur,07:55,07:58,09:24,09:24,89,171,256,0.668,Senior Citizen,3,0,On Time,,,3920,670320
FL03306,02-02-2024,IndiGo,6E 515,Airbus A321neo,BOM,Mumbai,MAA,Chennai,07:26,07:33,09:23,09:31,117,177,220,0.8045,Family,7,8,On Time,,,5620,994740
FL03698,02-02-2024,IndiGo,6E 879,Airbus A320neo,HYD,Hyderabad,PNQ,Pune,15:40,15:41,16:57,16:57,77,102,180,0.5667,Leisure,1,0,On Time,,,2510,256020
FL00287,03-02-2024,SpiceJet,SG 187,Bombardier Q400,GOI,Goa,HYD,Hyderabad,08:21,08:22,09:36,09:38,75,56,78,0.7179,Family,1,2,On Time,,,2420,135520
FL00635,03-02-2024,Air India Express,IX 279,Boeing 737-8,BOM,Mumbai,HYD,Hyderabad,20:57,21:38,22:26,23:16,89,134,189,0.709,Leisure,41,50,Delayed,Late Arrival of Aircraft,,3520,471680
FL00643,03-02-2024,Akasa Air,QP 265,Boeing 737 MAX 8,GOI,Goa,HYD,Hyderabad,22:06,22:13,23:34,23:48,88,151,189,0.7989,Leisure,7,14,On Time,,,2420,365420
FL00759,03-02-2024,SpiceJet,SG 300,Bombardier Q400,BLR,Bengaluru,CCU,Kolkata,18:59,19:30,21:45,22:20,166,67,78,0.859,Leisure,31,35,Delayed,Late Arrival of Aircraft,,6820,456940
FL01206,03-02-2024,IndiGo,6E 269,ATR 72,PNQ,Pune,GOI,Goa,14:26,14:29,15:25,15:25,59,45,70,0.6429,Business,3,0,On Time,,,1800,81000
FL01442,03-02-2024,IndiGo,6E 483,ATR 72,GAU,Guwahati,CCU,Kolkata,15:54,15:57,17:16,17:26,82,54,70,0.7714,Business,3,10,On Time,,,2580,139320
FL02447,03-02-2024,Air India Express,IX 781,Boeing 737-8,PNQ,Pune,BLR,Bengaluru,07:47,07:54,09:13,09:21,86,121,189,0.6402,Student,7,8,On Time,,,3430,415030
FL02774,03-02-2024,IndiGo,6E 857,ATR 72,NAG,Nagpur,AMD,Ahmedabad,19:19,19:21,20:55,20:55,96,54,70,0.7714,Student,2,0,On Time,,,3960,213840
FL03531,03-02-2024,Akasa Air,QP 214,Boeing 737 MAX 8,PNQ,Pune,BLR,Bengaluru,19:47,,21:12,,85,0,189,0,Leisure,0,0,Cancelled,,Technical Issue,2640,0
FL04541,03-02-2024,Akasa Air,QP 473,Boeing 737 MAX 8,CJB,Coimbatore,COK,Kochi,06:00,06:04,06:48,06:51,48,137,189,0.7249,Leisure,4,3,On Time,,,1800,246600
FL04738,03-02-2024,Air India,AI 403,Airbus A321,BOM,Mumbai,GAU,Guwahati,14:00,14:08,17:29,17:40,209,173,190,0.9105,Family,8,11,On Time,,,13270,2295710
FL00732,04-02-2024,IndiGo,6E 694,Airbus A321neo,LKO,Lucknow,AMD,Ahmedabad,08:35,08:37,10:24,10:24,109,159,220,0.7227,Business,2,0,On Time,,,4520,718680
FL00821,04-02-2024,SpiceJet,SG 315,Boeing 737-800,AMD,Ahmedabad,DEL,Delhi,19:44,19:51,21:21,21:30,97,150,189,0.7937,Leisure,7,9,On Time,,,3400,510000
FL00988,04-02-2024,SpiceJet,SG 368,Boeing 737-800,HYD,Hyderabad,GOI,Goa,21:12,21:16,22:16,22:16,64,137,189,0.7249,Family,4,0,On Time,,,2870,393190
FL01486,04-02-2024,Air India,AI 697,Airbus A320,LKO,Lucknow,GOI,Goa,08:50,08:53,11:22,11:29,152,139,174,0.7989,Business,3,7,On Time,,,8630,1199570
FL01669,04-02-2024,Air India,AI 784,Boeing 787-8,BLR,Bengaluru,DEL,Delhi,14:42,14:50,17:36,17:45,174,197,256,0.7695,Leisure,8,9,On Time,,,9680,1906960
FL01732,04-02-2024,IndiGo,6E 732,Airbus A321neo,CCU,Kolkata,GOI,Goa,21:09,21:10,00:09,00:09,180,143,220,0.65,Senior Citizen,1,0,On Time,,,9240,1321320
FL02476,04-02-2024,Air India Express,IX 789,Boeing 737-800,CCU,Kolkata,HYD,Hyderabad,08:18,08:24,10:29,10:39,131,138,180,0.7667,Family,6,10,On Time,,,5950,821100
FL02493,04-02-2024,Air India,AI 310,Airbus A321,GOI,Goa,BOM,Mumbai,14:32,15:47,15:33,16:28,61,168,190,0.8842,Leisure,75,55,Delayed,Security,,2240,376320
FL00292,05-02-2024,Akasa Air,QP 163,Boeing 737 MAX 8,MAA,Chennai,CCU,Kolkata,15:47,18:24,18:13,20:53,146,116,189,0.6138,Senior Citizen,157,160,Delayed,Other,,6450,748200
FL00424,05-02-2024,IndiGo,6E 476,ATR 72,DEL,Delhi,BOM,Mumbai,12:45,12:54,14:50,15:04,125,40,70,0.5714,Leisure,9,14,On Time,,,4360,174400
FL01139,05-02-2024,Air India,AI 566,Airbus A321,BOM,Mumbai,NAG,Nagpur,16:49,16:51,18:17,18:17,88,143,190,0.7526,Business,2,0,On Time,,,3540,506220
FL01309,05-02-2024,IndiGo,6E 365,Airbus A321neo,HYD,Hyderabad,CCU,Kolkata,22:20,22:27,00:17,00:27,117,165,220,0.75,Business,7,10,On Time,,,5670,935550
FL02060,05-02-2024,Air India,AI 946,Airbus A320,MAA,Chennai,DEL,Delhi,18:24,18:24,21:22,21:22,178,121,174,0.6954,Leisure,0,0,On Time,,,9190,1111990
FL02362,05-02-2024,Air India,AI 255,Airbus A320,GOI,Goa,BOM,Mumbai,15:06,15:12,16:07,16:14,61,107,174,0.6149,Senior Citizen,6,7,On Time,,,2370,253590
FL03645,05-02-2024,IndiGo,6E 829,Airbus A320neo,HYD,Hyderabad,BLR,Bengaluru,05:05,05:14,06:06,06:09,61,136,180,0.7556,Leisure,9,3,On Time,,,2450,333200
FL04354,05-02-2024,IndiGo,6E 546,Airbus A321neo,AMD,Ahmedabad,MAA,Chennai,15:30,15:31,18:00,18:02,150,136,220,0.6182,Leisure,1,2,On Time,,,6160,837760
FL04412,05-02-2024,IndiGo,6E 593,Airbus A320neo,HYD,Hyderabad,COK,Kochi,08:10,08:14,09:59,10:12,109,104,180,0.5778,Family,4,13,On Time,,,3620,376480
FL00273,06-02-2024,Air India,AI 169,Boeing 787-8,GOI,Goa,CJB,Coimbatore,09:18,09:27,10:31,10:45,73,199,256,0.7773,Business,9,14,On Time,,,3390,674610
FL01157,06-02-2024,SpiceJet,SG 411,Bombardier Q400,MAA,Chennai,CCU,Kolkata,06:26,06:34,08:49,08:58,143,66,78,0.8462,Leisure,8,9,On Time,,,6750,445500
FL02506,06-02-2024,IndiGo,6E 605,Airbus A320neo,AMD,Ahmedabad,PNQ,Pune,06:05,06:07,07:20,07:25,75,123,180,0.6833,Leisure,2,5,On Time,,,2290,281670
FL03680,06-02-2024,IndiGo,6E 854,Airbus A320neo,AMD,Ahmedabad,DEL,Delhi,10:03,10:03,11:37,11:37,94,71,180,0.3944,Family,0,0,On Time,,,2720,193120
FL04636,06-02-2024,Air India Express,IX 596,Boeing 737-800,DEL,Delhi,HYD,Hyderabad,05:04,,07:24,,140,0,180,0,Family,0,0,Cancelled,,Operational Issue,5450,0
FL04942,06-02-2024,SpiceJet,SG 461,Bombardier Q400,BLR,Bengaluru,MAA,Chennai,06:11,06:15,07:07,07:11,56,59,78,0.7564,Family,4,4,On Time,,,1800,106200
FL00449,07-02-2024,IndiGo,6E 499,Airbus A321neo,CCU,Kolkata,AMD,Ahmedabad,14:58,15:02,17:43,17:47,165,161,220,0.7318,Leisure,4,4,On Time,,,8240,1326640
FL01900,07-02-2024,SpiceJet,SG 535,Boeing 737-800,NAG,Nagpur,COK,Kochi,17:51,20:07,20:06,22:12,135,142,189,0.7513,Leisure,136,126,Delayed,Technical Issue,,5150,731300
FL02823,07-02-2024,IndiGo,6E 894,Airbus A320neo,HYD,Hyderabad,BLR,Bengaluru,11:21,11:22,12:20,12:22,59,145,180,0.8056,Leisure,1,2,On Time,,,2090,303050
FL03414,07-02-2024,IndiGo,6E 622,ATR 72,BLR,Bengaluru,CJB,Coimbatore,11:32,11:40,12:30,12:41,58,42,70,0.6,Leisure,8,11,On Time,,,1800,75600
FL03977,07-02-2024,IndiGo,6E 252,Airbus A321neo,DEL,Delhi,MAA,Chennai,16:36,16:45,19:46,19:59,190,164,220,0.7455,Leisure,9,13,On Time,,,8720,1430080
FL00271,08-02-2024,Air India Express,IX 192,Boeing 737-800,NAG,Nagpur,JAI,Jaipur,22:05,22:11,23:39,23:44,94,108,180,0.6,Family,6,5,On Time,,,2880,311040
FL00513,08-02-2024,IndiGo,6E 551,Airbus A320neo,MAA,Chennai,PNQ,Pune,12:20,12:27,14:01,14:09,101,129,180,0.7167,Senior Citizen,7,8,On Time,,,4610,594690
FL01244,08-02-2024,Air India Express,IX 456,Boeing 737-8,GOI,Goa,MAA,Chennai,13:18,15:22,14:54,17:01,96,168,189,0.8889,Business,124,127,Delayed,Weather,,3250,546000
FL01726,08-02-2024,IndiGo,6E 730,Airbus A320neo,HYD,Hyderabad,GAU,Guwahati,13:40,13:58,16:38,16:53,178,96,180,0.5333,Family,18,15,Delayed,Late Arrival of Aircraft,,6570,630720
FL00429,09-02-2024,Air India,AI 254,Airbus A321,NAG,Nagpur,BOM,Mumbai,19:58,20:05,21:35,21:46,97,141,190,0.7421,Senior Citizen,7,11,On Time,,,3860,544260
FL02351,09-02-2024,Akasa Air,QP 733,Boeing 737 MAX 8,DEL,Delhi,CCU,Kolkata,07:15,08:40,09:42,11:10,147,143,189,0.7566,Student,85,88,Delayed,Technical Issue,,6220,889460
FL02908,09-02-2024,Air India Express,IX 933,Boeing 737-8,JAI,Jaipur,DEL,Delhi,14:50,14:55,15:35,15:40,45,106,189,0.5608,Family,5,5,On Time,,,1800,190800
FL03138,09-02-2024,IndiGo,6E 378,Airbus A320neo,DEL,Delhi,COK,Kochi,19:56,19:57,23:16,23:16,200,144,180,0.8,Senior Citizen,1,0,On Time,,,9430,1357920
FL03158,09-02-2024,Air India,AI 566,Airbus A320,BLR,Bengaluru,HYD,Hyderabad,06:36,06:38,07:32,07:32,56,129,174,0.7414,Business,2,0,On Time,,,2440,314760
FL03419,09-02-2024,IndiGo,6E 632,ATR 72,HYD,Hyderabad,MAA,Chennai,15:48,15:49,16:53,16:59,65,65,70,0.9286,Leisure,1,6,On Time,,,2900,188500
FL03660,09-02-2024,IndiGo,6E 843,ATR 72,MAA,Chennai,BLR,Bengaluru,11:45,12:58,12:36,13:43,51,62,70,0.8857,Leisure,73,67,Delayed,Air Traffic,,1800,111600
FL00075,10-02-2024,IndiGo,6E 169,Airbus A321neo,CJB,Coimbatore,CCU,Kolkata,21:55,21:57,00:54,00:54,179,153,220,0.6955,Student,2,0,On Time,,,7870,1204110
FL00568,10-02-2024,Akasa Air,QP 235,Boeing 737 MAX 8,BOM,Mumbai,AMD,Ahmedabad,14:14,14:14,15:16,15:16,62,131,189,0.6931,Leisure,0,0,On Time,,,2460,322260
FL01592,10-02-2024,IndiGo,6E 616,Airbus A321neo,AMD,Ahmedabad,DEL,Delhi,15:39,15:48,17:15,17:26,96,140,220,0.6364,Leisure,9,11,On Time,,,3710,519400
FL02194,10-02-2024,IndiGo,6E 327,ATR 72,MAA,Chennai,NAG,Nagpur,07:56,08:01,09:37,09:42,101,46,70,0.6571,Senior Citizen,5,5,On Time,,,3470,159620
FL02259,10-02-2024,IndiGo,6E 378,Airbus A321neo,AMD,Ahmedabad,BLR,Bengaluru,19:31,21:42,21:47,23:53,136,168,220,0.7636,Leisure,131,126,Delayed,Ground Operations,,5300,890400
FL03185,10-02-2024,Air India,AI 579,Airbus A321,HYD,Hyderabad,CJB,Coimbatore,05:50,05:59,07:17,07:22,87,116,190,0.6105,Student,9,5,On Time,,,3600,417600
FL03765,10-02-2024,Air India Express,IX 342,Boeing 737-800,HYD,Hyderabad,CJB,Coimbatore,08:02,08:11,09:31,09:45,89,134,180,0.7444,Student,9,14,On Time,,,3160,423440
FL04324,10-02-2024,IndiGo,6E 516,ATR 72,PNQ,Pune,GOI,Goa,13:23,13:25,14:16,14:16,53,51,70,0.7286,Business,2,0,On Time,,,1880,95880
FL04327,10-02-2024,IndiGo,6E 517,Airbus A320neo,CCU,Kolkata,HYD,Hyderabad,15:37,15:44,17:55,18:00,138,130,180,0.7222,Senior Citizen,7,5,On Time,,,6680,868400
FL01230,11-02-2024,Air India Express,IX 451,Boeing 737-8,MAA,Chennai,BLR,Bengaluru,22:03,22:04,22:57,23:00,54,152,189,0.8042,Family,1,3,On Time,,,1800,273600
FL01394,11-02-2024,Air India,AI 671,Airbus A320,BOM,Mumbai,CCU,Kolkata,19:53,19:58,22:40,22:46,167,153,174,0.8793,Leisure,5,6,On Time,,,8750,1338750
FL01491,11-02-2024,IndiGo,6E 535,Airbus A321neo,BLR,Bengaluru,AMD,Ahmedabad,14:15,14:20,16:27,16:34,132,186,220,0.8455,Business,5,7,On Time,,,7110,1322460
FL02925,11-02-2024,SpiceJet,SG 771,Boeing 737-800,JAI,Jaipur,CCU,Kolkata,15:27,17:46,17:47,20:12,140,127,189,0.672,Family,139,145,Delayed,Air Traffic,,6370,808990
FL00735,12-02-2024,IndiGo,6E 695,ATR 72,BOM,Mumbai,AMD,Ahmedabad,11:18,13:56,12:23,14:31,65,38,70,0.5429,Business,158,128,Delayed,Technical Issue,,1880,71440
FL02242,12-02-2024,IndiGo,6E 364,Airbus A321neo,BLR,Bengaluru,CJB,Coimbatore,05:41,05:49,06:35,06:43,54,137,220,0.6227,Student,8,8,On Time,,,1800,246600
FL02803,12-02-2024,IndiGo,6E 878,Airbus A321neo,HYD,Hyderabad,COK,Kochi,20:58,21:05,22:44,22:56,106,151,220,0.6864,Family,7,12,On Time,,,3890,587390
FL02987,12-02-2024,SpiceJet,SG 779,Boeing 737-800,NAG,Nagpur,CCU,Kolkata,18:31,18:32,20:25,20:25,114,154,189,0.8148,Family,1,0,On Time,,,4470,688380
FL03705,12-02-2024,IndiGo,6E 889,Airbus A321neo,MAA,Chennai,GOI,Goa,14:22,14:26,16:00,16:08,98,138,220,0.6273,Business,4,8,On Time,,,3250,448500
FL03814,12-02-2024,Air India Express,IX 365,Boeing 737-800,CJB,Coimbatore,DEL,Delhi,12:18,12:19,15:42,15:42,204,121,180,0.6722,Family,1,0,On Time,,,8570,1036970
FL04208,12-02-2024,SpiceJet,SG 266,Boeing 737-800,MAA,Chennai,BOM,Mumbai,22:16,22:21,00:08,00:15,112,121,189,0.6402,Student,5,7,On Time,,,4480,542080
FL01001,13-02-2024,Akasa Air,QP 372,Boeing 737 MAX 8,MAA,Chennai,COK,Kochi,11:37,11:40,12:56,12:59,79,145,189,0.7672,Senior Citizen,3,3,On Time,,,2440,353800
FL03208,13-02-2024,SpiceJet,SG 818,Bombardier Q400,HYD,Hyderabad,MAA,Chennai,15:10,15:16,16:20,16:21,70,51,78,0.6538,Student,6,1,On Time,,,2230,113730
FL03307,13-02-2024,SpiceJet,SG 856,Boeing 737-800,AMD,Ahmedabad,DEL,Delhi,05:09,05:17,06:46,06:49,97,115,189,0.6085,Family,8,3,On Time,,,2970,341550
FL03636,13-02-2024,IndiGo,6E 817,Airbus A320neo,MAA,Chennai,GOI,Goa,12:08,12:10,13:43,13:45,95,104,180,0.5778,Business,2,2,On Time,,,3270,340080
FL00018,14-02-2024,Akasa Air,QP 102,Boeing 737 MAX 8,MAA,Chennai,JAI,Jaipur,09:45,09:54,12:37,12:51,172,159,189,0.8413,Family,9,14,On Time,,,8140,1294260
FL01402,14-02-2024,Air India,AI 674,Airbus A320,BLR,Bengaluru,BOM,Mumbai,13:39,13:45,15:21,15:33,102,96,174,0.5517,Family,6,12,On Time,,,3580,343680
FL01444,14-02-2024,IndiGo,6E 488,Airbus A321neo,GOI,Goa,AMD,Ahmedabad,18:53,18:55,20:28,20:30,95,157,220,0.7136,Business,2,2,On Time,,,4440,697080
FL03144,14-02-2024,Akasa Air,QP 928,Boeing 737 MAX 8,HYD,Hyderabad,MAA,Chennai,21:15,22:22,22:27,23:30,72,127,189,0.672,Leisure,67,63,Delayed,Weather,,2220,281940
FL03316,14-02-2024,IndiGo,6E 528,ATR 72,CCU,Kolkata,LKO,Lucknow,21:58,21:58,23:39,23:40,101,56,70,0.8,Leisure,0,1,On Time,,,4120,230720
FL01899,15-02-2024,IndiGo,6E 876,Airbus A321neo,COK,Kochi,AMD,Ahmedabad,18:57,18:59,21:42,21:43,165,168,220,0.7636,Senior Citizen,2,1,On Time,,,7130,1197840
FL02848,15-02-2024,Akasa Air,QP 848,Boeing 737 MAX 8,BLR,Bengaluru,NAG,Nagpur,17:24,17:28,19:06,19:08,102,138,189,0.7302,Student,4,2,On Time,,,4000,552000
FL03032,15-02-2024,IndiGo,6E 286,ATR 72,HYD,Hyderabad,PNQ,Pune,05:09,05:14,06:23,06:25,74,45,70,0.6429,Business,5,2,On Time,,,2460,110700
FL04292,15-02-2024,IndiGo,6E 498,ATR 72,LKO,Lucknow,BOM,Mumbai,09:26,09:30,11:40,11:44,134,53,70,0.7571,Business,4,4,On Time,,,5350,283550
FL04759,15-02-2024,IndiGo,6E 862,ATR 72,DEL,Delhi,GAU,Guwahati,19:25,19:33,22:00,22:09,155,45,70,0.6429,Student,8,9,On Time,,,7220,324900
FL00259,16-02-2024,IndiGo,6E 345,ATR 72,MAA,Chennai,BLR,Bengaluru,05:05,07:05,05:55,07:31,50,57,70,0.8143,Student,120,96,Delayed,Late Arrival of Aircraft,,1800,102600
FL00728,16-02-2024,Air India,AI 392,Boeing 787-8,HYD,Hyderabad,BLR,Bengaluru,14:17,15:34,15:27,17:51,70,182,256,0.7109,Leisure,77,144,Diverted,Weather,,2270,413140
FL01220,16-02-2024,Akasa Air,QP 424,Boeing 737 MAX 8,MAA,Chennai,HYD,Hyderabad,17:51,17:53,19:05,19:11,74,146,189,0.7725,Family,2,6,On Time,,,2620,382520
FL02346,16-02-2024,IndiGo,6E 452,Airbus A321neo,CCU,Kolkata,PNQ,Pune,18:01,19:22,20:43,21:58,162,115,220,0.5227,Family,81,75,Delayed,Weather,,6980,802700
FL02985,16-02-2024,IndiGo,6E 241,Airbus A321neo,GOI,Goa,BOM,Mumbai,09:53,09:58,11:01,11:12,68,161,220,0.7318,Family,5,11,On Time,,,2070,333270
FL00681,17-02-2024,Air India,AI 364,Airbus A320,LKO,Lucknow,BOM,Mumbai,08:47,11:31,10:58,13:45,131,140,174,0.8046,Family,164,167,Delayed,Crew,,6880,963200
FL01156,17-02-2024,IndiGo,6E 228,Airbus A320neo,BOM,Mumbai,BLR,Bengaluru,17:01,17:08,18:44,18:49,103,167,180,0.9278,Family,7,5,On Time,,,4720,788240
FL01482,17-02-2024,Air India Express,IX 508,Boeing 737-800,MAA,Chennai,PNQ,Pune,19:14,19:36,21:02,21:24,108,154,180,0.8556,Business,22,22,Delayed,Technical Issue,,4530,697620
FL02197,17-02-2024,IndiGo,6E 331,Airbus A320neo,BOM,Mumbai,CCU,Kolkata,18:16,18:21,21:09,21:16,173,93,180,0.5167,Family,5,7,On Time,,,7540,701220
FL02228,17-02-2024,Air India,AI 200,Boeing 787-8,HYD,Hyderabad,BLR,Bengaluru,17:44,17:46,18:48,18:55,64,199,256,0.7773,Business,2,7,On Time,,,2280,453720
FL02322,17-02-2024,IndiGo,6E 425,Airbus A320neo,DEL,Delhi,CCU,Kolkata,06:58,07:03,09:23,09:25,145,119,180,0.6611,Leisure,5,2,On Time,,,6380,759220
FL02419,17-02-2024,Air India Express,IX 774,Boeing 737-8,MAA,Chennai,COK,Kochi,18:36,18:39,19:50,19:50,74,124,189,0.6561,Family,3,0,On Time,,,2080,257920
FL04235,17-02-2024,IndiGo,6E 452,Airbus A320neo,BOM,Mumbai,HYD,Hyderabad,05:26,05:29,06:50,06:50,84,139,180,0.7722,Business,3,0,On Time,,,3280,455920
FL04333,17-02-2024,IndiGo,6E 525,Airbus A320neo,HYD,Hyderabad,GOI,Goa,12:42,12:42,13:59,14:01,77,159,180,0.8833,Leisure,0,2,On Time,,,2750,437250
FL02340,18-02-2024,Air India Express,IX 758,Boeing 737-8,GAU,Guwahati,BLR,Bengaluru,08:34,08:37,11:55,11:56,201,121,189,0.6402,Senior Citizen,3,1,On Time,,,8590,1039390
FL02342,18-02-2024,SpiceJet,SG 636,Boeing 737-800,BLR,Bengaluru,NAG,Nagpur,06:04,06:11,07:53,07:55,109,136,189,0.7196,Leisure,7,2,On Time,,,4390,597040
FL02427,18-02-2024,Air India Express,IX 777,Boeing 737-800,CJB,Coimbatore,AMD,Ahmedabad,13:15,13:23,15:54,16:00,159,144,180,0.8,Leisure,8,6,On Time,,,6200,892800
FL03401,18-02-2024,IndiGo,6E 607,Airbus A321neo,CCU,Kolkata,DEL,Delhi,15:40,15:46,18:12,18:19,152,136,220,0.6182,Family,6,7,On Time,,,5700,775200
FL03955,18-02-2024,SpiceJet,SG 205,Bombardier Q400,MAA,Chennai,AMD,Ahmedabad,19:32,21:26,21:51,23:45,139,70,78,0.8974,Family,114,114,Delayed,Late Arrival of Aircraft,,6760,473200
FL04352,18-02-2024,Akasa Air,QP 435,Boeing 737 MAX 8,CCU,Kolkata,DEL,Delhi,11:42,13:50,14:07,16:40,145,136,189,0.7196,Business,128,153,Delayed,Technical Issue,,6030,820080
FL01116,19-02-2024,Air India,AI 561,Boeing 787-8,GOI,Goa,BOM,Mumbai,19:29,20:25,20:23,20:56,54,155,256,0.6055,Leisure,56,33,Delayed,Ground Operations,,2080,322400
FL01535,19-02-2024,IndiGo,6E 578,Airbus A320neo,MAA,Chennai,CCU,Kolkata,14:54,16:44,17:24,19:28,150,135,180,0.75,Family,110,124,Delayed,Air Traffic,,6740,909900
FL02668,19-02-2024,Air India Express,IX 856,Boeing 737-8,HYD,Hyderabad,AMD,Ahmedabad,10:22,10:26,12:13,12:13,111,153,189,0.8095,Business,4,0,On Time,,,4520,691560
FL03157,19-02-2024,IndiGo,6E 396,Airbus A320neo,LKO,Lucknow,BLR,Bengaluru,10:18,10:22,13:05,13:09,167,122,180,0.6778,Leisure,4,4,On Time,,,5760,702720
FL04189,19-02-2024,Air India Express,IX 456,Boeing 737-8,AMD,Ahmedabad,CJB,Coimbatore,06:02,06:02,08:36,08:39,154,124,189,0.6561,Senior Citizen,0,3,On Time,,,6090,755160
FL04256,19-02-2024,SpiceJet,SG 279,Bombardier Q400,BLR,Bengaluru,HYD,Hyderabad,11:07,11:12,12:20,12:33,73,67,78,0.859,Business,5,13,On Time,,,2350,157450
FL04336,19-02-2024,IndiGo,6E 531,Airbus A320neo,JAI,Jaipur,DEL,Delhi,21:41,21:46,22:29,22:35,48,116,180,0.6444,Leisure,5,6,On Time,,,1800,208800
FL04551,19-02-2024,IndiGo,6E 706,Airbus A321neo,GAU,Guwahati,LKO,Lucknow,18:07,18:07,20:09,20:09,122,132,220,0.6,Family,0,0,On Time,,,5150,679800
FL04725,19-02-2024,IndiGo,6E 836,Airbus A320neo,COK,Kochi,GOI,Goa,07:50,,09:19,,89,0,180,0,Business,0,0,Cancelled,,Technical Issue,3010,0
FL00917,20-02-2024,Air India,AI 468,Boeing 787-8,GOI,Goa,CCU,Kolkata,12:53,14:01,15:48,17:14,175,203,256,0.793,Family,68,86,Delayed,Ground Operations,,8050,1634150
FL01766,20-02-2024,IndiGo,6E 760,Airbus A321neo,PNQ,Pune,BLR,Bengaluru,19:16,19:23,20:49,20:59,93,149,220,0.6773,Family,7,10,On Time,,,3400,506600
FL01826,20-02-2024,IndiGo,6E 812,Airbus A320neo,COK,Kochi,DEL,Delhi,05:17,05:25,08:58,09:04,221,127,180,0.7056,Family,8,6,On Time,,,9310,1182370
FL01908,20-02-2024,Akasa Air,QP 618,Boeing 737 MAX 8,GOI,Goa,PNQ,Pune,13:21,14:54,14:18,15:50,57,152,189,0.8042,Family,93,92,Delayed,Weather,,1870,284240
FL01994,20-02-2024,IndiGo,6E 950,Airbus A321neo,CCU,Kolkata,HYD,Hyderabad,13:59,14:02,16:11,16:17,132,131,220,0.5955,Family,3,6,On Time,,,5800,759800
FL02390,20-02-2024,Akasa Air,QP 740,Boeing 737 MAX 8,BLR,Bengaluru,MAA,Chennai,14:45,14:45,15:38,15:42,53,143,189,0.7566,Business,0,4,On Time,,,1800,257400
FL03263,20-02-2024,IndiGo,6E 493,ATR 72,JAI,Jaipur,DEL,Delhi,21:34,21:37,22:21,22:27,47,51,70,0.7286,Leisure,3,6,On Time,,,1800,91800
FL03310,20-02-2024,IndiGo,6E 522,ATR 72,CJB,Coimbatore,BLR,Bengaluru,05:27,05:30,06:18,06:18,51,63,70,0.9,Student,3,0,On Time,,,1800,113400
FL03986,20-02-2024,IndiGo,6E 255,Airbus A321neo,AMD,Ahmedabad,LKO,Lucknow,11:10,11:11,12:56,12:56,106,147,220,0.6682,Business,1,0,On Time,,,4630,680610
FL04158,20-02-2024,Akasa Air,QP 381,Boeing 737 MAX 8,BOM,Mumbai,HYD,Hyderabad,09:14,09:14,10:42,10:42,88,172,189,0.9101,Business,0,0,On Time,,,3390,583080
FL04218,20-02-2024,Air India Express,IX 462,Boeing 737-8,CJB,Coimbatore,AMD,Ahmedabad,17:08,17:52,19:42,20:23,154,125,189,0.6614,Leisure,44,41,Delayed,Ground Operations,,6100,762500
FL04745,20-02-2024,SpiceJet,SG 425,Boeing 737-800,GOI,Goa,COK,Kochi,20:02,20:10,21:24,21:32,82,146,189,0.7725,Family,8,8,On Time,,,3070,448220
FL04972,20-02-2024,Air India Express,IX 675,Boeing 737-800,BOM,Mumbai,DEL,Delhi,21:14,21:19,23:13,23:14,119,139,180,0.7722,Student,5,1,On Time,,,5280,733920
FL00511,21-02-2024,Air India,AI 284,Airbus A321,BOM,Mumbai,BLR,Bengaluru,13:41,13:47,15:21,15:27,100,148,190,0.7789,Business,6,6,On Time,,,4680,692640
FL02765,21-02-2024,Air India,AI 416,Airbus A321,PNQ,Pune,BOM,Mumbai,07:56,08:04,08:41,08:49,45,135,190,0.7105,Student,8,8,On Time,,,1800,243000
FL03941,21-02-2024,Akasa Air,QP 311,Boeing 737 MAX 8,BOM,Mumbai,COK,Kochi,08:09,10:10,10:13,12:17,124,154,189,0.8148,Family,121,124,Delayed,Late Arrival of Aircraft,,5150,793100
FL01768,22-02-2024,Akasa Air,QP 583,Boeing 737 MAX 8,MAA,Chennai,AMD,Ahmedabad,14:21,16:54,16:44,19:30,143,129,189,0.6825,Senior Citizen,153,166,Delayed,Technical Issue,,5990,772710
FL01807,22-02-2024,Air India,AI 842,Airbus A320,CCU,Kolkata,MAA,Chennai,12:38,15:34,14:57,17:44,139,125,174,0.7184,Business,176,167,Delayed,Technical Issue,,7080,885000
FL03580,22-02-2024,IndiGo,6E 779,Airbus A320neo,BOM,Mumbai,AMD,Ahmedabad,06:47,06:49,07:56,07:56,69,143,180,0.7944,Leisure,2,0,On Time,,,2090,298870
FL04089,22-02-2024,Air India,AI 945,Airbus A321,CCU,Kolkata,MAA,Chennai,11:23,11:47,13:48,14:03,145,111,190,0.5842,Student,24,15,Delayed,Late Arrival of Aircraft,,6030,669330
FL04837,22-02-2024,Air India,AI 454,Airbus A321,BOM,Mumbai,GOI,Goa,16:11,18:33,17:16,19:28,65,142,190,0.7474,Leisure,142,132,Delayed,Late Arrival of Aircraft,,2410,342220
FL01966,23-02-2024,IndiGo,6E 919,Airbus A320neo,COK,Kochi,BOM,Mumbai,05:57,06:05,08:05,08:15,128,118,180,0.6556,Business,8,10,On Time,,,5780,682040
FL02792,23-02-2024,IndiGo,6E 869,Airbus A320neo,MAA,Chennai,CJB,Coimbatore,13:02,13:06,14:06,14:12,64,153,180,0.85,Leisure,4,6,On Time,,,2080,318240
FL03397,23-02-2024,IndiGo,6E 601,ATR 72,CCU,Kolkata,LKO,Lucknow,18:30,18:36,20:10,20:10,100,60,70,0.8571,Leisure,6,0,On Time,,,4650,279000
FL04293,23-02-2024,Air India,AI 243,Airbus A320,AMD,Ahmedabad,BOM,Mumbai,16:00,16:03,17:07,17:11,67,108,174,0.6207,Leisure,3,4,On Time,,,1930,208440
FL04580,23-02-2024,IndiGo,6E 734,Airbus A320neo,DEL,Delhi,LKO,Lucknow,07:30,07:30,08:30,08:39,60,110,180,0.6111,Leisure,0,9,On Time,,,2030,223300
FL04776,23-02-2024,IndiGo,6E 878,Airbus A320neo,BOM,Mumbai,HYD,Hyderabad,07:50,08:55,09:14,10:10,84,138,180,0.7667,Senior Citizen,65,56,Delayed,Other,,3160,436080
FL02583,24-02-2024,Air India,AI 356,Boeing 787-8,BOM,Mumbai,AMD,Ahmedabad,08:01,08:02,09:14,09:18,73,131,256,0.5117,Family,1,4,On Time,,,1850,242350
FL03169,24-02-2024,Air India,AI 569,Airbus A321,BLR,Bengaluru,BOM,Mumbai,18:52,18:56,20:34,20:35,102,141,190,0.7421,Business,4,1,On Time,,,4820,679620
FL03435,24-02-2024,Akasa Air,QP 986,Boeing 737 MAX 8,GOI,Goa,BOM,Mumbai,07:03,07:08,08:03,08:05,60,133,189,0.7037,Leisure,5,2,On Time,,,2150,285950
FL03975,24-02-2024,IndiGo,6E 250,ATR 72,HYD,Hyderabad,DEL,Delhi,16:01,16:01,18:14,18:14,133,47,70,0.6714,Business,0,0,On Time,,,4700,220900
FL00794,25-02-2024,SpiceJet,SG 306,Boeing 737-800,BOM,Mumbai,HYD,Hyderabad,13:24,13:28,14:49,14:50,85,162,189,0.8571,Business,4,1,On Time,,,3170,513540
FL01428,25-02-2024,IndiGo,6E 470,ATR 72,HYD,Hyderabad,NAG,Nagpur,05:58,06:04,06:56,06:58,58,45,70,0.6429,Business,6,2,On Time,,,2110,94950
FL01790,25-02-2024,IndiGo,6E 788,Airbus A320neo,JAI,Jaipur,CCU,Kolkata,09:10,10:40,11:43,13:13,153,102,180,0.5667,Leisure,90,90,Delayed,Air Traffic,,6080,620160
FL01958,25-02-2024,IndiGo,6E 910,Airbus A321neo,CCU,Kolkata,GAU,Guwahati,18:37,18:45,19:54,20:07,77,167,220,0.7591,Leisure,8,13,On Time,,,2270,379090
FL03778,25-02-2024,Akasa Air,QP 272,Boeing 737 MAX 8,GOI,Goa,CCU,Kolkata,14:22,16:44,17:21,19:34,179,152,189,0.8042,Family,142,133,Delayed,Air Traffic,,8300,1261600
FL04679,25-02-2024,IndiGo,6E 802,Airbus A320neo,MAA,Chennai,DEL,Delhi,11:18,11:47,14:23,18:14,185,115,180,0.6389,Business,29,231,Diverted,Security,,8580,986700
FL02312,26-02-2024,Air India,AI 228,Airbus A321,BLR,Bengaluru,LKO,Lucknow,18:54,19:46,21:35,22:30,161,112,190,0.5895,Family,52,55,Delayed,Crew,,7010,785120
FL03009,26-02-2024,Akasa Air,QP 897,Boeing 737 MAX 8,JAI,Jaipur,HYD,Hyderabad,10:26,10:28,12:23,12:27,117,129,189,0.6825,Leisure,2,4,On Time,,,4610,594690
FL03261,26-02-2024,IndiGo,6E 488,Airbus A321neo,HYD,Hyderabad,AMD,Ahmedabad,05:53,05:54,07:45,07:46,112,123,220,0.5591,Leisure,1,1,On Time,,,3620,445260
FL04578,26-02-2024,IndiGo,6E 729,ATR 72,PNQ,Pune,LKO,Lucknow,13:10,13:15,15:15,15:21,125,38,70,0.5429,Leisure,5,6,On Time,,,4350,165300
FL00548,27-02-2024,IndiGo,6E 572,Airbus A320neo,PNQ,Pune,DEL,Delhi,06:03,06:04,08:17,08:24,134,138,180,0.7667,Leisure,1,7,On Time,,,6510,898380
FL01376,27-02-2024,IndiGo,6E 432,Airbus A321neo,BLR,Bengaluru,BOM,Mumbai,14:11,14:20,15:44,15:49,93,167,220,0.7591,Student,9,5,On Time,,,3520,587840
FL02324,27-02-2024,IndiGo,6E 429,Airbus A320neo,NAG,Nagpur,BOM,Mumbai,20:49,20:56,22:20,22:28,91,123,180,0.6833,Family,7,8,On Time,,,3170,389910
FL02754,27-02-2024,IndiGo,6E 833,Airbus A320neo,JAI,Jaipur,PNQ,Pune,16:04,16:20,17:59,17:59,115,123,180,0.6833,Family,16,0,Delayed,Air Traffic,,4860,597780
FL03186,27-02-2024,IndiGo,6E 420,Airbus A321neo,NAG,Nagpur,BOM,Mumbai,09:17,09:18,10:39,10:39,82,138,220,0.6273,Family,1,0,On Time,,,2890,398820
FL03993,27-02-2024,Air India,AI 910,Airbus A321,BOM,Mumbai,PNQ,Pune,06:24,06:26,07:19,07:20,55,138,190,0.7263,Leisure,2,1,On Time,,,1800,248400
FL04191,27-02-2024,IndiGo,6E 415,Airbus A321neo,MAA,Chennai,PNQ,Pune,17:57,17:58,19:41,19:42,104,135,220,0.6136,Business,1,1,On Time,,,3680,496800
FL01567,28-02-2024,Air India,AI 742,Airbus A320,COK,Kochi,BLR,Bengaluru,14:23,14:50,15:29,15:51,66,160,174,0.9195,Family,27,22,Delayed,Late Arrival of Aircraft,,2160,345600
FL03860,28-02-2024,Akasa Air,QP 290,Boeing 737 MAX 8,BLR,Bengaluru,BOM,Mumbai,09:20,09:27,11:01,11:09,101,137,189,0.7249,Leisure,7,8,On Time,,,3970,543890
FL04778,28-02-2024,IndiGo,6E 880,Airbus A321neo,PNQ,Pune,MAA,Chennai,20:00,20:04,21:53,21:59,113,161,220,0.7318,Leisure,4,6,On Time,,,4430,713230
FL00140,29-02-2024,IndiGo,6E 230,Airbus A320neo,JAI,Jaipur,MAA,Chennai,15:33,15:33,18:29,18:29,176,71,180,0.3944,Senior Citizen,0,0,On Time,,,6430,456530
FL02631,29-02-2024,IndiGo,6E 712,Airbus A320neo,CCU,Kolkata,BOM,Mumbai,16:03,16:11,18:53,18:56,170,135,180,0.75,Leisure,8,3,On Time,,,7820,1055700
FL03656,29-02-2024,IndiGo,6E 842,ATR 72,BLR,Bengaluru,BOM,Mumbai,06:03,06:08,07:41,07:50,98,51,70,0.7286,Student,5,9,On Time,,,4320,220320
FL04664,29-02-2024,Air India,AI 374,Boeing 787-8,JAI,Jaipur,BOM,Mumbai,19:50,19:55,21:34,21:44,104,172,256,0.6719,Family,5,10,On Time,,,4270,734440
FL00123,01-03-2024,IndiGo,6E 213,Airbus A320neo,MAA,Chennai,BLR,Bengaluru,05:26,05:28,06:20,06:20,54,136,180,0.7556,Business,2,0,On Time,,,1800,244800
FL00339,01-03-2024,IndiGo,6E 408,Airbus A320neo,JAI,Jaipur,DEL,Delhi,06:26,06:28,07:15,07:21,49,134,180,0.7444,Family,2,6,On Time,,,1800,241200
FL00561,01-03-2024,IndiGo,6E 583,ATR 72,NAG,Nagpur,BOM,Mumbai,12:32,12:32,13:56,13:56,84,56,70,0.8,Student,0,0,On Time,,,3790,212240
FL00628,01-03-2024,IndiGo,6E 619,Airbus A320neo,GOI,Goa,BOM,Mumbai,13:22,13:23,14:27,14:29,65,152,180,0.8444,Student,1,2,On Time,,,2120,322240
FL00664,01-03-2024,Akasa Air,QP 272,Boeing 737 MAX 8,BOM,Mumbai,CCU,Kolkata,17:18,17:18,20:12,20:12,174,131,189,0.6931,Student,0,0,On Time,,,8120,1063720
FL03005,01-03-2024,Air India,AI 502,Airbus A321,GOI,Goa,BLR,Bengaluru,06:01,06:07,07:09,07:12,68,128,190,0.6737,Leisure,6,3,On Time,,,2540,325120
FL03097,01-03-2024,IndiGo,6E 337,Airbus A320neo,DEL,Delhi,GAU,Guwahati,18:03,19:48,20:44,22:32,161,157,180,0.8722,Business,105,108,Delayed,Late Arrival of Aircraft,,7930,1245010
FL03751,01-03-2024,Air India Express,IX 339,Boeing 737-8,AMD,Ahmedabad,MAA,Chennai,19:03,19:12,21:29,21:38,146,143,189,0.7566,Leisure,9,9,On Time,,,6080,869440
FL04291,01-03-2024,SpiceJet,SG 286,Boeing 737-800,MAA,Chennai,DEL,Delhi,20:42,20:49,23:39,23:51,177,129,189,0.6825,Leisure,7,12,On Time,,,8180,1055220
FL04521,01-03-2024,IndiGo,6E 678,ATR 72,GAU,Guwahati,AMD,Ahmedabad,08:07,09:08,11:16,12:05,189,41,70,0.5857,Family,61,49,Delayed,Ground Operations,,8260,338660
FL01183,02-03-2024,Air India,AI 579,Airbus A321,GOI,Goa,AMD,Ahmedabad,21:21,21:22,23:01,23:01,100,150,190,0.7895,Leisure,1,0,On Time,,,5870,880500
FL02938,02-03-2024,IndiGo,6E 996,ATR 72,BLR,Bengaluru,MAA,Chennai,20:47,23:02,21:38,00:09,51,54,70,0.7714,Leisure,135,151,Delayed,Technical Issue,,1800,97200
FL03319,02-03-2024,Akasa Air,QP 958,Boeing 737 MAX 8,HYD,Hyderabad,BOM,Mumbai,20:46,20:54,22:12,22:16,86,157,189,0.8307,Student,8,4,On Time,,,3230,507110
FL03781,02-03-2024,IndiGo,6E 935,ATR 72,COK,Kochi,PNQ,Pune,10:46,10:49,12:40,12:40,114,58,70,0.8286,Leisure,3,0,On Time,,,4490,260420
FL00098,03-03-2024,SpiceJet,SG 130,Bombardier Q400,PNQ,Pune,BLR,Bengaluru,16:26,16:31,18:05,18:09,99,63,78,0.8077,Leisure,5,4,On Time,,,3030,190890
FL00364,03-03-2024,Air India Express,IX 220,Boeing 737-800,GAU,Guwahati,BOM,Mumbai,15:31,15:33,18:57,19:01,206,133,180,0.7389,Leisure,2,4,On Time,,,8850,1177050
FL01810,03-03-2024,Akasa Air,QP 590,Boeing 737 MAX 8,GOI,Goa,HYD,Hyderabad,15:53,15:57,17:08,17:11,75,126,189,0.6667,Family,4,3,On Time,,,2670,336420
FL03427,03-03-2024,SpiceJet,SG 880,Boeing 737-800,GOI,Goa,MAA,Chennai,21:17,21:21,22:52,22:52,95,109,189,0.5767,Student,4,0,On Time,,,3430,373870
FL03594,03-03-2024,IndiGo,6E 786,Airbus A320neo,MAA,Chennai,COK,Kochi,11:43,,12:55,,72,0,180,0,Leisure,0,0,Cancelled,,Operational Issue,2560,0
FL03981,03-03-2024,Air India,AI 907,Airbus A321,CCU,Kolkata,COK,Kochi,17:59,18:00,21:10,21:10,191,140,190,0.7368,Business,1,0,On Time,,,9940,1391600
FL04707,03-03-2024,IndiGo,6E 822,Airbus A321neo,AMD,Ahmedabad,CJB,Coimbatore,12:45,12:48,15:12,15:15,147,179,220,0.8136,Business,3,3,On Time,,,7930,1419470
FL04855,03-03-2024,Akasa Air,QP 558,Boeing 737 MAX 8,BOM,Mumbai,BLR,Bengaluru,19:14,19:20,20:55,21:09,101,122,189,0.6455,Leisure,6,14,On Time,,,4380,534360
FL01991,04-03-2024,SpiceJet,SG 559,Boeing 737-800,BOM,Mumbai,MAA,Chennai,13:51,14:00,15:44,15:58,113,166,189,0.8783,Family,9,14,On Time,,,4150,688900
FL02216,04-03-2024,IndiGo,6E 345,Airbus A321neo,DEL,Delhi,JAI,Jaipur,11:46,11:47,12:31,12:31,45,160,220,0.7273,Family,1,0,On Time,,,1800,288000
FL02349,04-03-2024,SpiceJet,SG 640,Boeing 737-800,BLR,Bengaluru,AMD,Ahmedabad,17:47,17:48,20:03,20:03,136,137,189,0.7249,Business,1,0,On Time,,,5960,816520
FL02597,04-03-2024,SpiceJet,SG 689,Boeing 737-800,HYD,Hyderabad,DEL,Delhi,20:35,20:39,22:51,22:51,136,147,189,0.7778,Leisure,4,0,On Time,,,5690,836430
FL02896,04-03-2024,Air India,AI 454,Airbus A320,PNQ,Pune,MAA,Chennai,06:29,06:38,08:19,08:30,110,119,174,0.6839,Student,9,11,On Time,,,4330,515270
FL03763,04-03-2024,IndiGo,6E 915,ATR 72,BLR,Bengaluru,GOI,Goa,11:43,11:43,12:49,12:49,66,38,70,0.5429,Leisure,0,0,On Time,,,2130,80940
FL04019,04-03-2024,IndiGo,6E 283,Airbus A321neo,AMD,Ahmedabad,BLR,Bengaluru,05:29,05:34,07:51,08:03,142,160,220,0.7273,Leisure,5,12,On Time,,,5810,929600
FL00086,05-03-2024,Akasa Air,QP 116,Boeing 737 MAX 8,MAA,Chennai,BOM,Mumbai,09:45,09:51,11:40,11:45,115,142,189,0.7513,Leisure,6,5,On Time,,,4790,680180
FL01427,05-03-2024,Akasa Air,QP 481,Boeing 737 MAX 8,BOM,Mumbai,HYD,Hyderabad,06:44,06:50,08:10,08:21,86,152,189,0.8042,Leisure,6,11,On Time,,,3110,472720
FL01624,05-03-2024,Air India Express,IX 539,Boeing 737-8,MAA,Chennai,BLR,Bengaluru,20:54,21:00,21:52,22:02,58,149,189,0.7884,Leisure,6,10,On Time,,,1800,268200
FL01764,05-03-2024,IndiGo,6E 757,ATR 72,PNQ,Pune,GOI,Goa,10:38,10:41,11:36,11:42,58,52,70,0.7429,Leisure,3,6,On Time,,,1830,95160
FL02129,05-03-2024,IndiGo,6E 271,ATR 72,JAI,Jaipur,AMD,Ahmedabad,08:00,08:07,09:15,09:23,75,36,70,0.5143,Leisure,7,8,On Time,,,2490,89640
FL03745,05-03-2024,Air India,AI 797,Boeing 787-8,COK,Kochi,BLR,Bengaluru,10:51,11:00,11:53,12:05,62,170,256,0.6641,Leisure,9,12,On Time,,,1800,306000
FL04536,05-03-2024,Air India,AI 332,Boeing 787-8,HYD,Hyderabad,COK,Kochi,08:22,08:28,09:58,10:02,96,138,256,0.5391,Business,6,4,On Time,,,3260,449880
FL00413,06-03-2024,IndiGo,6E 464,ATR 72,HYD,Hyderabad,MAA,Chennai,08:17,08:20,09:32,09:35,75,49,70,0.7,Student,3,3,On Time,,,2500,122500
FL01456,06-03-2024,IndiGo,6E 500,Airbus A321neo,AMD,Ahmedabad,JAI,Jaipur,22:25,23:30,23:46,00:52,81,134,220,0.6091,Business,65,66,Delayed,Late Arrival of Aircraft,,2490,333660
FL02064,06-03-2024,Akasa Air,QP 658,Boeing 737 MAX 8,DEL,Delhi,GOI,Goa,16:39,16:43,19:25,19:29,166,110,189,0.582,Leisure,4,4,On Time,,,6280,690800
FL02463,06-03-2024,IndiGo,6E 564,Airbus A320neo,DEL,Delhi,CCU,Kolkata,07:39,07:44,09:51,09:56,132,119,180,0.6611,Family,5,5,On Time,,,5590,665210
FL03289,06-03-2024,Air India,AI 620,Airbus A320,HYD,Hyderabad,CCU,Kolkata,19:03,21:25,21:11,23:28,128,114,174,0.6552,Student,142,137,Delayed,Weather,,4950,564300
FL03948,06-03-2024,IndiGo,6E 236,Airbus A320neo,AMD,Ahmedabad,MAA,Chennai,16:30,16:38,18:58,19:12,148,139,180,0.7722,Leisure,8,14,On Time,,,7190,999410
FL03966,06-03-2024,SpiceJet,SG 210,Bombardier Q400,BOM,Mumbai,GOI,Goa,10:35,10:39,11:34,11:36,59,49,78,0.6282,Business,4,2,On Time,,,2090,102410
FL00455,07-03-2024,IndiGo,6E 506,Airbus A321neo,NAG,Nagpur,BLR,Bengaluru,16:12,16:17,17:54,18:02,102,134,220,0.6091,Leisure,5,8,On Time,,,4340,581560
FL01041,07-03-2024,SpiceJet,SG 390,Boeing 737-800,MAA,Chennai,CCU,Kolkata,21:56,22:01,00:20,00:20,144,151,189,0.7989,Student,5,0,On Time,,,6420,969420
FL03018,07-03-2024,Air India,AI 515,Airbus A321,AMD,Ahmedabad,BLR,Bengaluru,20:40,20:45,22:56,23:04,136,172,190,0.9053,Family,5,8,On Time,,,7520,1293440
FL03693,07-03-2024,IndiGo,6E 869,Airbus A321neo,DEL,Delhi,BLR,Bengaluru,06:59,07:03,09:54,09:57,175,151,220,0.6864,Leisure,4,3,On Time,,,8140,1229140
FL01170,08-03-2024,Akasa Air,QP 414,Boeing 737 MAX 8,AMD,Ahmedabad,DEL,Delhi,20:14,20:22,21:45,21:59,91,127,189,0.672,Senior Citizen,8,14,On Time,,,3860,490220
FL01707,08-03-2024,Air India,AI 803,Airbus A321,BOM,Mumbai,GOI,Goa,14:35,14:41,15:52,15:52,77,123,190,0.6474,Senior Citizen,6,0,On Time,,,2080,255840
FL02150,08-03-2024,Air India,AI 981,Boeing 787-8,COK,Kochi,AMD,Ahmedabad,08:42,08:50,11:21,11:35,159,187,256,0.7305,Family,8,14,On Time,,,8370,1565190
FL02264,08-03-2024,IndiGo,6E 382,Airbus A320neo,DEL,Delhi,HYD,Hyderabad,09:00,11:25,11:26,13:33,146,145,180,0.8056,Student,145,127,Delayed,Air Traffic,,7130,1033850
FL02286,08-03-2024,IndiGo,6E 403,Airbus A320neo,GAU,Guwahati,PNQ,Pune,10:20,10:25,13:41,13:46,201,157,180,0.8722,Leisure,5,5,On Time,,,12140,1905980
FL02741,08-03-2024,SpiceJet,SG 722,Boeing 737-800,CCU,Kolkata,DEL,Delhi,08:38,09:00,11:03,11:21,145,157,189,0.8307,Leisure,22,18,Delayed,Crew,,6590,1034630
FL02882,08-03-2024,Air India Express,IX 923,Boeing 737-8,DEL,Delhi,MAA,Chennai,06:17,06:22,09:22,09:29,185,172,189,0.9101,Family,5,7,On Time,,,8500,1462000
FL03940,08-03-2024,SpiceJet,SG 994,Boeing 737-800,NAG,Nagpur,BLR,Bengaluru,18:27,18:28,20:13,20:13,106,135,189,0.7143,Family,1,0,On Time,,,4470,603450
FL00005,09-03-2024,IndiGo,6E 106,Airbus A321neo,DEL,Delhi,COK,Kochi,05:09,07:55,08:26,11:00,197,137,220,0.6227,Business,166,154,Delayed,Air Traffic,,9830,1346710
FL00188,09-03-2024,IndiGo,6E 275,Airbus A321neo,CCU,Kolkata,MAA,Chennai,19:14,19:35,21:54,22:23,160,160,220,0.7273,Leisure,21,29,Delayed,Crew,,6500,1040000
FL00337,09-03-2024,Air India,AI 199,Boeing 787-8,AMD,Ahmedabad,DEL,Delhi,22:05,22:09,23:47,23:50,102,189,256,0.7383,Student,4,3,On Time,,,3940,744660
FL00350,09-03-2024,Akasa Air,QP 176,Boeing 737 MAX 8,BLR,Bengaluru,BOM,Mumbai,13:26,13:29,15:07,15:12,101,149,189,0.7884,Leisure,3,5,On Time,,,4110,612390
FL00845,09-03-2024,IndiGo,6E 793,Airbus A321neo,MAA,Chennai,COK,Kochi,18:44,18:53,19:49,20:02,65,132,220,0.6,Leisure,9,13,On Time,,,2640,348480
FL01133,09-03-2024,IndiGo,6E 202,Airbus A320neo,AMD,Ahmedabad,MAA,Chennai,21:07,23:05,23:37,01:36,150,144,180,0.8,Leisure,118,119,Delayed,Technical Issue,,7710,1110240
FL01297,09-03-2024,Air India Express,IX 460,Boeing 737-800,GOI,Goa,PNQ,Pune,20:30,20:32,21:38,21:38,68,120,180,0.6667,Family,2,0,On Time,,,1800,216000
FL01408,09-03-2024,IndiGo,6E 459,Airbus A321neo,BLR,Bengaluru,HYD,Hyderabad,22:00,23:16,23:11,00:00,71,154,220,0.7,Leisure,76,49,Delayed,Late Arrival of Aircraft,,2630,405020
FL01836,09-03-2024,Akasa Air,QP 597,Boeing 737 MAX 8,BOM,Mumbai,GOI,Goa,17:03,17:36,18:11,21:49,68,127,189,0.672,Business,33,218,Diverted,Security,,1800,228600
FL02147,09-03-2024,IndiGo,6E 282,ATR 72,HYD,Hyderabad,MAA,Chennai,20:05,20:13,21:19,21:28,74,47,70,0.6714,Family,8,9,On Time,,,2540,119380
FL02233,09-03-2024,IndiGo,6E 355,Airbus A320neo,BLR,Bengaluru,DEL,Delhi,21:49,21:56,00:45,00:47,176,171,180,0.95,Senior Citizen,7,2,On Time,,,10320,1764720
FL03198,09-03-2024,Akasa Air,QP 945,Boeing 737 MAX 8,BLR,Bengaluru,HYD,Hyderabad,09:17,11:32,10:28,12:33,71,136,189,0.7196,Business,135,125,Delayed,Late Arrival of Aircraft,,2390,325040
FL03210,09-03-2024,SpiceJet,SG 821,Boeing 737-800,NAG,Nagpur,CJB,Coimbatore,11:47,11:51,13:45,13:52,118,126,189,0.6667,Leisure,4,7,On Time,,,5520,695520
FL03284,09-03-2024,IndiGo,6E 506,Airbus A321neo,CCU,Kolkata,DEL,Delhi,15:48,15:52,18:07,18:10,139,196,220,0.8909,Business,4,3,On Time,,,6500,1274000
FL03686,09-03-2024,IndiGo,6E 860,ATR 72,BOM,Mumbai,MAA,Chennai,08:08,08:09,10:01,10:04,113,61,70,0.8714,Leisure,1,3,On Time,,,5120,312320
FL03997,09-03-2024,IndiGo,6E 271,Airbus A320neo,JAI,Jaipur,BLR,Bengaluru,08:16,08:20,10:58,11:03,162,125,180,0.6944,Leisure,4,5,On Time,,,7460,932500
FL00109,10-03-2024,Akasa Air,QP 124,Boeing 737 MAX 8,CCU,Kolkata,BOM,Mumbai,16:02,16:05,19:01,19:03,179,165,189,0.873,Business,3,2,On Time,,,8290,1367850
FL01153,10-03-2024,IndiGo,6E 222,Airbus A321neo,HYD,Hyderabad,PNQ,Pune,11:24,11:31,12:39,12:48,75,145,220,0.6591,Student,7,9,On Time,,,2800,406000
FL01371,10-03-2024,IndiGo,6E 427,Airbus A321neo,LKO,Lucknow,CCU,Kolkata,11:55,11:56,13:45,13:45,110,142,220,0.6455,Family,1,0,On Time,,,4030,572260
FL02514,10-03-2024,Air India Express,IX 801,Boeing 737-800,AMD,Ahmedabad,DEL,Delhi,06:23,06:32,08:01,08:08,98,152,180,0.8444,Family,9,7,On Time,,,3910,594320
FL03167,10-03-2024,IndiGo,6E 404,ATR 72,PNQ,Pune,NAG,Nagpur,17:10,17:13,18:27,18:27,77,48,70,0.6857,Student,3,0,On Time,,,2780,133440
FL04106,10-03-2024,IndiGo,6E 353,Airbus A321neo,AMD,Ahmedabad,CCU,Kolkata,17:17,17:26,19:52,20:05,155,137,220,0.6227,Leisure,9,13,On Time,,,7590,1039830
FL00921,11-03-2024,Air India,AI 473,Boeing 787-8,MAA,Chennai,PNQ,Pune,06:02,08:53,07:48,10:42,106,162,256,0.6328,Leisure,171,174,Delayed,Ground Operations,,4510,730620
FL01642,11-03-2024,IndiGo,6E 668,Airbus A320neo,GOI,Goa,LKO,Lucknow,11:43,11:52,14:18,14:27,155,92,180,0.5111,Leisure,9,9,On Time,,,5900,542800
FL02157,11-03-2024,Akasa Air,QP 690,Boeing 737 MAX 8,JAI,Jaipur,LKO,Lucknow,06:32,06:41,07:50,07:53,78,128,189,0.6772,Family,9,3,On Time,,,2290,293120
FL02424,11-03-2024,IndiGo,6E 528,Airbus A321neo,MAA,Chennai,NAG,Nagpur,05:03,05:06,06:53,07:01,110,138,220,0.6273,Business,3,8,On Time,,,4580,632040
FL03052,11-03-2024,Akasa Air,QP 900,Boeing 737 MAX 8,AMD,Ahmedabad,NAG,Nagpur,09:22,09:30,11:01,11:04,99,170,189,0.8995,Student,8,3,On Time,,,4100,697000
FL00294,12-03-2024,IndiGo,6E 378,Airbus A320neo,PNQ,Pune,COK,Kochi,05:53,08:51,07:50,10:26,117,112,180,0.6222,Business,178,156,Delayed,Air Traffic,,3830,428960
FL00894,12-03-2024,Air India,AI 462,Airbus A320,JAI,Jaipur,COK,Kochi,09:59,11:17,13:03,14:22,184,104,174,0.5977,Senior Citizen,78,79,Delayed,Crew,,9270,964080
FL01236,12-03-2024,Air India,AI 595,Airbus A321,DEL,Delhi,LKO,Lucknow,19:06,20:32,20:12,21:03,66,120,190,0.6316,Student,86,51,Diverted,Late Arrival of Aircraft,,2020,242400
FL03000,12-03-2024,Air India,AI 498,Boeing 787-8,NAG,Nagpur,AMD,Ahmedabad,06:07,06:14,07:39,07:46,92,203,256,0.793,Leisure,7,7,On Time,,,3990,809970
FL03133,12-03-2024,IndiGo,6E 372,ATR 72,GOI,Goa,COK,Kochi,13:38,13:44,15:01,15:14,83,37,70,0.5286,Leisure,6,13,On Time,,,2670,98790
FL00869,13-03-2024,Air India Express,IX 355,Boeing 737-8,BOM,Mumbai,MAA,Chennai,14:09,14:18,16:14,16:22,125,107,189,0.5661,Leisure,9,8,On Time,,,3770,403390
FL00940,13-03-2024,SpiceJet,SG 339,Boeing 737-800,JAI,Jaipur,BLR,Bengaluru,19:50,20:39,22:36,23:16,166,152,189,0.8042,Senior Citizen,49,40,Delayed,Late Arrival of Aircraft,,7230,1098960
FL01251,13-03-2024,Air India,AI 606,Airbus A321,JAI,Jaipur,BOM,Mumbai,11:52,11:56,13:48,13:54,116,130,190,0.6842,Leisure,4,6,On Time,,,4450,578500
FL02035,13-03-2024,IndiGo,6E 987,Airbus A320neo,BOM,Mumbai,GOI,Goa,11:56,14:33,12:54,15:23,58,128,180,0.7111,Family,157,149,Delayed,Other,,1900,243200
FL02568,13-03-2024,IndiGo,6E 670,ATR 72,PNQ,Pune,BOM,Mumbai,22:24,22:27,23:09,23:09,45,55,70,0.7857,Business,3,0,On Time,,,1800,99000
FL02983,13-03-2024,Air India Express,IX 945,Boeing 737-800,NAG,Nagpur,BOM,Mumbai,13:56,16:40,15:25,18:25,89,120,180,0.6667,Leisure,164,180,Delayed,Weather,,2820,338400
FL03234,13-03-2024,Air India Express,IX 209,Boeing 737-8,COK,Kochi,GOI,Goa,18:44,18:47,20:15,20:15,91,127,189,0.672,Leisure,3,0,On Time,,,2920,370840
FL01341,14-03-2024,Air India,AI 649,Airbus A320,LKO,Lucknow,HYD,Hyderabad,09:44,09:51,11:52,12:01,128,141,174,0.8103,Leisure,7,9,On Time,,,6020,848820
FL02458,14-03-2024,IndiGo,6E 558,Airbus A321neo,GOI,Goa,PNQ,Pune,14:44,14:44,15:48,15:51,64,184,220,0.8364,Senior Citizen,0,3,On Time,,,1890,347760
FL02763,14-03-2024,Air India,AI 414,Boeing 787-8,BLR,Bengaluru,PNQ,Pune,09:34,09:41,11:07,11:12,93,212,256,0.8281,Leisure,7,5,On Time,,,4080,864960
FL02963,14-03-2024,Akasa Air,QP 880,Boeing 737 MAX 8,AMD,Ahmedabad,DEL,Delhi,18:17,18:19,19:48,19:50,91,166,189,0.8783,Student,2,2,On Time,,,3700,614200
FL03257,14-03-2024,Air India,AI 603,Airbus A320,GOI,Goa,BOM,Mumbai,19:21,19:28,20:35,20:42,74,82,174,0.4713,Leisure,7,7,On Time,,,1870,153340
FL03410,14-03-2024,IndiGo,6E 618,Airbus A321neo,PNQ,Pune,JAI,Jaipur,20:31,20:39,22:17,22:29,106,118,220,0.5364,Leisure,8,12,On Time,,,3790,447220
FL04091,14-03-2024,Air India,AI 946,Boeing 787-8,PNQ,Pune,CCU,Kolkata,16:25,16:29,19:13,19:22,168,185,256,0.7227,Family,4,9,On Time,,,8000,1480000
FL00290,15-03-2024,IndiGo,6E 372,Airbus A320neo,COK,Kochi,JAI,Jaipur,16:13,16:13,19:19,19:19,186,158,180,0.8778,Leisure,0,0,On Time,,,10260,1621080
FL00718,15-03-2024,Akasa Air,QP 304,Boeing 737 MAX 8,CJB,Coimbatore,JAI,Jaipur,19:52,20:00,22:59,23:06,187,126,189,0.6667,Family,8,7,On Time,,,8960,1128960
FL00725,15-03-2024,SpiceJet,SG 287,Bombardier Q400,GOI,Goa,COK,Kochi,05:46,05:47,07:16,07:16,90,65,78,0.8333,Student,1,0,On Time,,,3280,213200
FL01936,15-03-2024,Air India Express,IX 646,Boeing 737-8,AMD,Ahmedabad,BOM,Mumbai,13:13,13:17,14:28,14:34,75,132,189,0.6984,Family,4,6,On Time,,,1870,246840
FL03318,15-03-2024,IndiGo,6E 532,Airbus A320neo,LKO,Lucknow,BLR,Bengaluru,11:16,11:23,14:00,14:05,164,137,180,0.7611,Business,7,5,On Time,,,8530,1168610
FL04200,15-03-2024,Air India,AI 202,Airbus A321,MAA,Chennai,CJB,Coimbatore,16:38,16:38,17:44,17:44,66,164,190,0.8632,Leisure,0,0,On Time,,,1860,305040
FL04331,15-03-2024,IndiGo,6E 524,Airbus A320neo,PNQ,Pune,DEL,Delhi,07:38,07:40,09:40,09:42,122,96,180,0.5333,Senior Citizen,2,2,On Time,,,5120,491520
FL00129,16-03-2024,IndiGo,6E 221,Airbus A320neo,GAU,Guwahati,GOI,Goa,20:47,20:52,00:28,00:30,221,105,180,0.5833,Family,5,2,On Time,,,9070,952350
FL01278,16-03-2024,IndiGo,6E 344,Airbus A321neo,PNQ,Pune,MAA,Chennai,05:13,07:23,06:57,09:20,104,173,220,0.7864,Family,130,143,Delayed,Other,,4970,859810
FL02210,16-03-2024,IndiGo,6E 342,Airbus A320neo,PNQ,Pune,DEL,Delhi,12:42,12:45,14:45,14:45,123,139,180,0.7722,Family,3,0,On Time,,,5450,757550
FL02782,16-03-2024,Air India Express,IX 886,Boeing 737-8,HYD,Hyderabad,DEL,Delhi,15:49,15:49,18:10,18:10,141,185,189,0.9788,Student,0,0,On Time,,,6610,1222850
FL02864,16-03-2024,IndiGo,6E 927,ATR 72,MAA,Chennai,CJB,Coimbatore,12:27,12:29,13:41,13:51,74,47,70,0.6714,Senior Citizen,2,10,On Time,,,1800,84600
FL03344,16-03-2024,IndiGo,6E 560,Airbus A320neo,HYD,Hyderabad,COK,Kochi,16:37,16:45,18:08,18:16,91,158,180,0.8778,Business,8,8,On Time,,,4280,676240
FL04187,16-03-2024,IndiGo,6E 412,Airbus A321neo,AMD,Ahmedabad,JAI,Jaipur,10:40,10:43,11:53,11:58,73,160,220,0.7273,Business,3,5,On Time,,,3250,520000
FL04990,16-03-2024,Akasa Air,QP 606,Boeing 737 MAX 8,HYD,Hyderabad,MAA,Chennai,19:42,19:43,20:57,20:58,75,127,189,0.672,Student,1,1,On Time,,,1990,252730
FL00258,17-03-2024,IndiGo,6E 342,Airbus A320neo,MAA,Chennai,BLR,Bengaluru,15:14,15:23,16:03,16:04,49,150,180,0.8333,Business,9,1,On Time,,,1800,270000
FL00583,17-03-2024,Air India,AI 315,Boeing 787-8,HYD,Hyderabad,BLR,Bengaluru,15:55,16:03,17:05,17:06,70,253,256,0.9883,Business,8,1,On Time,,,2620,662860
FL00865,17-03-2024,Air India,AI 449,Airbus A321,PNQ,Pune,AMD,Ahmedabad,11:57,12:03,13:08,13:14,71,136,190,0.7158,Student,6,6,On Time,,,2770,376720
FL02483,17-03-2024,IndiGo,6E 583,Airbus A321neo,CCU,Kolkata,GAU,Guwahati,18:46,20:03,20:00,21:04,74,173,220,0.7864,Student,77,64,Delayed,Security,,2680,463640
FL03280,17-03-2024,Air India,AI 617,Airbus A320,HYD,Hyderabad,BLR,Bengaluru,08:33,08:37,09:39,09:43,66,143,174,0.8218,Business,4,4,On Time,,,2850,407550
FL04203,17-03-2024,Akasa Air,QP 397,Boeing 737 MAX 8,MAA,Chennai,HYD,Hyderabad,13:44,13:48,14:56,15:00,72,136,189,0.7196,Senior Citizen,4,4,On Time,,,2380,323680
FL00230,18-03-2024,IndiGo,6E 309,ATR 72,BLR,Bengaluru,MAA,Chennai,21:08,21:13,22:04,22:04,56,52,70,0.7429,Senior Citizen,5,0,On Time,,,1800,93600
FL00409,18-03-2024,Air India Express,IX 234,Boeing 737-800,BLR,Bengaluru,MAA,Chennai,10:02,10:08,10:52,10:57,50,150,180,0.8333,Leisure,6,5,On Time,,,1800,270000
FL02659,18-03-2024,SpiceJet,SG 705,Boeing 737-800,BOM,Mumbai,PNQ,Pune,05:07,05:13,05:52,06:05,45,128,189,0.6772,Leisure,6,13,On Time,,,1800,230400
FL03631,18-03-2024,IndiGo,6E 813,Airbus A320neo,CCU,Kolkata,BOM,Mumbai,07:48,10:30,10:52,13:24,184,117,180,0.65,Family,162,152,Delayed,Weather,,6960,814320
FL03959,18-03-2024,Akasa Air,QP 321,Boeing 737 MAX 8,DEL,Delhi,BOM,Mumbai,19:22,20:39,21:32,22:44,130,164,189,0.8677,Student,77,72,Delayed,Air Traffic,,6510,1067640
FL04609,18-03-2024,Air India Express,IX 588,Boeing 737-800,CJB,Coimbatore,MAA,Chennai,07:45,07:45,08:46,08:47,61,124,180,0.6889,Senior Citizen,0,1,On Time,,,1910,236840
FL00161,19-03-2024,IndiGo,6E 254,Airbus A321neo,CJB,Coimbatore,AMD,Ahmedabad,07:24,07:32,10:07,10:13,163,173,220,0.7864,Business,8,6,On Time,,,7150,1236950
FL01252,19-03-2024,Akasa Air,QP 436,Boeing 737 MAX 8,BLR,Bengaluru,BOM,Mumbai,16:55,18:29,18:41,19:52,106,121,189,0.6402,Family,94,71,Delayed,Technical Issue,,3660,442860
FL01473,19-03-2024,IndiGo,6E 517,Airbus A320neo,CJB,Coimbatore,AMD,Ahmedabad,13:10,14:20,15:46,16:47,156,118,180,0.6556,Student,70,61,Delayed,Technical Issue,,5560,656080
FL02119,19-03-2024,IndiGo,6E 262,ATR 72,BLR,Bengaluru,MAA,Chennai,06:30,06:38,07:28,07:35,58,48,70,0.6857,Family,8,7,On Time,,,1800,86400
FL02416,19-03-2024,SpiceJet,SG 662,Bombardier Q400,JAI,Jaipur,BLR,Bengaluru,12:44,12:44,15:36,15:37,172,55,78,0.7051,Leisure,0,1,On Time,,,5900,324500
FL04494,19-03-2024,SpiceJet,SG 343,Bombardier Q400,COK,Kochi,MAA,Chennai,17:06,19:11,18:22,20:22,76,39,78,0.5,Family,125,120,Delayed,Crew,,1820,70980
FL04658,19-03-2024,IndiGo,6E 788,Airbus A320neo,DEL,Delhi,PNQ,Pune,21:26,21:34,23:43,23:52,137,109,180,0.6056,Business,8,9,On Time,,,4680,510120
FL00155,20-03-2024,IndiGo,6E 246,Airbus A320neo,DEL,Delhi,GOI,Goa,13:45,13:48,16:25,16:27,160,121,180,0.6722,Student,3,2,On Time,,,7010,848210
FL00240,20-03-2024,IndiGo,6E 319,Airbus A321neo,COK,Kochi,BOM,Mumbai,08:13,08:13,10:16,10:19,123,130,220,0.5909,Leisure,0,3,On Time,,,5230,679900
FL00636,20-03-2024,IndiGo,6E 624,Airbus A321neo,PNQ,Pune,AMD,Ahmedabad,22:23,22:27,23:40,23:53,77,160,220,0.7273,Leisure,4,13,On Time,,,2410,385600
FL01575,20-03-2024,Akasa Air,QP 527,Boeing 737 MAX 8,MAA,Chennai,BLR,Bengaluru,13:18,13:19,14:23,14:23,65,140,189,0.7407,Business,1,0,On Time,,,1800,252000
FL02022,20-03-2024,Air India,AI 924,Airbus A321,CJB,Coimbatore,MAA,Chennai,13:41,13:46,14:35,14:42,54,124,190,0.6526,Family,5,7,On Time,,,1880,233120
FL02889,20-03-2024,SpiceJet,SG 756,Bombardier Q400,AMD,Ahmedabad,BOM,Mumbai,09:48,09:49,11:00,11:00,72,59,78,0.7564,Student,1,0,On Time,,,2150,126850
FL03209,20-03-2024,Air India,AI 584,Airbus A321,PNQ,Pune,BLR,Bengaluru,12:31,13:47,14:02,15:16,91,167,190,0.8789,Business,76,74,Delayed,Technical Issue,,3950,659650
FL03527,20-03-2024,Air India Express,IX 276,Boeing 737-800,GOI,Goa,NAG,Nagpur,19:01,19:01,20:41,20:47,100,127,180,0.7056,Business,0,6,On Time,,,4140,525780
FL04625,20-03-2024,SpiceJet,SG 398,Bombardier Q400,GOI,Goa,HYD,Hyderabad,12:34,15:28,13:51,16:55,77,50,78,0.641,Business,174,184,Delayed,Late Arrival of Aircraft,,2280,114000
FL04887,20-03-2024,Air India,AI 481,Airbus A320,AMD,Ahmedabad,LKO,Lucknow,05:02,06:41,06:47,08:38,105,128,174,0.7356,Business,99,111,Delayed,Air Traffic,,5720,732160
FL00404,21-03-2024,Air India,AI 241,Boeing 787-8,BOM,Mumbai,PNQ,Pune,15:30,15:33,16:15,16:15,45,177,256,0.6914,Student,3,0,On Time,,,1800,318600
FL00769,21-03-2024,Akasa Air,QP 321,Boeing 737 MAX 8,HYD,Hyderabad,COK,Kochi,13:14,13:21,14:55,15:01,101,119,189,0.6296,Senior Citizen,7,6,On Time,,,3380,402220
FL00908,21-03-2024,IndiGo,6E 841,Airbus A320neo,PNQ,Pune,DEL,Delhi,21:53,21:53,23:57,23:58,124,126,180,0.7,Student,0,1,On Time,,,5540,698040
FL03398,21-03-2024,IndiGo,6E 603,Airbus A320neo,GOI,Goa,DEL,Delhi,06:15,06:18,09:05,09:11,170,111,180,0.6167,Business,3,6,On Time,,,6850,760350
FL03523,21-03-2024,Air India,AI 706,Airbus A320,CJB,Coimbatore,BOM,Mumbai,19:32,19:41,21:33,21:42,121,131,174,0.7529,Leisure,9,9,On Time,,,4880,639280
FL04445,21-03-2024,Air India,AI 305,Boeing 787-8,AMD,Ahmedabad,BLR,Bengaluru,08:52,09:00,11:10,11:15,138,187,256,0.7305,Leisure,8,5,On Time,,,6760,1264120
FL00733,22-03-2024,Air India Express,IX 304,Boeing 737-800,PNQ,Pune,JAI,Jaipur,20:08,20:15,21:57,22:05,109,130,180,0.7222,Business,7,8,On Time,,,5070,659100
FL00742,22-03-2024,Akasa Air,QP 308,Boeing 737 MAX 8,PNQ,Pune,BLR,Bengaluru,20:36,20:40,22:05,22:08,89,114,189,0.6032,Senior Citizen,4,3,On Time,,,2840,323760
FL01122,22-03-2024,Air India,AI 565,Boeing 787-8,HYD,Hyderabad,PNQ,Pune,09:03,09:03,10:18,10:23,75,186,256,0.7266,Student,0,5,On Time,,,3080,572880
FL01517,22-03-2024,SpiceJet,SG 469,Boeing 737-800,AMD,Ahmedabad,COK,Kochi,20:02,20:10,22:35,22:43,153,160,189,0.8466,Business,8,8,On Time,,,7250,1160000
FL02489,22-03-2024,SpiceJet,SG 670,Bombardier Q400,BOM,Mumbai,AMD,Ahmedabad,08:51,11:01,09:54,11:51,63,61,78,0.7821,Leisure,130,117,Delayed,Ground Operations,,2250,137250
FL03008,22-03-2024,Air India,AI 508,Airbus A320,GOI,Goa,JAI,Jaipur,19:05,19:07,21:21,21:21,136,119,174,0.6839,Leisure,2,0,On Time,,,6720,799680
FL03232,22-03-2024,Air India,AI 602,Boeing 787-8,BLR,Bengaluru,HYD,Hyderabad,21:19,22:33,22:30,23:45,71,175,256,0.6836,Business,74,75,Delayed,Other,,2260,395500
FL03873,22-03-2024,SpiceJet,SG 973,Boeing 737-800,DEL,Delhi,BLR,Bengaluru,16:25,16:31,19:18,19:24,173,111,189,0.5873,Business,6,6,On Time,,,8340,925740
FL04488,22-03-2024,Akasa Air,QP 463,Boeing 737 MAX 8,CCU,Kolkata,BOM,Mumbai,21:21,21:30,00:11,00:20,170,146,189,0.7725,Business,9,9,On Time,,,8150,1189900
FL04677,22-03-2024,Air India,AI 384,Airbus A320,COK,Kochi,MAA,Chennai,06:19,06:28,07:34,07:42,75,135,174,0.7759,Leisure,9,8,On Time,,,2340,315900
FL04750,22-03-2024,SpiceJet,SG 431,Boeing 737-800,BOM,Mumbai,CCU,Kolkata,06:36,06:41,09:27,09:36,171,117,189,0.619,Family,5,9,On Time,,,7840,917280
FL04214,23-03-2024,IndiGo,6E 433,Airbus A321neo,BOM,Mumbai,HYD,Hyderabad,20:24,20:28,21:55,22:03,91,193,220,0.8773,Family,4,8,On Time,,,3220,621460
FL00060,24-03-2024,SpiceJet,SG 118,Bombardier Q400,DEL,Delhi,AMD,Ahmedabad,12:52,12:54,14:27,14:31,95,50,78,0.641,Senior Citizen,2,4,On Time,,,3490,174500
FL00608,24-03-2024,SpiceJet,SG 257,Boeing 737-800,COK,Kochi,PNQ,Pune,22:11,00:49,00:17,02:34,126,166,189,0.8783,Business,158,137,Delayed,Ground Operations,,4820,800120
FL02217,24-03-2024,Air India,AI 998,Airbus A320,AMD,Ahmedabad,DEL,Delhi,15:29,15:52,17:03,17:37,94,126,174,0.7241,Leisure,23,34,Delayed,Late Arrival of Aircraft,,3450,434700
FL03082,24-03-2024,Air India,AI 544,Airbus A321,COK,Kochi,CJB,Coimbatore,07:36,07:40,08:21,08:23,45,146,190,0.7684,Leisure,4,2,On Time,,,1800,262800
FL03245,24-03-2024,IndiGo,6E 469,Airbus A321neo,NAG,Nagpur,MAA,Chennai,20:55,21:04,22:46,22:53,111,185,220,0.8409,Business,9,7,On Time,,,4650,860250
FL03549,24-03-2024,IndiGo,6E 757,Airbus A320neo,AMD,Ahmedabad,GOI,Goa,08:39,08:44,10:21,10:32,102,136,180,0.7556,Family,5,11,On Time,,,4280,582080
FL04515,24-03-2024,Air India,AI 322,Airbus A320,BOM,Mumbai,LKO,Lucknow,18:33,18:40,20:44,20:51,131,126,174,0.7241,Senior Citizen,7,7,On Time,,,6380,803880
FL00269,25-03-2024,Akasa Air,QP 158,Boeing 737 MAX 8,GAU,Guwahati,GOI,Goa,18:06,18:12,21:50,21:58,224,140,189,0.7407,Family,6,8,On Time,,,9470,1325800
FL00510,25-03-2024,Akasa Air,QP 216,Boeing 737 MAX 8,COK,Kochi,MAA,Chennai,21:23,23:28,22:40,00:55,77,112,189,0.5926,Leisure,125,135,Delayed,Ground Operations,,2240,250880
FL01107,25-03-2024,Akasa Air,QP 400,Boeing 737 MAX 8,CJB,Coimbatore,MAA,Chennai,19:39,19:44,20:50,20:57,71,142,189,0.7513,Business,5,7,On Time,,,1800,255600
FL01253,25-03-2024,IndiGo,6E 303,Airbus A320neo,MAA,Chennai,BLR,Bengaluru,21:22,21:31,22:07,22:17,45,142,180,0.7889,Family,9,10,On Time,,,1800,255600
FL02005,25-03-2024,IndiGo,6E 962,ATR 72,LKO,Lucknow,JAI,Jaipur,06:19,06:27,07:32,07:41,73,44,70,0.6286,Business,8,9,On Time,,,2250,99000
FL02191,25-03-2024,Air India Express,IX 706,Boeing 737-800,CCU,Kolkata,MAA,Chennai,14:55,15:02,17:20,17:20,145,140,180,0.7778,Leisure,7,0,On Time,,,6080,851200
FL03352,25-03-2024,SpiceJet,SG 863,Boeing 737-800,LKO,Lucknow,COK,Kochi,09:29,09:38,12:51,12:59,202,139,189,0.7354,Business,9,8,On Time,,,9090,1263510
FL04866,25-03-2024,IndiGo,6E 955,Airbus A321neo,MAA,Chennai,BLR,Bengaluru,13:14,13:16,14:06,14:06,52,140,220,0.6364,Leisure,2,0,On Time,,,1800,252000
FL00363,26-03-2024,IndiGo,6E 419,Airbus A321neo,BOM,Mumbai,PNQ,Pune,06:45,06:45,07:30,07:33,45,163,220,0.7409,Business,0,3,On Time,,,1800,293400
FL02781,26-03-2024,IndiGo,6E 863,Airbus A321neo,GOI,Goa,BOM,Mumbai,15:01,15:10,16:01,16:12,60,144,220,0.6545,Leisure,9,11,On Time,,,2010,289440
FL00099,27-03-2024,IndiGo,6E 188,Airbus A320neo,JAI,Jaipur,DEL,Delhi,20:30,20:39,21:17,21:27,47,102,180,0.5667,Student,9,10,On Time,,,1800,183600
FL00389,27-03-2024,IndiGo,6E 442,ATR 72,MAA,Chennai,COK,Kochi,09:59,10:00,11:07,11:14,68,49,70,0.7,Senior Citizen,1,7,On Time,,,2130,104370
FL01350,27-03-2024,SpiceJet,SG 445,Bombardier Q400,PNQ,Pune,CJB,Coimbatore,18:30,18:39,20:14,20:23,104,57,78,0.7308,Family,9,9,On Time,,,4770,271890
FL01393,27-03-2024,Air India Express,IX 479,Boeing 737-8,HYD,Hyderabad,BLR,Bengaluru,14:59,14:59,16:12,16:14,73,122,189,0.6455,Leisure,0,2,On Time,,,1960,239120
FL01685,27-03-2024,Akasa Air,QP 555,Boeing 737 MAX 8,BLR,Bengaluru,MAA,Chennai,09:16,09:23,10:10,10:23,54,145,189,0.7672,Business,7,13,On Time,,,1800,261000
FL02875,27-03-2024,IndiGo,6E 937,Airbus A321neo,CCU,Kolkata,GOI,Goa,16:13,18:38,19:19,21:44,186,148,220,0.6727,Business,145,145,Delayed,Air Traffic,,8190,1212120
FL04197,27-03-2024,IndiGo,6E 418,ATR 72,COK,Kochi,BOM,Mumbai,21:26,21:31,23:27,23:36,121,45,70,0.6429,Senior Citizen,5,9,On Time,,,5260,236700
FL04366,27-03-2024,Akasa Air,QP 438,Boeing 737 MAX 8,BLR,Bengaluru,AMD,Ahmedabad,05:07,05:07,07:14,07:16,127,147,189,0.7778,Family,0,2,On Time,,,5590,821730
FL00362,28-03-2024,Air India,AI 213,Boeing 787-8,DEL,Delhi,GAU,Guwahati,06:59,08:21,09:32,11:08,153,143,256,0.5586,Family,82,96,Delayed,Weather,,7050,1008150
FL00473,28-03-2024,Akasa Air,QP 199,Boeing 737 MAX 8,NAG,Nagpur,CCU,Kolkata,06:55,06:59,08:51,08:56,116,118,189,0.6243,Family,4,5,On Time,,,4280,505040
FL00525,28-03-2024,SpiceJet,SG 243,Boeing 737-800,BLR,Bengaluru,LKO,Lucknow,16:25,18:56,18:58,21:28,153,102,189,0.5397,Senior Citizen,151,150,Delayed,Weather,,7240,738480
FL00973,28-03-2024,SpiceJet,SG 366,Boeing 737-800,CCU,Kolkata,PNQ,Pune,15:53,15:59,18:47,18:49,174,147,189,0.7778,Leisure,6,2,On Time,,,7580,1114260
FL01182,28-03-2024,IndiGo,6E 243,ATR 72,CCU,Kolkata,MAA,Chennai,13:59,15:48,16:25,17:52,146,36,70,0.5143,Student,109,87,Delayed,Late Arrival of Aircraft,,6760,243360
FL02201,28-03-2024,Akasa Air,QP 698,Boeing 737 MAX 8,HYD,Hyderabad,GOI,Goa,20:33,20:35,21:43,21:45,70,98,189,0.5185,Student,2,2,On Time,,,2350,230300
FL02513,28-03-2024,IndiGo,6E 610,Airbus A321neo,DEL,Delhi,GOI,Goa,15:44,18:38,18:21,21:21,157,127,220,0.5773,Leisure,174,180,Delayed,Air Traffic,,6960,883920
FL02805,28-03-2024,Air India Express,IX 901,Boeing 737-8,BLR,Bengaluru,MAA,Chennai,22:05,22:49,22:51,02:38,46,169,189,0.8942,Leisure,44,227,Diverted,Late Arrival of Aircraft,,1800,304200
FL04065,28-03-2024,Air India,AI 930,Airbus A321,BLR,Bengaluru,DEL,Delhi,09:56,09:57,13:01,13:02,185,130,190,0.6842,Leisure,1,1,On Time,,,9080,1180400
FL04372,28-03-2024,IndiGo,6E 558,Airbus A321neo,DEL,Delhi,CJB,Coimbatore,11:18,11:33,14:32,14:52,194,162,220,0.7364,Leisure,15,20,Delayed,Late Arrival of Aircraft,,8950,1449900
FL00938,29-03-2024,Air India,AI 481,Airbus A321,HYD,Hyderabad,NAG,Nagpur,06:12,06:20,07:17,07:21,65,149,190,0.7842,Senior Citizen,8,4,On Time,,,2480,369520
FL01765,29-03-2024,SpiceJet,SG 514,Boeing 737-800,HYD,Hyderabad,BLR,Bengaluru,08:50,08:54,09:55,09:56,65,146,189,0.7725,Family,4,1,On Time,,,2250,328500
FL03874,29-03-2024,SpiceJet,SG 976,Bombardier Q400,GOI,Goa,BLR,Bengaluru,14:07,14:41,15:17,15:41,70,48,78,0.6154,Leisure,34,24,Delayed,Late Arrival of Aircraft,,1860,89280
FL04911,29-03-2024,IndiGo,6E 995,Airbus A320neo,BOM,Mumbai,HYD,Hyderabad,15:24,17:10,16:46,18:43,82,140,180,0.7778,Family,106,117,Delayed,Air Traffic,,3420,478800
FL00209,30-03-2024,IndiGo,6E 290,Airbus A321neo,DEL,Delhi,LKO,Lucknow,20:16,20:23,21:22,21:28,66,170,220,0.7727,Business,7,6,On Time,,,2170,368900
FL00392,30-03-2024,SpiceJet,SG 213,Boeing 737-800,HYD,Hyderabad,LKO,Lucknow,11:45,11:49,13:51,13:52,126,135,189,0.7143,Business,4,1,On Time,,,4570,616950
FL01255,30-03-2024,Air India,AI 607,Airbus A320,GAU,Guwahati,COK,Kochi,12:41,12:43,16:33,16:36,232,81,174,0.4655,Business,2,3,On Time,,,12060,976860
FL02579,30-03-2024,IndiGo,6E 675,Airbus A320neo,DEL,Delhi,HYD,Hyderabad,13:43,13:46,15:56,16:02,133,138,180,0.7667,Leisure,3,6,On Time,,,7260,1001880
FL04514,30-03-2024,Air India Express,IX 564,Boeing 737-800,GOI,Goa,PNQ,Pune,14:42,14:46,15:41,15:44,59,120,180,0.6667,Business,4,3,On Time,,,1800,216000
FL04908,30-03-2024,IndiGo,6E 992,Airbus A320neo,GOI,Goa,HYD,Hyderabad,17:28,17:35,18:41,18:44,73,160,180,0.8889,Business,7,3,On Time,,,2600,416000
FL00193,31-03-2024,IndiGo,6E 282,Airbus A321neo,BOM,Mumbai,MAA,Chennai,18:55,20:12,20:58,22:11,123,131,220,0.5955,Leisure,77,73,Delayed,Weather,,4380,573780
FL00218,31-03-2024,IndiGo,6E 300,Airbus A320neo,DEL,Delhi,CCU,Kolkata,14:25,14:31,16:49,17:00,144,170,180,0.9444,Senior Citizen,6,11,On Time,,,7800,1326000
FL00619,31-03-2024,SpiceJet,SG 262,Bombardier Q400,COK,Kochi,GOI,Goa,08:34,09:14,10:02,11:07,88,59,78,0.7564,Leisure,40,65,Delayed,Technical Issue,,2910,171690
FL02099,31-03-2024,Akasa Air,QP 667,Boeing 737 MAX 8,BLR,Bengaluru,MAA,Chennai,08:42,08:48,09:31,09:34,49,169,189,0.8942,Leisure,6,3,On Time,,,1800,304200
FL02399,31-03-2024,IndiGo,6E 513,ATR 72,CJB,Coimbatore,NAG,Nagpur,14:22,14:28,16:35,16:43,133,50,70,0.7143,Leisure,6,8,On Time,,,5870,293500
FL02421,31-03-2024,IndiGo,6E 524,Airbus A320neo,BOM,Mumbai,BLR,Bengaluru,19:57,20:04,21:41,21:54,104,125,180,0.6944,Family,7,13,On Time,,,3970,496250
FL02866,31-03-2024,SpiceJet,SG 747,Boeing 737-800,MAA,Chennai,PNQ,Pune,15:13,15:39,16:59,17:19,106,160,189,0.8466,Family,26,20,Delayed,Security,,4620,739200
FL03154,31-03-2024,Air India Express,IX 989,Boeing 737-800,LKO,Lucknow,AMD,Ahmedabad,10:43,10:49,12:31,12:45,108,141,180,0.7833,Family,6,14,On Time,,,4580,645780
FL04035,31-03-2024,Air India,AI 923,Airbus A321,MAA,Chennai,COK,Kochi,06:40,06:42,07:55,07:57,75,131,190,0.6895,Senior Citizen,2,2,On Time,,,2630,344530
FL04839,31-03-2024,Air India,AI 456,Boeing 787-8,JAI,Jaipur,PNQ,Pune,05:04,05:04,06:58,06:58,114,221,256,0.8633,Leisure,0,0,On Time,,,5820,1286220
FL00437,01-04-2024,IndiGo,6E 487,Airbus A320neo,JAI,Jaipur,DEL,Delhi,19:03,22:03,20:03,23:05,60,122,180,0.6778,Business,180,182,Delayed,Ground Operations,,1800,219600
FL02594,01-04-2024,IndiGo,6E 685,Airbus A321neo,GOI,Goa,AMD,Ahmedabad,16:19,16:28,18:04,18:09,105,115,220,0.5227,Family,9,5,On Time,,,3900,448500
FL04342,01-04-2024,IndiGo,6E 534,Airbus A321neo,DEL,Delhi,BOM,Mumbai,21:08,21:24,23:19,23:19,131,165,220,0.75,Family,16,0,Delayed,Weather,,5330,879450
FL04654,01-04-2024,Air India,AI 370,Airbus A320,PNQ,Pune,AMD,Ahmedabad,07:54,08:00,09:00,09:06,66,106,174,0.6092,Student,6,6,On Time,,,2530,268180
FL00805,02-04-2024,Air India,AI 427,Airbus A321,CCU,Kolkata,BOM,Mumbai,17:54,17:57,20:41,20:49,167,111,190,0.5842,Family,3,8,On Time,,,7100,788100
FL00964,02-04-2024,Air India Express,IX 374,Boeing 737-8,HYD,Hyderabad,BOM,Mumbai,06:30,06:32,07:58,07:58,88,125,189,0.6614,Family,2,0,On Time,,,2360,295000
FL01040,02-04-2024,Akasa Air,QP 385,Boeing 737 MAX 8,MAA,Chennai,BLR,Bengaluru,11:08,11:14,11:59,12:03,51,180,189,0.9524,Student,6,4,On Time,,,1800,324000
FL04306,02-04-2024,Air India,AI 250,Airbus A320,MAA,Chennai,PNQ,Pune,08:48,08:54,10:35,10:47,107,115,174,0.6609,Leisure,6,12,On Time,,,4350,500250
FL04653,02-04-2024,Air India,AI 368,Airbus A320,BOM,Mumbai,GOI,Goa,21:24,21:32,22:21,22:27,57,137,174,0.7874,Family,8,6,On Time,,,1980,271260
FL04854,02-04-2024,IndiGo,6E 944,Airbus A320neo,BOM,Mumbai,AMD,Ahmedabad,12:11,12:11,13:21,13:21,70,112,180,0.6222,Leisure,0,0,On Time,,,1800,201600
FL00815,03-04-2024,IndiGo,6E 765,Airbus A320neo,CCU,Kolkata,HYD,Hyderabad,16:48,16:48,19:02,19:05,134,131,180,0.7278,Leisure,0,3,On Time,,,5690,745390
FL01415,03-04-2024,SpiceJet,SG 457,Boeing 737-800,CCU,Kolkata,PNQ,Pune,13:33,13:41,16:13,16:18,160,148,189,0.7831,Leisure,8,5,On Time,,,7170,1061160
FL01532,03-04-2024,IndiGo,6E 573,Airbus A320neo,CJB,Coimbatore,AMD,Ahmedabad,09:34,09:40,11:58,11:58,144,148,180,0.8222,Business,6,0,On Time,,,7280,1077440
FL01887,03-04-2024,SpiceJet,SG 534,Boeing 737-800,MAA,Chennai,BLR,Bengaluru,20:19,20:24,21:11,21:21,52,114,189,0.6032,Leisure,5,10,On Time,,,1800,205200
FL02266,03-04-2024,IndiGo,6E 385,Airbus A321neo,DEL,Delhi,AMD,Ahmedabad,07:09,09:34,08:45,11:13,96,161,220,0.7318,Senior Citizen,145,148,Delayed,Late Arrival of Aircraft,,3640,586040
FL02890,03-04-2024,Air India,AI 452,Airbus A320,PNQ,Pune,MAA,Chennai,06:12,06:12,07:53,07:58,101,97,174,0.5575,Business,0,5,On Time,,,4350,421950
FL04182,03-04-2024,Akasa Air,QP 391,Boeing 737 MAX 8,BOM,Mumbai,BLR,Bengaluru,21:05,21:11,22:51,22:59,106,124,189,0.6561,Family,6,8,On Time,,,3660,453840
FL04341,03-04-2024,Air India,AI 269,Airbus A320,DEL,Delhi,AMD,Ahmedabad,12:45,14:18,14:21,15:57,96,127,174,0.7299,Leisure,93,96,Delayed,Weather,,4040,513080
FL00009,04-04-2024,IndiGo,6E 113,Airbus A321neo,AMD,Ahmedabad,BOM,Mumbai,05:21,06:00,06:30,07:09,69,111,220,0.5045,Family,39,39,Delayed,Late Arrival of Aircraft,,1830,203130
FL01275,04-04-2024,IndiGo,6E 337,ATR 72,DEL,Delhi,CCU,Kolkata,09:35,09:40,12:03,12:04,148,49,70,0.7,Business,5,1,On Time,,,6380,312620
FL01674,04-04-2024,Akasa Air,QP 551,Boeing 737 MAX 8,MAA,Chennai,HYD,Hyderabad,14:38,14:43,15:47,15:54,69,139,189,0.7354,Leisure,5,7,On Time,,,2400,333600
FL02973,04-04-2024,Akasa Air,QP 883,Boeing 737 MAX 8,CCU,Kolkata,MAA,Chennai,11:28,13:06,13:57,15:44,149,117,189,0.619,Leisure,98,107,Delayed,Late Arrival of Aircraft,,5840,683280
FL03128,04-04-2024,Air India Express,IX 981,Boeing 737-8,AMD,Ahmedabad,DEL,Delhi,19:59,20:04,21:30,21:36,91,123,189,0.6508,Business,5,6,On Time,,,3280,403440
FL03668,04-04-2024,SpiceJet,SG 935,Boeing 737-800,PNQ,Pune,CJB,Coimbatore,13:22,13:26,15:14,15:21,112,101,189,0.5344,Leisure,4,7,On Time,,,3650,368650
FL03788,04-04-2024,IndiGo,6E 939,Airbus A321neo,PNQ,Pune,MAA,Chennai,22:14,22:20,00:03,00:08,109,167,220,0.7591,Student,6,5,On Time,,,4910,819970
FL00037,05-04-2024,SpiceJet,SG 115,Boeing 737-800,GAU,Guwahati,DEL,Delhi,10:43,10:51,13:15,13:22,152,128,189,0.6772,Student,8,7,On Time,,,6650,851200
FL01003,05-04-2024,Akasa Air,QP 373,Boeing 737 MAX 8,COK,Kochi,BLR,Bengaluru,16:07,17:17,17:14,18:29,67,140,189,0.7407,Leisure,70,75,Delayed,Ground Operations,,2070,289800
FL01052,05-04-2024,IndiGo,6E 922,Airbus A321neo,CCU,Kolkata,JAI,Jaipur,16:36,16:44,19:00,19:14,144,173,220,0.7864,Family,8,14,On Time,,,7010,1212730
FL03495,05-04-2024,Air India,AI 694,Airbus A320,COK,Kochi,GOI,Goa,11:46,13:14,13:09,14:37,83,106,174,0.6092,Student,88,88,Delayed,Late Arrival of Aircraft,,3060,324360
FL03602,05-04-2024,IndiGo,6E 794,Airbus A320neo,DEL,Delhi,PNQ,Pune,16:02,16:09,18:00,18:08,118,170,180,0.9444,Family,7,8,On Time,,,6980,1186600
FL03962,05-04-2024,IndiGo,6E 242,Airbus A320neo,HYD,Hyderabad,GOI,Goa,14:43,14:50,16:01,16:01,78,151,180,0.8389,Leisure,7,0,On Time,,,3070,463570
FL04284,05-04-2024,Air India Express,IX 486,Boeing 737-8,BOM,Mumbai,LKO,Lucknow,19:06,20:06,21:20,22:13,134,150,189,0.7937,Business,60,53,Delayed,Weather,,5850,877500
FL00217,06-04-2024,Air India Express,IX 174,Boeing 737-8,HYD,Hyderabad,GOI,Goa,11:31,11:40,12:50,12:56,79,143,189,0.7566,Business,9,6,On Time,,,2500,357500
FL00888,06-04-2024,Akasa Air,QP 348,Boeing 737 MAX 8,BOM,Mumbai,AMD,Ahmedabad,19:09,19:12,20:20,20:29,71,107,189,0.5661,Senior Citizen,3,9,On Time,,,1930,206510
FL01511,06-04-2024,IndiGo,6E 556,ATR 72,GOI,Goa,HYD,Hyderabad,08:14,08:18,09:26,09:26,72,43,70,0.6143,Senior Citizen,4,0,On Time,,,2690,115670
FL01551,06-04-2024,IndiGo,6E 590,Airbus A320neo,LKO,Lucknow,DEL,Delhi,15:13,15:13,16:16,16:16,63,121,180,0.6722,Family,0,0,On Time,,,2050,248050
FL02059,06-04-2024,IndiGo,6E 204,ATR 72,COK,Kochi,MAA,Chennai,17:20,18:39,18:28,19:53,68,55,70,0.7857,Family,79,85,Delayed,Crew,,2610,143550
FL02102,06-04-2024,Air India,AI 963,Airbus A320,BLR,Bengaluru,PNQ,Pune,18:44,18:45,20:25,20:31,101,147,174,0.8448,Leisure,1,6,On Time,,,4370,642390
FL04505,06-04-2024,Air India Express,IX 556,Boeing 737-800,COK,Kochi,HYD,Hyderabad,12:24,12:25,14:04,14:04,100,111,180,0.6167,Student,1,0,On Time,,,3460,384060
FL04739,06-04-2024,IndiGo,6E 847,ATR 72,PNQ,Pune,DEL,Delhi,18:42,18:46,20:45,20:45,123,56,70,0.8,Leisure,4,0,On Time,,,6550,366800
FL00207,07-04-2024,Air India,AI 158,Airbus A320,DEL,Delhi,AMD,Ahmedabad,22:27,22:36,23:58,00:04,91,132,174,0.7586,Business,9,6,On Time,,,4110,542520
FL00335,07-04-2024,IndiGo,6E 407,ATR 72,HYD,Hyderabad,PNQ,Pune,13:52,13:56,15:07,15:14,75,50,70,0.7143,Family,4,7,On Time,,,2590,129500
FL00963,07-04-2024,SpiceJet,SG 359,Boeing 737-800,MAA,Chennai,CJB,Coimbatore,19:38,19:41,20:49,20:49,71,125,189,0.6614,Senior Citizen,3,0,On Time,,,1840,230000
FL01769,07-04-2024,IndiGo,6E 763,Airbus A321neo,GOI,Goa,GAU,Guwahati,18:52,19:01,22:26,22:34,214,163,220,0.7409,Family,9,8,On Time,,,9210,1501230
FL03236,07-04-2024,IndiGo,6E 454,Airbus A321neo,BOM,Mumbai,HYD,Hyderabad,20:48,20:57,22:17,22:30,89,185,220,0.8409,Leisure,9,13,On Time,,,2790,516150
FL04678,07-04-2024,Air India Express,IX 609,Boeing 737-8,AMD,Ahmedabad,BOM,Mumbai,10:13,10:13,11:29,11:33,76,138,189,0.7302,Student,0,4,On Time,,,2000,276000
FL00474,08-04-2024,Akasa Air,QP 202,Boeing 737 MAX 8,BLR,Bengaluru,BOM,Mumbai,20:44,20:53,22:33,22:42,109,113,189,0.5979,Student,9,9,On Time,,,3830,432790
FL02379,08-04-2024,Akasa Air,QP 735,Boeing 737 MAX 8,MAA,Chennai,BLR,Bengaluru,15:32,17:47,16:27,18:32,55,137,189,0.7249,Business,135,125,Delayed,Crew,,1800,246600
FL03412,08-04-2024,IndiGo,6E 621,ATR 72,MAA,Chennai,CJB,Coimbatore,19:27,22:09,20:33,22:59,66,46,70,0.6571,Business,162,146,Delayed,Ground Operations,,1800,82800
FL03899,08-04-2024,IndiGo,6E 210,Airbus A320neo,HYD,Hyderabad,BLR,Bengaluru,21:13,22:05,22:24,23:02,71,147,180,0.8167,Leisure,52,38,Delayed,Air Traffic,,2460,361620
FL04188,08-04-2024,Air India,AI 999,Airbus A320,COK,Kochi,GOI,Goa,08:06,08:11,09:24,09:26,78,105,174,0.6034,Leisure,5,2,On Time,,,3150,330750
FL04705,08-04-2024,IndiGo,6E 820,ATR 72,HYD,Hyderabad,BOM,Mumbai,16:15,16:17,17:40,17:40,85,41,70,0.5857,Business,2,0,On Time,,,2270,93070
FL00302,09-04-2024,Air India,AI 182,Airbus A320,COK,Kochi,NAG,Nagpur,10:57,11:00,13:10,13:11,133,137,174,0.7874,Leisure,3,1,On Time,,,6480,887760
FL00679,09-04-2024,IndiGo,6E 663,Airbus A321neo,AMD,Ahmedabad,CJB,Coimbatore,11:34,11:40,14:18,14:32,164,174,220,0.7909,Family,6,14,On Time,,,7320,1273680
FL01240,09-04-2024,IndiGo,6E 295,Airbus A321neo,COK,Kochi,BOM,Mumbai,07:37,07:45,09:32,09:35,115,128,220,0.5818,Family,8,3,On Time,,,3860,494080
FL01654,09-04-2024,Air India,AI 779,Airbus A321,CCU,Kolkata,MAA,Chennai,11:26,11:34,13:55,13:55,149,107,190,0.5632,Student,8,0,On Time,,,5760,616320
FL01803,09-04-2024,Air India Express,IX 606,Boeing 737-8,MAA,Chennai,NAG,Nagpur,06:36,06:37,08:21,08:25,105,157,189,0.8307,Family,1,4,On Time,,,3950,620150
FL02780,09-04-2024,Akasa Air,QP 829,Boeing 737 MAX 8,AMD,Ahmedabad,BOM,Mumbai,08:30,11:17,09:26,12:10,56,128,189,0.6772,Student,167,164,Delayed,Crew,,1800,230400
FL03369,09-04-2024,Air India Express,IX 246,Boeing 737-8,HYD,Hyderabad,MAA,Chennai,06:23,06:27,07:44,07:49,81,184,189,0.9735,Leisure,4,5,On Time,,,2530,465520
FL04043,09-04-2024,Air India Express,IX 421,Boeing 737-8,HYD,Hyderabad,PNQ,Pune,19:09,19:12,20:27,20:32,78,121,189,0.6402,Business,3,5,On Time,,,2110,255310
FL02237,10-04-2024,Air India Express,IX 727,Boeing 737-8,HYD,Hyderabad,PNQ,Pune,16:02,16:06,17:19,17:24,77,128,189,0.6772,Student,4,5,On Time,,,2060,263680
FL02728,10-04-2024,Air India Express,IX 877,Boeing 737-800,BLR,Bengaluru,AMD,Ahmedabad,10:01,12:18,12:17,14:40,136,134,180,0.7444,Student,137,143,Delayed,Weather,,5350,716900
FL04617,10-04-2024,IndiGo,6E 763,Airbus A320neo,DEL,Delhi,BLR,Bengaluru,05:58,06:02,09:02,09:06,184,143,180,0.7944,Student,4,4,On Time,,,10380,1484340
FL04849,10-04-2024,IndiGo,6E 939,Airbus A321neo,HYD,Hyderabad,GOI,Goa,07:28,07:32,08:43,08:43,75,150,220,0.6818,Family,4,0,On Time,,,2540,381000
FL00341,11-04-2024,Akasa Air,QP 174,Boeing 737 MAX 8,HYD,Hyderabad,MAA,Chennai,12:59,14:34,14:11,15:41,72,135,189,0.7143,Leisure,95,90,Delayed,Late Arrival of Aircraft,,2280,307800
FL00671,11-04-2024,IndiGo,6E 658,Airbus A320neo,COK,Kochi,CJB,Coimbatore,18:03,20:00,18:48,20:25,45,131,180,0.7278,Business,117,97,Delayed,Crew,,1800,235800
FL00918,11-04-2024,Air India,AI 470,Boeing 787-8,GOI,Goa,BLR,Bengaluru,06:31,07:29,07:36,08:42,65,196,256,0.7656,Leisure,58,66,Delayed,Late Arrival of Aircraft,,2470,484120
FL01189,11-04-2024,IndiGo,6E 249,Airbus A320neo,PNQ,Pune,DEL,Delhi,08:31,08:34,10:34,10:37,123,148,180,0.8222,Leisure,3,3,On Time,,,5730,848040
FL03812,11-04-2024,Air India Express,IX 362,Boeing 737-800,CJB,Coimbatore,AMD,Ahmedabad,15:46,15:48,18:10,18:10,144,125,180,0.6944,Student,2,0,On Time,,,5950,743750
FL04789,11-04-2024,Air India,AI 425,Airbus A320,BLR,Bengaluru,HYD,Hyderabad,11:05,11:08,12:10,12:14,65,134,174,0.7701,Business,3,4,On Time,,,2520,337680
FL04847,11-04-2024,IndiGo,6E 938,Airbus A320neo,JAI,Jaipur,BOM,Mumbai,05:26,05:33,07:19,07:25,113,102,180,0.5667,Family,7,6,On Time,,,3740,381480
FL00764,12-04-2024,Akasa Air,QP 319,Boeing 737 MAX 8,NAG,Nagpur,BLR,Bengaluru,20:42,20:48,22:31,22:31,109,135,189,0.7143,Family,6,0,On Time,,,4480,604800
FL01054,12-04-2024,IndiGo,6E 923,Airbus A321neo,BLR,Bengaluru,MAA,Chennai,18:17,18:20,19:20,19:27,63,193,220,0.8773,Leisure,3,7,On Time,,,1800,347400
FL01105,12-04-2024,Akasa Air,QP 399,Boeing 737 MAX 8,MAA,Chennai,BLR,Bengaluru,17:25,17:34,18:15,18:18,50,159,189,0.8413,Student,9,3,On Time,,,1800,286200
FL01117,12-04-2024,IndiGo,6E 981,Airbus A320neo,HYD,Hyderabad,LKO,Lucknow,13:27,13:36,15:38,15:52,131,129,180,0.7167,Family,9,14,On Time,,,5400,696600
FL02334,12-04-2024,IndiGo,6E 443,ATR 72,PNQ,Pune,MAA,Chennai,08:59,09:07,10:47,10:56,108,61,70,0.8714,Family,8,9,On Time,,,4880,297680
FL03225,12-04-2024,Air India,AI 597,Airbus A321,BLR,Bengaluru,GOI,Goa,11:52,11:59,13:05,13:07,73,134,190,0.7053,Leisure,7,2,On Time,,,3020,404680
FL03391,12-04-2024,Akasa Air,QP 976,Boeing 737 MAX 8,PNQ,Pune,AMD,Ahmedabad,11:18,11:23,12:28,12:34,70,126,189,0.6667,Leisure,5,6,On Time,,,2190,275940
FL03929,12-04-2024,Air India Express,IX 390,Boeing 737-8,HYD,Hyderabad,GOI,Goa,20:35,20:37,21:42,21:42,67,138,189,0.7302,Leisure,2,0,On Time,,,2430,335340
FL04428,12-04-2024,IndiGo,6E 610,Airbus A320neo,MAA,Chennai,HYD,Hyderabad,16:03,16:07,17:09,17:09,66,150,180,0.8333,Business,4,0,On Time,,,2740,411000
FL00050,13-04-2024,Air India Express,IX 125,Boeing 737-8,CJB,Coimbatore,MAA,Chennai,13:43,13:52,14:48,15:00,65,160,189,0.8466,Family,9,12,On Time,,,1950,312000
FL00059,13-04-2024,Air India Express,IX 128,Boeing 737-800,COK,Kochi,AMD,Ahmedabad,09:01,11:09,11:39,13:47,158,130,180,0.7222,Student,128,128,Delayed,Late Arrival of Aircraft,,7270,945100
FL00153,13-04-2024,IndiGo,6E 242,Airbus A321neo,MAA,Chennai,AMD,Ahmedabad,22:28,00:32,00:59,03:02,151,113,220,0.5136,Leisure,124,123,Delayed,Late Arrival of Aircraft,,6080,687040
FL00231,13-04-2024,Air India,AI 166,Airbus A320,GOI,Goa,COK,Kochi,17:51,17:57,19:10,19:14,79,122,174,0.7011,Senior Citizen,6,4,On Time,,,3040,370880
FL00310,13-04-2024,IndiGo,6E 383,Airbus A321neo,BLR,Bengaluru,LKO,Lucknow,14:28,14:34,17:07,17:13,159,171,220,0.7773,Student,6,6,On Time,,,8220,1405620
FL01368,13-04-2024,Akasa Air,QP 465,Boeing 737 MAX 8,BLR,Bengaluru,BOM,Mumbai,16:11,16:20,17:55,17:59,104,156,189,0.8254,Family,9,4,On Time,,,4880,761280
FL01602,13-04-2024,IndiGo,6E 630,ATR 72,BOM,Mumbai,HYD,Hyderabad,19:18,21:01,20:41,22:28,83,55,70,0.7857,Leisure,103,107,Delayed,Crew,,3440,189200
FL02013,13-04-2024,SpiceJet,SG 566,Bombardier Q400,DEL,Delhi,BOM,Mumbai,16:03,16:03,18:16,18:16,133,61,78,0.7821,Leisure,0,0,On Time,,,6720,409920
FL02714,13-04-2024,Air India,AI 405,Boeing 787-8,BLR,Bengaluru,MAA,Chennai,19:17,20:36,20:13,21:17,56,211,256,0.8242,Student,79,64,Delayed,Ground Operations,,1800,379800
FL03270,13-04-2024,Akasa Air,QP 951,Boeing 737 MAX 8,HYD,Hyderabad,CCU,Kolkata,17:50,20:21,20:17,22:48,147,133,189,0.7037,Business,151,151,Delayed,Weather,,5190,690270
FL03572,13-04-2024,IndiGo,6E 777,Airbus A320neo,NAG,Nagpur,MAA,Chennai,13:26,13:26,15:17,15:17,111,132,180,0.7333,Senior Citizen,0,0,On Time,,,4730,624360
FL03978,13-04-2024,SpiceJet,SG 211,Boeing 737-800,GAU,Guwahati,JAI,Jaipur,14:13,14:18,17:00,17:01,167,123,189,0.6508,Family,5,1,On Time,,,6630,815490
FL00545,14-04-2024,IndiGo,6E 570,Airbus A320neo,CCU,Kolkata,GAU,Guwahati,07:19,07:20,08:39,08:44,80,126,180,0.7,Student,1,5,On Time,,,2660,335160
FL01757,14-04-2024,SpiceJet,SG 512,Boeing 737-800,GOI,Goa,CCU,Kolkata,12:29,12:37,15:23,15:37,174,126,189,0.6667,Leisure,8,14,On Time,,,7100,894600
FL02008,14-04-2024,SpiceJet,SG 562,Boeing 737-800,DEL,Delhi,AMD,Ahmedabad,11:07,11:08,12:44,12:44,97,162,189,0.8571,Student,1,0,On Time,,,4450,720900
FL02184,14-04-2024,Air India Express,IX 704,Boeing 737-8,HYD,Hyderabad,COK,Kochi,13:24,13:28,15:05,15:10,101,147,189,0.7778,Leisure,4,5,On Time,,,5040,740880
FL03026,14-04-2024,IndiGo,6E 273,Airbus A321neo,MAA,Chennai,LKO,Lucknow,17:58,18:04,20:49,21:03,171,182,220,0.8273,Leisure,6,14,On Time,,,7640,1390480
FL04539,14-04-2024,SpiceJet,SG 368,Bombardier Q400,AMD,Ahmedabad,BOM,Mumbai,07:23,07:32,08:26,08:37,63,55,78,0.7051,Senior Citizen,9,11,On Time,,,2340,128700
FL00417,15-04-2024,Air India,AI 246,Boeing 787-8,DEL,Delhi,MAA,Chennai,19:35,20:38,22:40,01:35,185,146,256,0.5703,Business,63,175,Diverted,Late Arrival of Aircraft,,7270,1061420
FL02477,15-04-2024,Air India Express,IX 790,Boeing 737-8,MAA,Chennai,GOI,Goa,13:42,13:50,15:16,15:30,94,140,189,0.7407,Student,8,14,On Time,,,3470,485800
FL03163,15-04-2024,Akasa Air,QP 936,Boeing 737 MAX 8,BLR,Bengaluru,MAA,Chennai,21:44,21:50,22:42,22:43,58,113,189,0.5979,Family,6,1,On Time,,,1800,203400
FL03189,15-04-2024,IndiGo,6E 426,Airbus A320neo,PNQ,Pune,DEL,Delhi,06:38,06:38,08:47,08:47,129,140,180,0.7778,Leisure,0,0,On Time,,,5680,795200
FL03607,15-04-2024,IndiGo,6E 799,Airbus A320neo,BLR,Bengaluru,MAA,Chennai,17:13,18:20,18:09,19:08,56,126,180,0.7,Family,67,59,Diverted,Technical Issue,,1800,226800
FL03891,15-04-2024,SpiceJet,SG 980,Boeing 737-800,GOI,Goa,HYD,Hyderabad,12:48,13:21,14:06,14:38,78,116,189,0.6138,Business,33,32,Delayed,Weather,,2230,258680
FL03901,15-04-2024,IndiGo,6E 213,ATR 72,BOM,Mumbai,CJB,Coimbatore,14:31,14:31,16:29,16:29,118,53,70,0.7571,Leisure,0,0,On Time,,,5200,275600
FL03970,15-04-2024,Akasa Air,QP 328,Boeing 737 MAX 8,CCU,Kolkata,PNQ,Pune,10:05,10:06,12:55,12:56,170,113,189,0.5979,Business,1,1,On Time,,,6910,780830
FL04676,15-04-2024,IndiGo,6E 800,ATR 72,BOM,Mumbai,HYD,Hyderabad,20:14,20:16,21:45,21:49,91,52,70,0.7429,Family,2,4,On Time,,,2840,147680
FL00128,16-04-2024,SpiceJet,SG 144,Bombardier Q400,BLR,Bengaluru,HYD,Hyderabad,05:28,05:34,06:34,06:42,66,70,78,0.8974,Family,6,8,On Time,,,2610,182700
FL00204,16-04-2024,Air India,AI 154,Boeing 787-8,MAA,Chennai,COK,Kochi,09:37,09:41,10:42,10:51,65,156,256,0.6094,Leisure,4,9,On Time,,,2170,338520
FL00264,16-04-2024,IndiGo,6E 351,Airbus A321neo,LKO,Lucknow,AMD,Ahmedabad,09:44,09:45,11:38,11:38,114,181,220,0.8227,Family,1,0,On Time,,,4740,857940
FL00806,16-04-2024,Air India,AI 430,Airbus A320,AMD,Ahmedabad,MAA,Chennai,08:21,08:25,10:48,10:56,147,87,174,0.5,Business,4,8,On Time,,,5740,499380
FL01151,16-04-2024,IndiGo,6E 216,ATR 72,GOI,Goa,PNQ,Pune,20:24,20:29,21:31,21:35,67,51,70,0.7286,Leisure,5,4,On Time,,,1800,91800
FL02606,16-04-2024,Akasa Air,QP 789,Boeing 737 MAX 8,CJB,Coimbatore,COK,Kochi,06:45,06:46,07:30,07:33,45,142,189,0.7513,Business,1,3,On Time,,,1800,255600
FL00462,17-04-2024,Air India Express,IX 245,Boeing 737-800,BOM,Mumbai,HYD,Hyderabad,18:31,,19:46,,75,0,180,0,Family,0,0,Cancelled,,Technical Issue,2910,0
FL02517,17-04-2024,Air India,AI 322,Airbus A321,LKO,Lucknow,BLR,Bengaluru,12:17,12:20,15:12,15:16,175,112,190,0.5895,Leisure,3,4,On Time,,,7280,815360
FL03972,17-04-2024,IndiGo,6E 246,Airbus A321neo,HYD,Hyderabad,GAU,Guwahati,09:45,10:50,12:40,13:40,175,144,220,0.6545,Senior Citizen,65,60,Delayed,Other,,7280,1048320
FL00261,18-04-2024,Akasa Air,QP 155,Boeing 737 MAX 8,PNQ,Pune,HYD,Hyderabad,11:52,11:52,13:04,13:06,72,102,189,0.5397,Senior Citizen,0,2,On Time,,,1950,198900
FL01165,18-04-2024,Akasa Air,QP 411,Boeing 737 MAX 8,LKO,Lucknow,GAU,Guwahati,13:44,13:44,15:41,15:41,117,91,189,0.4815,Business,0,0,On Time,,,3990,363090
FL02049,18-04-2024,Air India,AI 941,Airbus A321,CCU,Kolkata,BOM,Mumbai,12:14,12:15,15:09,15:09,175,123,190,0.6474,Student,1,0,On Time,,,8620,1060260
FL02891,18-04-2024,Air India Express,IX 925,Boeing 737-8,CCU,Kolkata,PNQ,Pune,13:36,13:44,16:20,16:28,164,110,189,0.582,Leisure,8,8,On Time,,,6080,668800
FL03215,18-04-2024,Akasa Air,QP 947,Boeing 737 MAX 8,BLR,Bengaluru,MAA,Chennai,09:01,11:35,09:48,12:54,47,140,189,0.7407,Family,154,186,Delayed,Weather,,1800,252000
FL04369,18-04-2024,SpiceJet,SG 317,Boeing 737-800,GOI,Goa,BOM,Mumbai,15:53,15:55,16:57,16:57,64,123,189,0.6508,Leisure,2,0,On Time,,,1800,221400
FL00376,19-04-2024,Akasa Air,QP 183,Boeing 737 MAX 8,PNQ,Pune,JAI,Jaipur,20:17,20:17,22:02,22:02,105,162,189,0.8571,Leisure,0,0,On Time,,,4160,673920
FL00469,19-04-2024,Air India,AI 266,Airbus A321,CCU,Kolkata,BLR,Bengaluru,11:59,12:04,14:48,14:55,169,176,190,0.9263,Family,5,7,On Time,,,9520,1675520
FL01529,19-04-2024,Akasa Air,QP 512,Boeing 737 MAX 8,CCU,Kolkata,BOM,Mumbai,07:21,07:26,10:08,10:08,167,156,189,0.8254,Leisure,5,0,On Time,,,9750,1521000
FL02953,19-04-2024,IndiGo,6E 209,Airbus A320neo,LKO,Lucknow,AMD,Ahmedabad,22:03,22:11,23:44,23:53,101,134,180,0.7444,Family,8,9,On Time,,,4760,637840
FL00849,20-04-2024,Akasa Air,QP 337,Boeing 737 MAX 8,BOM,Mumbai,BLR,Bengaluru,10:23,10:23,12:04,12:04,101,154,189,0.8148,Leisure,0,0,On Time,,,5110,786940
FL02903,20-04-2024,Akasa Air,QP 867,Boeing 737 MAX 8,NAG,Nagpur,CCU,Kolkata,17:58,17:59,20:02,20:09,124,133,189,0.7037,Leisure,1,7,On Time,,,4810,639730
FL02912,20-04-2024,IndiGo,6E 974,Airbus A320neo,BOM,Mumbai,COK,Kochi,12:48,12:57,14:41,14:52,113,107,180,0.5944,Senior Citizen,9,11,On Time,,,5270,563890
FL04252,20-04-2024,IndiGo,6E 469,Airbus A320neo,HYD,Hyderabad,MAA,Chennai,18:03,18:08,19:17,19:24,74,161,180,0.8944,Family,5,7,On Time,,,2890,465290
FL04457,20-04-2024,IndiGo,6E 634,Airbus A320neo,BLR,Bengaluru,BOM,Mumbai,14:35,14:43,16:10,16:20,95,136,180,0.7556,Business,8,10,On Time,,,4670,635120
FL04720,20-04-2024,IndiGo,6E 831,Airbus A321neo,DEL,Delhi,BOM,Mumbai,20:13,20:17,22:17,22:20,124,152,220,0.6909,Business,4,3,On Time,,,5080,772160
FL04881,20-04-2024,IndiGo,6E 964,Airbus A320neo,BLR,Bengaluru,MAA,Chennai,16:01,16:04,16:47,16:55,46,156,180,0.8667,Family,3,8,On Time,,,1800,280800
FL00552,21-04-2024,IndiGo,6E 575,Airbus A321neo,DEL,Delhi,GOI,Goa,18:07,18:10,20:43,20:46,156,161,220,0.7318,Senior Citizen,3,3,On Time,,,7920,1275120
FL00762,21-04-2024,Air India Express,IX 312,Boeing 737-800,GAU,Guwahati,CCU,Kolkata,14:06,14:07,15:22,15:22,76,124,180,0.6889,Family,1,0,On Time,,,2180,270320
FL01915,21-04-2024,SpiceJet,SG 539,Bombardier Q400,AMD,Ahmedabad,GAU,Guwahati,18:40,18:46,21:55,22:03,195,62,78,0.7949,Family,6,8,On Time,,,10370,642940
FL01990,21-04-2024,Air India Express,IX 655,Boeing 737-800,DEL,Delhi,AMD,Ahmedabad,18:26,18:26,19:54,19:59,88,157,180,0.8722,Family,0,5,On Time,,,3740,587180
FL02360,21-04-2024,SpiceJet,SG 647,Boeing 737-800,PNQ,Pune,MAA,Chennai,08:08,09:16,09:50,10:54,102,139,189,0.7354,Business,68,64,Delayed,Technical Issue,,4110,571290
FL02376,21-04-2024,IndiGo,6E 487,ATR 72,BOM,Mumbai,PNQ,Pune,18:01,18:07,18:46,18:47,45,60,70,0.8571,Family,6,1,On Time,,,1800,108000
FL02383,21-04-2024,Akasa Air,QP 738,Boeing 737 MAX 8,NAG,Nagpur,CCU,Kolkata,10:20,10:24,12:19,12:19,119,155,189,0.8201,Leisure,4,0,On Time,,,5310,823050
FL02526,21-04-2024,IndiGo,6E 622,ATR 72,BLR,Bengaluru,MAA,Chennai,08:50,08:53,09:53,09:57,63,47,70,0.6714,Family,3,4,On Time,,,1800,84600
FL04414,21-04-2024,Akasa Air,QP 442,Boeing 737 MAX 8,CJB,Coimbatore,DEL,Delhi,11:06,11:11,14:19,14:22,193,119,189,0.6296,Leisure,5,3,On Time,,,9950,1184050
FL00091,22-04-2024,Air India Express,IX 141,Boeing 737-800,MAA,Chennai,BOM,Mumbai,14:32,14:41,16:29,16:34,117,120,180,0.6667,Business,9,5,On Time,,,4140,496800
FL01004,22-04-2024,SpiceJet,SG 374,Boeing 737-800,BOM,Mumbai,AMD,Ahmedabad,07:57,08:00,09:07,09:14,70,98,189,0.5185,Leisure,3,7,On Time,,,1800,176400
FL02174,22-04-2024,Air India,AI 990,Boeing 787-8,PNQ,Pune,HYD,Hyderabad,13:33,13:42,14:50,15:01,77,166,256,0.6484,Family,9,11,On Time,,,2280,378480
FL03058,22-04-2024,Air India,AI 529,Airbus A321,HYD,Hyderabad,BOM,Mumbai,16:13,16:47,17:38,18:12,85,154,190,0.8105,Leisure,34,34,Delayed,Security,,3160,486640
FL04008,22-04-2024,SpiceJet,SG 221,Boeing 737-800,CCU,Kolkata,LKO,Lucknow,21:28,21:28,23:24,23:24,116,150,189,0.7937,Leisure,0,0,On Time,,,4200,630000
FL04466,22-04-2024,Air India Express,IX 545,Boeing 737-8,BLR,Bengaluru,MAA,Chennai,17:49,17:51,18:35,18:38,46,141,189,0.746,Family,2,3,On Time,,,1800,253800
FL00195,23-04-2024,IndiGo,6E 284,Airbus A320neo,LKO,Lucknow,CCU,Kolkata,07:33,07:36,09:19,09:23,106,124,180,0.6889,Business,3,4,On Time,,,4270,529480
FL00268,23-04-2024,IndiGo,6E 354,Airbus A320neo,LKO,Lucknow,BLR,Bengaluru,06:56,06:56,09:41,09:41,165,108,180,0.6,Leisure,0,0,On Time,,,7600,820800
FL00523,23-04-2024,IndiGo,6E 558,Airbus A321neo,MAA,Chennai,BLR,Bengaluru,17:16,17:21,18:11,18:15,55,203,220,0.9227,Business,5,4,On Time,,,1800,365400
FL00985,23-04-2024,Air India Express,IX 376,Boeing 737-800,PNQ,Pune,COK,Kochi,19:22,19:22,21:19,21:21,117,112,180,0.6222,Student,0,2,On Time,,,3880,434560
FL01154,23-04-2024,Akasa Air,QP 408,Boeing 737 MAX 8,BLR,Bengaluru,GAU,Guwahati,18:11,18:19,21:30,21:39,199,122,189,0.6455,Student,8,9,On Time,,,8280,1010160
FL01443,23-04-2024,IndiGo,6E 486,Airbus A321neo,JAI,Jaipur,BLR,Bengaluru,06:20,07:28,08:59,10:07,159,126,220,0.5727,Leisure,68,68,Delayed,Weather,,6890,868140
FL01784,23-04-2024,Air India Express,IX 591,Boeing 737-800,DEL,Delhi,GOI,Goa,18:57,19:06,21:32,21:36,155,110,180,0.6111,Leisure,9,4,On Time,,,5890,647900
FL01964,23-04-2024,IndiGo,6E 914,Airbus A320neo,HYD,Hyderabad,NAG,Nagpur,05:47,05:54,06:58,07:08,71,105,180,0.5833,Family,7,10,On Time,,,1900,199500
FL02009,23-04-2024,Akasa Air,QP 653,Boeing 737 MAX 8,DEL,Delhi,BOM,Mumbai,14:59,15:08,17:04,17:18,125,162,189,0.8571,Business,9,14,On Time,,,6060,981720
FL02683,23-04-2024,IndiGo,6E 768,Airbus A320neo,MAA,Chennai,CCU,Kolkata,19:14,19:22,21:45,21:59,151,98,180,0.5444,Leisure,8,14,On Time,,,5400,529200
FL02951,23-04-2024,IndiGo,6E 204,Airbus A320neo,PNQ,Pune,MAA,Chennai,15:08,15:11,17:05,17:12,117,104,180,0.5778,Student,3,7,On Time,,,3750,390000
FL03528,23-04-2024,IndiGo,6E 739,Airbus A321neo,AMD,Ahmedabad,DEL,Delhi,12:12,12:19,13:43,13:49,91,146,220,0.6636,Leisure,7,6,On Time,,,3500,511000
FL03706,23-04-2024,Akasa Air,QP 252,Boeing 737 MAX 8,MAA,Chennai,BLR,Bengaluru,21:15,21:15,22:07,22:07,52,140,189,0.7407,Student,0,0,On Time,,,1800,252000
FL03794,23-04-2024,Air India Express,IX 358,Boeing 737-8,AMD,Ahmedabad,JAI,Jaipur,15:44,15:49,16:53,16:53,69,162,189,0.8571,Student,5,0,On Time,,,2760,447120
FL04126,23-04-2024,SpiceJet,SG 245,Bombardier Q400,NAG,Nagpur,LKO,Lucknow,22:00,22:08,23:29,23:32,89,54,78,0.6923,Business,8,3,On Time,,,2820,152280
FL04224,23-04-2024,SpiceJet,SG 269,Bombardier Q400,PNQ,Pune,NAG,Nagpur,07:35,07:39,09:08,09:10,93,50,78,0.641,Business,4,2,On Time,,,2420,121000
FL00029,24-04-2024,Akasa Air,QP 105,Boeing 737 MAX 8,COK,Kochi,MAA,Chennai,10:09,12:38,11:27,14:06,78,145,189,0.7672,Family,149,159,Delayed,Crew,,2640,382800
FL01111,24-04-2024,IndiGo,6E 977,ATR 72,DEL,Delhi,CJB,Coimbatore,05:24,05:28,08:30,08:34,186,34,70,0.4857,Leisure,4,4,On Time,,,7360,250240
FL01519,24-04-2024,IndiGo,6E 564,Airbus A321neo,BLR,Bengaluru,HYD,Hyderabad,10:40,10:40,11:56,11:56,76,183,220,0.8318,Leisure,0,0,On Time,,,1990,364170
FL01843,24-04-2024,Air India Express,IX 622,Boeing 737-800,AMD,Ahmedabad,MAA,Chennai,11:32,11:39,13:56,14:09,144,119,180,0.6611,Leisure,7,13,On Time,,,6040,718760
FL03199,24-04-2024,IndiGo,6E 434,ATR 72,MAA,Chennai,HYD,Hyderabad,10:15,10:19,11:35,11:36,80,39,70,0.5571,Business,4,1,On Time,,,2110,82290
FL03425,24-04-2024,Air India,AI 667,Airbus A320,HYD,Hyderabad,MAA,Chennai,16:42,16:49,17:54,18:08,72,147,174,0.8448,Leisure,7,14,On Time,,,2510,368970
FL03539,24-04-2024,IndiGo,6E 748,ATR 72,BOM,Mumbai,HYD,Hyderabad,17:37,17:43,18:58,19:11,81,54,70,0.7714,Leisure,6,13,On Time,,,3170,171180
FL04388,24-04-2024,IndiGo,6E 570,Airbus A321neo,GOI,Goa,LKO,Lucknow,18:54,18:57,21:34,21:35,160,168,220,0.7636,Family,3,1,On Time,,,6490,1090320
FL04936,24-04-2024,IndiGo,6E 222,ATR 72,BLR,Bengaluru,CJB,Coimbatore,12:37,14:26,13:26,15:23,49,42,70,0.6,Business,109,117,Delayed,Technical Issue,,1800,75600
FL00442,25-04-2024,IndiGo,6E 493,Airbus A320neo,GOI,Goa,AMD,Ahmedabad,19:53,20:00,21:36,21:47,103,119,180,0.6611,Leisure,7,11,On Time,,,4270,508130
FL00703,25-04-2024,IndiGo,6E 672,Airbus A321neo,DEL,Delhi,GOI,Goa,06:46,06:50,09:23,09:23,157,173,220,0.7864,Family,4,0,On Time,,,7020,1214460
FL01396,25-04-2024,Air India Express,IX 482,Boeing 737-8,GOI,Goa,DEL,Delhi,17:43,17:43,20:15,20:19,152,146,189,0.7725,Business,0,4,On Time,,,5790,845340
FL01904,25-04-2024,IndiGo,6E 879,Airbus A320neo,HYD,Hyderabad,BLR,Bengaluru,15:30,15:39,16:39,16:45,69,141,180,0.7833,Student,9,6,On Time,,,2090,294690
FL02916,25-04-2024,SpiceJet,SG 766,Bombardier Q400,CJB,Coimbatore,MAA,Chennai,22:12,01:02,23:19,02:21,67,47,78,0.6026,Family,170,182,Delayed,Ground Operations,,1800,84600
FL04660,25-04-2024,IndiGo,6E 792,ATR 72,HYD,Hyderabad,NAG,Nagpur,14:06,14:29,15:14,15:39,68,48,70,0.6857,Business,23,25,Delayed,Ground Operations,,2270,108960
FL04840,25-04-2024,IndiGo,6E 924,Airbus A321neo,CJB,Coimbatore,BOM,Mumbai,18:45,18:51,20:41,20:45,116,119,220,0.5409,Senior Citizen,6,4,On Time,,,4230,503370
FL01434,26-04-2024,Akasa Air,QP 484,Boeing 737 MAX 8,GAU,Guwahati,GOI,Goa,20:39,20:45,00:15,00:17,216,170,189,0.8995,Leisure,6,2,On Time,,,12770,2170900
FL02209,26-04-2024,IndiGo,6E 341,Airbus A321neo,BOM,Mumbai,JAI,Jaipur,21:53,22:00,23:35,23:45,102,170,220,0.7727,Family,7,10,On Time,,,4770,810900
FL02957,26-04-2024,IndiGo,6E 213,ATR 72,HYD,Hyderabad,PNQ,Pune,09:34,09:36,10:38,10:45,64,56,70,0.8,Leisure,2,7,On Time,,,2260,126560
FL03806,26-04-2024,IndiGo,6E 955,ATR 72,CCU,Kolkata,GAU,Guwahati,12:18,12:20,13:24,13:26,66,52,70,0.7429,Student,2,2,On Time,,,2930,152360
FL04079,26-04-2024,Air India,AI 938,Airbus A321,DEL,Delhi,MAA,Chennai,22:12,22:14,01:17,01:17,185,166,190,0.8737,Senior Citizen,2,0,On Time,,,11760,1952160
FL04286,26-04-2024,IndiGo,6E 488,Airbus A321neo,BOM,Mumbai,BLR,Bengaluru,17:57,18:01,19:39,19:40,102,158,220,0.7182,Leisure,4,1,On Time,,,4320,682560
FL04399,26-04-2024,IndiGo,6E 580,Airbus A321neo,GOI,Goa,HYD,Hyderabad,09:27,09:33,10:44,10:54,77,167,220,0.7591,Student,6,10,On Time,,,2710,452570
FL04671,26-04-2024,Air India,AI 377,Airbus A321,BLR,Bengaluru,JAI,Jaipur,15:21,15:30,18:06,18:17,165,143,190,0.7526,Student,9,11,On Time,,,9000,1287000
FL00375,27-04-2024,Air India Express,IX 223,Boeing 737-8,PNQ,Pune,HYD,Hyderabad,09:18,09:19,10:32,10:32,74,152,189,0.8042,Student,1,0,On Time,,,2510,381520
FL03343,27-04-2024,IndiGo,6E 557,ATR 72,PNQ,Pune,AMD,Ahmedabad,20:56,21:31,22:23,23:07,87,52,70,0.7429,Family,35,44,Delayed,Other,,2760,143520
FL03657,27-04-2024,SpiceJet,SG 931,Bombardier Q400,BOM,Mumbai,CJB,Coimbatore,20:43,20:43,22:34,22:36,111,52,78,0.6667,Leisure,0,2,On Time,,,4350,226200
FL03968,27-04-2024,Air India Express,IX 398,Boeing 737-800,HYD,Hyderabad,BLR,Bengaluru,16:49,16:53,18:01,18:02,72,171,180,0.95,Leisure,4,1,On Time,,,2650,453150
FL04961,27-04-2024,IndiGo,6E 239,ATR 72,MAA,Chennai,COK,Kochi,21:57,23:33,23:10,01:17,73,44,70,0.6286,Family,96,127,Delayed,Crew,,2420,106480
FL00927,28-04-2024,Air India,AI 475,Airbus A320,GOI,Goa,GAU,Guwahati,11:42,11:49,15:20,15:31,218,118,174,0.6782,Leisure,7,11,On Time,,,11510,1358180
FL02989,28-04-2024,Air India Express,IX 949,Boeing 737-800,PNQ,Pune,COK,Kochi,17:46,17:49,19:40,19:40,114,124,180,0.6889,Family,3,0,On Time,,,5040,624960
FL03117,28-04-2024,Air India,AI 552,Airbus A320,COK,Kochi,HYD,Hyderabad,20:49,22:28,22:25,00:05,96,159,174,0.9138,Leisure,99,100,Delayed,Late Arrival of Aircraft,,4340,690060
FL03618,28-04-2024,SpiceJet,SG 922,Bombardier Q400,PNQ,Pune,NAG,Nagpur,22:04,22:04,23:38,23:42,94,39,78,0.5,Student,0,4,On Time,,,2590,101010
FL04962,28-04-2024,IndiGo,6E 241,Airbus A321neo,MAA,Chennai,CCU,Kolkata,21:20,21:26,23:44,23:47,144,148,220,0.6727,Business,6,3,On Time,,,7200,1065600
FL00089,29-04-2024,IndiGo,6E 178,Airbus A321neo,NAG,Nagpur,HYD,Hyderabad,10:54,11:03,12:02,12:13,68,132,220,0.6,Family,9,11,On Time,,,1930,254760
FL00954,29-04-2024,Akasa Air,QP 364,Boeing 737 MAX 8,DEL,Delhi,PNQ,Pune,14:12,14:15,16:24,16:24,132,138,189,0.7302,Business,3,0,On Time,,,5290,730020
FL01330,29-04-2024,SpiceJet,SG 439,Bombardier Q400,BLR,Bengaluru,COK,Kochi,14:33,14:35,15:31,15:34,58,44,78,0.5641,Leisure,2,3,On Time,,,1800,79200
FL02442,29-04-2024,Air India Express,IX 780,Boeing 737-800,GOI,Goa,GAU,Guwahati,20:03,20:05,23:35,23:39,212,102,180,0.5667,Leisure,2,4,On Time,,,10000,1020000
FL02923,29-04-2024,IndiGo,6E 982,Airbus A321neo,GOI,Goa,AMD,Ahmedabad,18:24,18:25,20:02,20:04,98,158,220,0.7182,Leisure,1,2,On Time,,,3640,575120
FL04009,29-04-2024,SpiceJet,SG 222,Boeing 737-800,AMD,Ahmedabad,DEL,Delhi,09:26,09:27,11:00,11:00,94,99,189,0.5238,Senior Citizen,1,0,On Time,,,3170,313830
FL04063,29-04-2024,Akasa Air,QP 360,Boeing 737 MAX 8,MAA,Chennai,GOI,Goa,10:00,10:08,11:33,11:33,93,132,189,0.6984,Business,8,0,On Time,,,3120,411840
FL04565,29-04-2024,Air India Express,IX 570,Boeing 737-8,PNQ,Pune,HYD,Hyderabad,14:48,14:55,16:04,16:12,76,113,189,0.5979,Leisure,7,8,On Time,,,2040,230520
FL04922,29-04-2024,Akasa Air,QP 581,Boeing 737 MAX 8,CCU,Kolkata,PNQ,Pune,07:13,07:17,10:03,10:06,170,107,189,0.5661,Leisure,4,3,On Time,,,5880,629160
FL04984,29-04-2024,Air India Express,IX 683,Boeing 737-800,COK,Kochi,PNQ,Pune,21:58,23:52,23:52,01:51,114,131,180,0.7278,Student,114,119,Delayed,Weather,,4640,607840
FL00778,30-04-2024,Air India,AI 417,Airbus A321,CCU,Kolkata,GAU,Guwahati,22:17,22:24,23:34,23:41,77,139,190,0.7316,Business,7,7,On Time,,,2170,301630
FL01661,30-04-2024,Akasa Air,QP 548,Boeing 737 MAX 8,HYD,Hyderabad,MAA,Chennai,07:51,08:53,09:00,09:44,69,152,189,0.8042,Leisure,62,44,Delayed,Late Arrival of Aircraft,,2430,369360
FL02771,30-04-2024,Air India,AI 419,Airbus A320,DEL,Delhi,AMD,Ahmedabad,13:28,13:28,15:02,15:02,94,114,174,0.6552,Business,0,0,On Time,,,3720,424080
FL02881,30-04-2024,IndiGo,6E 944,Airbus A320neo,BLR,Bengaluru,GOI,Goa,19:46,19:48,21:07,21:09,81,130,180,0.7222,Family,2,2,On Time,,,2380,309400
FL03121,30-04-2024,IndiGo,6E 363,ATR 72,HYD,Hyderabad,GOI,Goa,08:31,08:36,09:47,09:55,76,41,70,0.5857,Business,5,8,On Time,,,2140,87740
FL04573,30-04-2024,IndiGo,6E 723,Airbus A321neo,MAA,Chennai,BOM,Mumbai,07:44,08:30,09:35,10:07,111,161,220,0.7318,Leisure,46,32,Delayed,Late Arrival of Aircraft,,5290,851690
FL00538,01-05-2024,Akasa Air,QP 220,Boeing 737 MAX 8,COK,Kochi,GOI,Goa,16:11,16:13,17:32,17:34,81,127,189,0.672,Business,2,2,On Time,,,2870,364490
FL00889,01-05-2024,IndiGo,6E 820,Airbus A320neo,JAI,Jaipur,MAA,Chennai,13:27,13:34,16:15,16:23,168,119,180,0.6611,Leisure,7,8,On Time,,,7750,922250
FL00968,01-05-2024,SpiceJet,SG 362,Bombardier Q400,BLR,Bengaluru,NAG,Nagpur,17:27,18:57,19:09,20:39,102,68,78,0.8718,Business,90,90,Delayed,Weather,,4430,301240
FL01360,01-05-2024,IndiGo,6E 421,Airbus A321neo,MAA,Chennai,AMD,Ahmedabad,05:33,05:37,08:03,08:08,150,158,220,0.7182,Business,4,5,On Time,,,7390,1167620
FL02110,01-05-2024,IndiGo,6E 253,ATR 72,BOM,Mumbai,PNQ,Pune,19:28,19:35,20:13,20:25,45,57,70,0.8143,Business,7,12,On Time,,,1800,102600
FL02521,01-05-2024,IndiGo,6E 618,Airbus A320neo,DEL,Delhi,AMD,Ahmedabad,12:00,12:06,13:30,13:30,90,141,180,0.7833,Leisure,6,0,On Time,,,3580,504780
FL03374,01-05-2024,Air India Express,IX 250,Boeing 737-800,MAA,Chennai,DEL,Delhi,20:50,20:51,23:39,23:39,169,153,180,0.85,Family,1,0,On Time,,,10210,1562130
FL04410,01-05-2024,Air India Express,IX 519,Boeing 737-800,PNQ,Pune,HYD,Hyderabad,19:38,20:44,20:45,21:55,67,134,180,0.7444,Business,66,70,Delayed,Weather,,2510,336340
FL00175,02-05-2024,IndiGo,6E 264,Airbus A320neo,BOM,Mumbai,JAI,Jaipur,22:13,22:16,23:52,23:52,99,112,180,0.6222,Leisure,3,0,On Time,,,4860,544320
FL00266,02-05-2024,Air India,AI 167,Airbus A320,DEL,Delhi,PNQ,Pune,07:06,07:12,09:14,09:21,128,127,174,0.7299,Leisure,6,7,On Time,,,6810,864870
FL00798,02-05-2024,IndiGo,6E 747,Airbus A320neo,GAU,Guwahati,MAA,Chennai,13:55,14:03,17:14,17:28,199,127,180,0.7056,Business,8,14,On Time,,,9540,1211580
FL00925,02-05-2024,IndiGo,6E 847,Airbus A320neo,COK,Kochi,BOM,Mumbai,10:03,10:09,12:11,12:22,128,135,180,0.75,Leisure,6,11,On Time,,,5970,805950
FL03235,02-05-2024,Air India Express,IX 210,Boeing 737-800,LKO,Lucknow,NAG,Nagpur,16:32,16:51,17:55,18:16,83,131,180,0.7278,Leisure,19,21,Delayed,Air Traffic,,3070,402170
FL03534,02-05-2024,SpiceJet,SG 895,Boeing 737-800,NAG,Nagpur,BLR,Bengaluru,21:09,21:15,22:58,23:01,109,147,189,0.7778,Leisure,6,3,On Time,,,4100,602700
FL03760,02-05-2024,Air India,AI 808,Airbus A321,BLR,Bengaluru,DEL,Delhi,11:50,11:56,14:53,15:00,183,122,190,0.6421,Student,6,7,On Time,,,10820,1320040
FL04467,02-05-2024,IndiGo,6E 641,Airbus A320neo,BLR,Bengaluru,BOM,Mumbai,19:10,19:17,20:51,21:05,101,152,180,0.8444,Family,7,14,On Time,,,4900,744800
FL00084,03-05-2024,SpiceJet,SG 127,Boeing 737-800,DEL,Delhi,PNQ,Pune,13:38,13:44,15:52,16:03,134,133,189,0.7037,Business,6,11,On Time,,,5750,764750
FL00539,03-05-2024,Air India,AI 294,Airbus A320,HYD,Hyderabad,AMD,Ahmedabad,12:53,12:59,14:39,14:48,106,136,174,0.7816,Business,6,9,On Time,,,5760,783360
FL01298,03-05-2024,Akasa Air,QP 444,Boeing 737 MAX 8,PNQ,Pune,HYD,Hyderabad,12:33,12:40,13:47,13:53,74,134,189,0.709,Family,7,6,On Time,,,2590,347060
FL02588,03-05-2024,Air India,AI 359,Airbus A321,CJB,Coimbatore,LKO,Lucknow,06:46,09:03,09:51,12:06,185,185,190,0.9737,Leisure,137,135,Delayed,Crew,,14310,2647350
FL02696,03-05-2024,Akasa Air,QP 804,Boeing 737 MAX 8,COK,Kochi,MAA,Chennai,14:46,14:48,16:00,16:01,74,163,189,0.8624,Leisure,2,1,On Time,,,2580,420540
FL02810,03-05-2024,IndiGo,6E 883,Airbus A320neo,DEL,Delhi,MAA,Chennai,13:53,13:55,16:41,16:42,168,158,180,0.8778,Business,2,1,On Time,,,9370,1480460
FL04374,03-05-2024,IndiGo,6E 559,Airbus A320neo,CJB,Coimbatore,BLR,Bengaluru,18:31,18:40,19:18,19:32,47,157,180,0.8722,Leisure,9,14,On Time,,,1870,293590
FL01100,04-05-2024,Air India,AI 550,Airbus A321,BOM,Mumbai,COK,Kochi,05:46,05:49,07:44,07:46,118,174,190,0.9158,Family,3,2,On Time,,,7990,1390260
FL01164,04-05-2024,SpiceJet,SG 413,Boeing 737-800,COK,Kochi,BLR,Bengaluru,13:23,13:31,14:34,14:48,71,181,189,0.9577,Family,8,14,On Time,,,2170,392770
FL01845,04-05-2024,Air India,AI 859,Airbus A321,COK,Kochi,AMD,Ahmedabad,20:51,20:59,23:31,23:34,160,149,190,0.7842,Leisure,8,3,On Time,,,10250,1527250
FL02725,04-05-2024,IndiGo,6E 806,Airbus A321neo,JAI,Jaipur,LKO,Lucknow,08:37,08:46,09:55,10:00,78,183,220,0.8318,Leisure,9,5,On Time,,,2770,506910
FL02944,04-05-2024,Akasa Air,QP 875,Boeing 737 MAX 8,CCU,Kolkata,BLR,Bengaluru,21:06,21:06,23:50,23:50,164,109,189,0.5767,Senior Citizen,0,0,On Time,,,7960,867640
FL03735,04-05-2024,Akasa Air,QP 258,Boeing 737 MAX 8,GOI,Goa,BOM,Mumbai,19:35,19:35,20:34,20:34,59,142,189,0.7513,Family,0,0,On Time,,,2480,352160
FL04709,04-05-2024,Air India,AI 395,Boeing 787-8,GOI,Goa,MAA,Chennai,17:38,17:39,19:04,19:09,86,214,256,0.8359,Business,1,5,On Time,,,4750,1016500
FL04997,04-05-2024,Air India,AI 531,Airbus A321,HYD,Hyderabad,BOM,Mumbai,12:21,12:53,13:43,14:06,82,172,190,0.9053,Business,32,23,Delayed,Crew,,4000,688000
FL01267,05-05-2024,Air India,AI 613,Boeing 787-8,DEL,Delhi,LKO,Lucknow,10:25,10:33,11:32,11:43,67,214,256,0.8359,Family,8,11,On Time,,,2440,522160
FL01470,05-05-2024,Akasa Air,QP 496,Boeing 737 MAX 8,LKO,Lucknow,BOM,Mumbai,17:36,17:43,19:48,19:53,132,118,189,0.6243,Business,7,5,On Time,,,6390,754020
FL01590,05-05-2024,IndiGo,6E 614,Airbus A320neo,CCU,Kolkata,BLR,Bengaluru,16:34,16:43,19:17,19:23,163,144,180,0.8,Business,9,6,On Time,,,9100,1310400
FL01762,05-05-2024,Air India,AI 827,Airbus A320,COK,Kochi,MAA,Chennai,22:11,22:13,23:25,23:25,74,127,174,0.7299,Leisure,2,0,On Time,,,2680,340360
FL01781,05-05-2024,IndiGo,6E 782,ATR 72,HYD,Hyderabad,GOI,Goa,18:47,18:56,20:12,20:25,85,49,70,0.7,Student,9,13,On Time,,,3370,165130
FL02186,05-05-2024,IndiGo,6E 315,Airbus A320neo,MAA,Chennai,DEL,Delhi,17:46,17:46,20:48,20:48,182,148,180,0.8222,Family,0,0,On Time,,,10430,1543640
FL02341,05-05-2024,Air India,AI 248,Airbus A321,CCU,Kolkata,LKO,Lucknow,10:14,12:34,11:56,14:19,102,129,190,0.6789,Family,140,143,Delayed,Air Traffic,,5650,728850
FL02709,05-05-2024,IndiGo,6E 788,Airbus A320neo,HYD,Hyderabad,AMD,Ahmedabad,18:39,18:46,20:20,20:26,101,137,180,0.7611,Student,7,6,On Time,,,5910,809670
FL03100,05-05-2024,IndiGo,6E 342,Airbus A320neo,NAG,Nagpur,BLR,Bengaluru,15:20,15:28,17:09,17:19,109,152,180,0.8444,Student,8,10,On Time,,,5230,794960
FL04376,05-05-2024,Air India,AI 281,Airbus A320,BLR,Bengaluru,HYD,Hyderabad,14:43,14:45,15:52,15:57,69,129,174,0.7414,Leisure,2,5,On Time,,,2780,358620
FL00131,06-05-2024,Akasa Air,QP 128,Boeing 737 MAX 8,HYD,Hyderabad,DEL,Delhi,10:49,10:58,13:07,13:18,138,123,189,0.6508,Student,9,11,On Time,,,6040,742920
FL00352,06-05-2024,Air India,AI 205,Boeing 787-8,AMD,Ahmedabad,NAG,Nagpur,16:12,16:20,17:49,17:52,97,203,256,0.793,Leisure,8,3,On Time,,,4600,933800
FL03682,06-05-2024,IndiGo,6E 856,Airbus A320neo,COK,Kochi,GOI,Goa,11:24,13:44,12:49,15:12,85,126,180,0.7,Leisure,140,143,Delayed,Crew,,3560,448560
FL00454,07-05-2024,IndiGo,6E 504,Airbus A321neo,BOM,Mumbai,JAI,Jaipur,14:07,14:16,15:54,16:04,107,147,220,0.6682,Business,9,10,On Time,,,4850,712950
FL00516,07-05-2024,IndiGo,6E 554,Airbus A320neo,CJB,Coimbatore,MAA,Chennai,11:25,13:15,12:27,14:31,62,118,180,0.6556,Business,110,124,Delayed,Late Arrival of Aircraft,,2050,241900
FL00808,07-05-2024,IndiGo,6E 757,Airbus A320neo,JAI,Jaipur,DEL,Delhi,17:18,17:18,18:11,18:19,53,122,180,0.6778,Family,0,8,On Time,,,1800,219600
FL01225,07-05-2024,IndiGo,6E 285,ATR 72,CCU,Kolkata,BOM,Mumbai,20:25,20:34,23:21,23:27,176,49,70,0.7,Leisure,9,6,On Time,,,9270,454230
FL02548,07-05-2024,IndiGo,6E 643,Airbus A321neo,DEL,Delhi,AMD,Ahmedabad,09:50,09:59,11:22,11:28,92,128,220,0.5818,Senior Citizen,9,6,On Time,,,3760,481280
FL03142,07-05-2024,IndiGo,6E 383,ATR 72,BLR,Bengaluru,PNQ,Pune,13:26,13:27,14:53,14:53,87,58,70,0.8286,Leisure,1,0,On Time,,,3920,227360
FL03518,07-05-2024,IndiGo,6E 728,ATR 72,BOM,Mumbai,GOI,Goa,20:16,20:23,21:18,21:32,62,54,70,0.7714,Leisure,7,14,On Time,,,2640,142560
FL04012,07-05-2024,Air India,AI 916,Boeing 787-8,PNQ,Pune,LKO,Lucknow,11:46,11:51,13:57,14:02,131,175,256,0.6836,Leisure,5,5,On Time,,,5400,945000
FL04236,07-05-2024,Air India,AI 215,Boeing 787-8,HYD,Hyderabad,BOM,Mumbai,20:19,20:28,21:47,21:54,88,154,256,0.6016,Leisure,9,7,On Time,,,3250,500500
FL02317,08-05-2024,Akasa Air,QP 725,Boeing 737 MAX 8,LKO,Lucknow,BOM,Mumbai,08:14,08:14,10:32,10:32,138,125,189,0.6614,Business,0,0,On Time,,,5090,636250
FL03184,08-05-2024,IndiGo,6E 419,Airbus A321neo,DEL,Delhi,MAA,Chennai,06:14,06:18,09:23,09:25,189,171,220,0.7773,Business,4,2,On Time,,,9430,1612530
FL00272,09-05-2024,Akasa Air,QP 160,Boeing 737 MAX 8,LKO,Lucknow,HYD,Hyderabad,13:21,13:22,15:20,15:20,119,172,189,0.9101,Leisure,1,0,On Time,,,6290,1081880
FL01185,09-05-2024,IndiGo,6E 245,ATR 72,BLR,Bengaluru,BOM,Mumbai,12:52,13:01,14:34,14:46,102,55,70,0.7857,Family,9,12,On Time,,,4060,223300
FL01526,09-05-2024,Akasa Air,QP 510,Boeing 737 MAX 8,CJB,Coimbatore,NAG,Nagpur,12:11,12:14,14:18,14:23,127,102,189,0.5397,Family,3,5,On Time,,,4850,494700
FL01598,09-05-2024,Air India,AI 755,Boeing 787-8,BLR,Bengaluru,GOI,Goa,20:17,21:06,21:27,22:21,70,145,256,0.5664,Leisure,49,54,Delayed,Air Traffic,,2640,382800
FL01975,09-05-2024,IndiGo,6E 929,Airbus A320neo,COK,Kochi,BOM,Mumbai,05:42,05:42,07:35,07:35,113,137,180,0.7611,Leisure,0,0,On Time,,,5840,800080
FL02743,09-05-2024,IndiGo,6E 820,Airbus A321neo,GOI,Goa,JAI,Jaipur,13:53,13:55,16:19,16:25,146,153,220,0.6955,Senior Citizen,2,6,On Time,,,6510,996030
FL04074,09-05-2024,Air India,AI 936,Boeing 787-8,PNQ,Pune,GOI,Goa,11:49,13:03,12:53,13:56,64,174,256,0.6797,Business,74,63,Delayed,Ground Operations,,1860,323640
FL04199,09-05-2024,SpiceJet,SG 262,Bombardier Q400,BLR,Bengaluru,CJB,Coimbatore,07:45,09:27,08:33,10:21,48,59,78,0.7564,Family,102,108,Delayed,Technical Issue,,1800,106200
FL04465,09-05-2024,Akasa Air,QP 455,Boeing 737 MAX 8,CJB,Coimbatore,HYD,Hyderabad,09:24,09:24,10:52,10:52,88,151,189,0.7989,Leisure,0,0,On Time,,,3850,581350
FL04639,09-05-2024,IndiGo,6E 774,Airbus A320neo,COK,Kochi,LKO,Lucknow,07:29,07:36,10:45,10:51,196,139,180,0.7722,Business,7,6,On Time,,,9290,1291310
FL00115,10-05-2024,IndiGo,6E 204,ATR 72,BOM,Mumbai,HYD,Hyderabad,11:16,14:16,12:44,16:07,88,56,70,0.8,Senior Citizen,180,203,Delayed,Crew,,3240,181440
FL00587,10-05-2024,Air India,AI 322,Airbus A321,COK,Kochi,BLR,Bengaluru,13:45,15:38,14:48,16:39,63,132,190,0.6947,Senior Citizen,113,111,Delayed,Technical Issue,,2230,294360
FL01016,10-05-2024,Air India,AI 519,Airbus A321,DEL,Delhi,AMD,Ahmedabad,05:32,05:36,07:09,07:11,97,132,190,0.6947,Leisure,4,2,On Time,,,4720,623040
FL01124,10-05-2024,IndiGo,6E 985,Airbus A320neo,HYD,Hyderabad,MAA,Chennai,13:03,13:08,14:19,14:20,76,146,180,0.8111,Family,5,1,On Time,,,3010,439460
FL01184,10-05-2024,Akasa Air,QP 417,Boeing 737 MAX 8,PNQ,Pune,CCU,Kolkata,14:45,14:49,17:31,17:31,166,110,189,0.582,Leisure,4,0,On Time,,,8380,921800
FL01239,10-05-2024,Air India Express,IX 455,Boeing 737-800,JAI,Jaipur,BLR,Bengaluru,18:47,18:49,21:29,21:42,162,154,180,0.8556,Leisure,2,13,On Time,,,7500,1155000
FL01544,10-05-2024,Akasa Air,QP 517,Boeing 737 MAX 8,CCU,Kolkata,BLR,Bengaluru,16:40,17:37,19:23,20:15,163,144,189,0.7619,Business,57,52,Delayed,Air Traffic,,9330,1343520
FL01896,10-05-2024,IndiGo,6E 872,Airbus A320neo,BOM,Mumbai,MAA,Chennai,05:17,06:31,07:15,08:09,118,142,180,0.7889,Family,74,54,Delayed,Air Traffic,,5960,846320
FL01944,10-05-2024,IndiGo,6E 903,Airbus A320neo,COK,Kochi,PNQ,Pune,14:06,16:56,15:58,19:02,112,131,180,0.7278,Leisure,170,184,Delayed,Ground Operations,,6550,858050
FL03644,10-05-2024,IndiGo,6E 826,ATR 72,HYD,Hyderabad,BLR,Bengaluru,09:21,09:21,10:23,10:23,62,59,70,0.8429,Family,0,0,On Time,,,2610,153990
FL04228,10-05-2024,IndiGo,6E 445,Airbus A321neo,GOI,Goa,BLR,Bengaluru,10:53,10:56,12:03,12:03,70,172,220,0.7818,Student,3,0,On Time,,,2930,503960
FL00196,11-05-2024,SpiceJet,SG 165,Boeing 737-800,CJB,Coimbatore,HYD,Hyderabad,21:00,21:06,22:36,22:49,96,157,189,0.8307,Student,6,13,On Time,,,5020,788140
FL00851,11-05-2024,Air India,AI 445,Airbus A321,CJB,Coimbatore,GOI,Goa,19:19,19:25,20:35,20:40,76,183,190,0.9632,Family,6,5,On Time,,,4090,748470
FL01912,11-05-2024,Akasa Air,QP 621,Boeing 737 MAX 8,COK,Kochi,AMD,Ahmedabad,05:21,05:23,07:55,07:55,154,113,189,0.5979,Family,2,0,On Time,,,7600,858800
FL02113,11-05-2024,Air India Express,IX 682,Boeing 737-8,PNQ,Pune,GOI,Goa,20:41,20:42,21:43,21:43,62,163,189,0.8624,Business,1,0,On Time,,,1970,321110
FL03804,11-05-2024,Air India,AI 828,Airbus A320,BLR,Bengaluru,HYD,Hyderabad,15:28,15:43,16:34,16:39,66,128,174,0.7356,Leisure,15,5,Delayed,Late Arrival of Aircraft,,2870,367360
FL03945,11-05-2024,IndiGo,6E 235,Airbus A320neo,GOI,Goa,HYD,Hyderabad,07:59,10:34,09:11,11:19,72,122,180,0.6778,Student,155,128,Delayed,Technical Issue,,3150,384300
FL04090,11-05-2024,IndiGo,6E 341,ATR 72,MAA,Chennai,BLR,Bengaluru,20:53,22:59,21:56,00:21,63,56,70,0.8,Senior Citizen,126,145,Delayed,Technical Issue,,1800,100800
FL04827,11-05-2024,Akasa Air,QP 555,Boeing 737 MAX 8,GAU,Guwahati,CCU,Kolkata,19:52,19:58,21:11,21:12,79,150,189,0.7937,Business,6,1,On Time,,,2980,447000
FL00943,12-05-2024,Air India,AI 483,Airbus A320,BOM,Mumbai,PNQ,Pune,06:16,06:25,07:01,07:07,45,153,174,0.8793,Family,9,6,On Time,,,1800,275400
FL01834,12-05-2024,Air India,AI 856,Boeing 787-8,CJB,Coimbatore,BLR,Bengaluru,17:27,17:31,18:17,18:17,50,231,256,0.9023,Business,4,0,On Time,,,1800,415800
FL02314,12-05-2024,Air India,AI 230,Airbus A320,COK,Kochi,CJB,Coimbatore,05:06,05:15,05:51,06:04,45,124,174,0.7126,Leisure,9,13,On Time,,,1800,223200
FL04000,12-05-2024,Air India,AI 912,Airbus A320,PNQ,Pune,BLR,Bengaluru,15:49,15:58,17:19,17:26,90,118,174,0.6782,Leisure,9,7,On Time,,,3890,459020
FL04397,12-05-2024,Air India Express,IX 509,Boeing 737-8,COK,Kochi,BOM,Mumbai,14:33,14:42,16:43,16:52,130,151,189,0.7989,Leisure,9,9,On Time,,,5230,789730
FL04422,12-05-2024,Air India,AI 301,Airbus A321,DEL,Delhi,MAA,Chennai,15:48,18:25,18:50,21:44,182,153,190,0.8053,Senior Citizen,157,174,Delayed,Security,,10680,1634040
FL04903,12-05-2024,IndiGo,6E 988,Airbus A321neo,AMD,Ahmedabad,BLR,Bengaluru,09:44,09:50,11:55,12:04,131,163,220,0.7409,Senior Citizen,6,9,On Time,,,8270,1348010
FL00282,13-05-2024,Akasa Air,QP 161,Boeing 737 MAX 8,HYD,Hyderabad,DEL,Delhi,15:37,16:51,17:50,18:58,133,167,189,0.8836,Family,74,68,Delayed,Late Arrival of Aircraft,,7270,1214090
FL00553,13-05-2024,SpiceJet,SG 249,Boeing 737-800,HYD,Hyderabad,COK,Kochi,10:28,10:30,11:57,12:05,89,136,189,0.7196,Student,2,8,On Time,,,4020,546720
FL02084,13-05-2024,Air India Express,IX 674,Boeing 737-8,BLR,Bengaluru,BOM,Mumbai,18:51,19:00,20:33,20:47,102,153,189,0.8095,Student,9,14,On Time,,,4250,650250
FL02737,13-05-2024,IndiGo,6E 813,Airbus A320neo,AMD,Ahmedabad,PNQ,Pune,15:49,15:51,17:03,17:06,74,125,180,0.6944,Senior Citizen,2,3,On Time,,,2550,318750
FL03068,13-05-2024,Akasa Air,QP 902,Boeing 737 MAX 8,MAA,Chennai,BOM,Mumbai,20:21,20:24,22:10,22:16,109,141,189,0.746,Leisure,3,6,On Time,,,4900,690900
FL04070,13-05-2024,Air India Express,IX 424,Boeing 737-8,HYD,Hyderabad,CCU,Kolkata,08:57,11:31,11:07,13:41,130,139,189,0.7354,Leisure,154,154,Delayed,Security,,6140,853460
FL04221,13-05-2024,Air India,AI 209,Airbus A321,CJB,Coimbatore,HYD,Hyderabad,19:36,19:41,21:07,21:16,91,134,190,0.7053,Business,5,9,On Time,,,3930,526620
FL04598,13-05-2024,IndiGo,6E 747,Airbus A321neo,HYD,Hyderabad,CCU,Kolkata,06:40,06:44,08:59,09:04,139,111,220,0.5045,Business,4,5,On Time,,,5610,622710
FL04796,13-05-2024,Air India Express,IX 646,Boeing 737-8,COK,Kochi,GOI,Goa,12:54,12:54,14:07,14:07,73,120,189,0.6349,Family,0,0,On Time,,,2890,346800
FL00456,14-05-2024,Akasa Air,QP 194,Boeing 737 MAX 8,CCU,Kolkata,MAA,Chennai,15:24,15:29,17:49,17:54,145,151,189,0.7989,Business,5,5,On Time,,,7590,1146090
FL01463,14-05-2024,Air India Express,IX 502,Boeing 737-800,AMD,Ahmedabad,HYD,Hyderabad,14:27,14:33,16:16,16:25,109,127,180,0.7056,Business,6,9,On Time,,,4450,565150
FL02970,14-05-2024,IndiGo,6E 225,Airbus A320neo,DEL,Delhi,COK,Kochi,06:32,06:38,10:02,10:11,210,120,180,0.6667,Leisure,6,9,On Time,,,9630,1155600
FL04351,14-05-2024,IndiGo,6E 544,Airbus A320neo,GOI,Goa,BLR,Bengaluru,14:06,16:23,15:16,17:36,70,141,180,0.7833,Business,137,140,Delayed,Weather,,2930,413130
FL02809,15-05-2024,SpiceJet,SG 732,Boeing 737-800,NAG,Nagpur,CCU,Kolkata,22:07,22:10,00:00,00:00,113,144,189,0.7619,Leisure,3,0,On Time,,,4690,675360
FL03039,15-05-2024,IndiGo,6E 295,ATR 72,DEL,Delhi,CJB,Coimbatore,05:42,05:47,08:55,08:59,193,54,70,0.7714,Family,5,4,On Time,,,11270,608580
FL03150,15-05-2024,IndiGo,6E 392,Airbus A321neo,BOM,Mumbai,DEL,Delhi,12:32,12:36,14:30,14:35,118,178,220,0.8091,Family,4,5,On Time,,,6200,1103600
FL03564,15-05-2024,IndiGo,6E 769,ATR 72,BLR,Bengaluru,COK,Kochi,11:12,11:18,12:19,12:19,67,50,70,0.7143,Business,6,0,On Time,,,1930,96500
FL03685,15-05-2024,IndiGo,6E 859,Airbus A321neo,BLR,Bengaluru,COK,Kochi,09:10,09:19,10:12,10:21,62,183,220,0.8318,Leisure,9,9,On Time,,,2100,384300
FL04006,15-05-2024,Akasa Air,QP 338,Boeing 737 MAX 8,AMD,Ahmedabad,BOM,Mumbai,12:20,12:23,13:31,13:31,71,147,189,0.7778,Student,3,0,On Time,,,2140,314580
FL00716,16-05-2024,IndiGo,6E 681,Airbus A320neo,BLR,Bengaluru,BOM,Mumbai,09:14,09:20,10:50,10:57,96,132,180,0.7333,Senior Citizen,6,7,On Time,,,3870,510840
FL00899,16-05-2024,IndiGo,6E 827,Airbus A320neo,CCU,Kolkata,MAA,Chennai,07:01,09:40,09:21,12:05,140,113,180,0.6278,Leisure,159,164,Delayed,Technical Issue,,7660,865580
FL01645,16-05-2024,Air India,AI 770,Airbus A320,PNQ,Pune,BOM,Mumbai,19:27,19:29,20:12,20:13,45,117,174,0.6724,Student,2,1,On Time,,,1800,210600
FL02204,16-05-2024,SpiceJet,SG 604,Boeing 737-800,CJB,Coimbatore,MAA,Chennai,14:24,14:59,15:30,16:01,66,151,189,0.7989,Business,35,31,Delayed,Technical Issue,,2330,351830
FL03155,16-05-2024,SpiceJet,SG 809,Bombardier Q400,PNQ,Pune,DEL,Delhi,17:24,20:06,19:36,22:23,132,51,78,0.6538,Business,162,167,Delayed,Technical Issue,,5540,282540
FL03942,16-05-2024,IndiGo,6E 231,ATR 72,BOM,Mumbai,HYD,Hyderabad,13:48,16:01,15:03,17:00,75,54,70,0.7714,Student,133,117,Delayed,Crew,,3000,162000
FL04094,16-05-2024,Air India Express,IX 434,Boeing 737-800,BLR,Bengaluru,MAA,Chennai,11:38,11:42,12:28,12:34,50,137,180,0.7611,Leisure,4,6,On Time,,,1800,246600
FL04216,16-05-2024,IndiGo,6E 437,Airbus A321neo,AMD,Ahmedabad,GOI,Goa,18:29,18:33,20:17,20:18,108,119,220,0.5409,Family,4,1,On Time,,,3840,456960
FL00663,17-05-2024,SpiceJet,SG 278,Bombardier Q400,CCU,Kolkata,MAA,Chennai,11:28,13:23,14:06,16:10,158,56,78,0.7179,Leisure,115,124,Delayed,Late Arrival of Aircraft,,7410,414960
FL00980,17-05-2024,Air India,AI 508,Airbus A320,PNQ,Pune,COK,Kochi,20:21,20:23,22:21,22:24,120,126,174,0.7241,Leisure,2,3,On Time,,,6190,779940
FL01337,17-05-2024,IndiGo,6E 402,Airbus A320neo,MAA,Chennai,BLR,Bengaluru,14:32,15:05,15:26,16:12,54,152,180,0.8444,Family,33,46,Delayed,Air Traffic,,1800,273600
FL01472,17-05-2024,IndiGo,6E 514,Airbus A321neo,COK,Kochi,GOI,Goa,16:18,19:16,17:47,20:49,89,159,220,0.7227,Leisure,178,182,Delayed,Technical Issue,,3040,483360
FL02078,17-05-2024,SpiceJet,SG 580,Boeing 737-800,CJB,Coimbatore,GOI,Goa,20:33,20:38,21:55,22:09,82,138,189,0.7302,Family,5,14,On Time,,,3240,447120
FL02748,17-05-2024,IndiGo,6E 824,Airbus A321neo,PNQ,Pune,HYD,Hyderabad,19:31,19:31,20:42,20:42,71,146,220,0.6636,Student,0,0,On Time,,,2800,408800
FL03109,17-05-2024,Akasa Air,QP 918,Boeing 737 MAX 8,COK,Kochi,AMD,Ahmedabad,22:03,22:07,00:39,00:42,156,164,189,0.8677,Leisure,4,3,On Time,,,8590,1408760
FL03442,17-05-2024,IndiGo,6E 649,Airbus A321neo,HYD,Hyderabad,BOM,Mumbai,07:53,08:02,09:18,09:21,85,174,220,0.7909,Student,9,3,On Time,,,4250,739500
FL04253,17-05-2024,Air India Express,IX 471,Boeing 737-8,AMD,Ahmedabad,BOM,Mumbai,15:39,15:43,16:44,16:53,65,124,189,0.6561,Family,4,9,On Time,,,2380,295120
FL04427,17-05-2024,IndiGo,6E 609,Airbus A321neo,BOM,Mumbai,COK,Kochi,21:32,21:39,23:44,23:52,132,169,220,0.7682,Leisure,7,8,On Time,,,6260,1057940
FL04508,17-05-2024,IndiGo,6E 672,Airbus A320neo,BOM,Mumbai,CJB,Coimbatore,22:28,22:33,00:22,00:25,114,162,180,0.9,Family,5,3,On Time,,,5880,952560
FL04797,17-05-2024,Air India,AI 428,Boeing 787-8,DEL,Delhi,HYD,Hyderabad,10:10,10:12,12:32,12:41,142,190,256,0.7422,Leisure,2,9,On Time,,,8260,1569400
FL04940,17-05-2024,IndiGo,6E 225,Airbus A321neo,AMD,Ahmedabad,BOM,Mumbai,05:15,05:21,06:24,06:37,69,207,220,0.9409,Business,6,13,On Time,,,2810,581670
FL00036,18-05-2024,SpiceJet,SG 113,Boeing 737-800,BLR,Bengaluru,BOM,Mumbai,18:45,18:50,20:21,20:28,96,138,189,0.7302,Business,5,7,On Time,,,4130,569940
FL00767,18-05-2024,IndiGo,6E 722,ATR 72,HYD,Hyderabad,PNQ,Pune,22:27,22:34,23:41,23:49,74,46,70,0.6571,Leisure,7,8,On Time,,,2680,123280
FL01369,18-05-2024,Air India Express,IX 475,Boeing 737-8,CCU,Kolkata,CJB,Coimbatore,14:25,14:25,17:36,17:36,191,178,189,0.9418,Leisure,0,0,On Time,,,10240,1822720
FL01405,18-05-2024,Air India,AI 676,Airbus A321,BLR,Bengaluru,DEL,Delhi,14:45,14:54,17:38,17:52,173,169,190,0.8895,Leisure,9,14,On Time,,,10640,1798160
FL01628,18-05-2024,SpiceJet,SG 485,Boeing 737-800,COK,Kochi,HYD,Hyderabad,19:05,19:12,20:46,21:00,101,167,189,0.8836,Family,7,14,On Time,,,4360,728120
FL01697,18-05-2024,Air India Express,IX 568,Boeing 737-800,HYD,Hyderabad,MAA,Chennai,09:21,09:26,10:33,10:34,72,130,180,0.7222,Leisure,5,1,On Time,,,2720,353600
FL01888,18-05-2024,IndiGo,6E 864,Airbus A320neo,BLR,Bengaluru,AMD,Ahmedabad,19:38,21:01,21:44,23:28,126,156,180,0.8667,Family,83,104,Delayed,Ground Operations,,8330,1299480
FL02282,18-05-2024,SpiceJet,SG 624,Bombardier Q400,BOM,Mumbai,DEL,Delhi,09:25,09:28,11:26,11:35,121,77,78,0.9872,Leisure,3,9,On Time,,,6910,532070
FL02398,18-05-2024,IndiGo,6E 512,Airbus A321neo,HYD,Hyderabad,BLR,Bengaluru,07:49,07:53,08:59,09:04,70,176,220,0.8,Family,4,5,On Time,,,2670,469920
FL03168,18-05-2024,IndiGo,6E 405,Airbus A321neo,CJB,Coimbatore,HYD,Hyderabad,09:35,09:42,11:02,11:16,87,174,220,0.7909,Senior Citizen,7,14,On Time,,,4000,696000
FL03267,18-05-2024,Air India Express,IX 216,Boeing 737-8,NAG,Nagpur,BLR,Bengaluru,06:47,08:41,08:32,10:27,105,138,189,0.7302,Family,114,115,Delayed,Technical Issue,,5100,703800
FL03742,18-05-2024,Air India,AI 795,Airbus A321,PNQ,Pune,MAA,Chennai,07:49,08:47,09:39,10:28,110,130,190,0.6842,Business,58,49,Delayed,Ground Operations,,5250,682500
FL04988,18-05-2024,IndiGo,6E 252,Airbus A320neo,GOI,Goa,AMD,Ahmedabad,09:14,09:14,11:02,11:02,108,145,180,0.8056,Leisure,0,0,On Time,,,5180,751100
FL02224,19-05-2024,Air India Express,IX 724,Boeing 737-8,BOM,Mumbai,COK,Kochi,08:46,08:55,10:50,10:59,124,169,189,0.8942,Business,9,9,On Time,,,6270,1059630
FL03125,19-05-2024,SpiceJet,SG 805,Boeing 737-800,NAG,Nagpur,CCU,Kolkata,14:12,15:54,16:08,17:53,116,156,189,0.8254,Leisure,102,105,Delayed,Air Traffic,,5390,840840
FL03285,19-05-2024,SpiceJet,SG 843,Bombardier Q400,BOM,Mumbai,BLR,Bengaluru,11:55,11:55,13:28,13:33,93,76,78,0.9744,Leisure,0,5,On Time,,,5090,386840
FL03630,19-05-2024,Air India,AI 750,Airbus A321,LKO,Lucknow,DEL,Delhi,13:14,13:16,14:20,14:24,66,150,190,0.7895,Family,2,4,On Time,,,2460,369000
FL03943,19-05-2024,Air India Express,IX 395,Boeing 737-800,DEL,Delhi,JAI,Jaipur,17:15,17:23,18:05,18:13,50,155,180,0.8611,Business,8,8,On Time,,,1800,279000
FL04207,19-05-2024,Akasa Air,QP 399,Boeing 737 MAX 8,PNQ,Pune,BOM,Mumbai,07:52,07:52,08:37,08:37,45,158,189,0.836,Student,0,0,On Time,,,1800,284400
FL04576,19-05-2024,IndiGo,6E 727,Airbus A321neo,COK,Kochi,DEL,Delhi,17:53,18:01,21:12,21:14,199,133,220,0.6045,Family,8,2,On Time,,,10660,1417780
FL00589,20-05-2024,IndiGo,6E 596,Airbus A321neo,MAA,Chennai,LKO,Lucknow,20:25,23:13,23:05,02:10,160,152,220,0.6909,Leisure,168,185,Delayed,Crew,,7100,1079200
FL01110,20-05-2024,IndiGo,6E 974,Airbus A321neo,COK,Kochi,AMD,Ahmedabad,11:24,11:53,13:55,14:33,151,165,220,0.75,Student,29,38,Delayed,Ground Operations,,8230,1357950
FL01196,20-05-2024,Air India,AI 583,Boeing 787-8,MAA,Chennai,BOM,Mumbai,18:59,19:02,20:48,20:51,109,189,256,0.7383,Business,3,3,On Time,,,6070,1147230
FL01597,20-05-2024,IndiGo,6E 624,Airbus A321neo,BLR,Bengaluru,COK,Kochi,17:39,17:42,18:41,18:44,62,168,220,0.7636,Leisure,3,3,On Time,,,2300,386400
FL03900,20-05-2024,Air India,AI 878,Boeing 787-8,BOM,Mumbai,JAI,Jaipur,21:19,21:28,23:10,23:20,111,190,256,0.7422,Leisure,9,10,On Time,,,5110,970900
FL00444,21-05-2024,Air India,AI 261,Boeing 787-8,AMD,Ahmedabad,PNQ,Pune,21:15,21:21,22:23,22:34,68,205,256,0.8008,Senior Citizen,6,11,On Time,,,2660,545300
FL01277,21-05-2024,IndiGo,6E 341,Airbus A321neo,BLR,Bengaluru,HYD,Hyderabad,15:27,15:29,16:30,16:34,63,160,220,0.7273,Family,2,4,On Time,,,2280,364800
FL02124,21-05-2024,SpiceJet,SG 587,Boeing 737-800,LKO,Lucknow,BOM,Mumbai,17:50,17:57,20:09,20:09,139,136,189,0.7196,Student,7,0,On Time,,,6240,848640
FL02478,21-05-2024,Air India,AI 299,Airbus A320,BLR,Bengaluru,GOI,Goa,22:02,23:21,23:15,00:41,73,127,174,0.7299,Leisure,79,86,Delayed,Late Arrival of Aircraft,,2770,351790
FL03126,21-05-2024,IndiGo,6E 367,Airbus A321neo,HYD,Hyderabad,COK,Kochi,09:25,09:29,10:59,11:00,94,176,220,0.8,Leisure,4,1,On Time,,,4340,763840
FL04022,21-05-2024,IndiGo,6E 286,Airbus A321neo,CJB,Coimbatore,AMD,Ahmedabad,09:20,09:23,11:41,11:44,141,164,220,0.7455,Business,3,3,On Time,,,7200,1180800
FL04716,21-05-2024,IndiGo,6E 827,Airbus A320neo,MAA,Chennai,LKO,Lucknow,12:30,12:37,15:17,15:19,167,124,180,0.6889,Family,7,2,On Time,,,7770,963480
FL00026,22-05-2024,IndiGo,6E 134,Airbus A321neo,COK,Kochi,JAI,Jaipur,22:27,22:32,01:40,01:44,193,183,220,0.8318,Family,5,4,On Time,,,10470,1916010
FL01233,22-05-2024,IndiGo,6E 294,Airbus A320neo,GOI,Goa,LKO,Lucknow,11:30,11:39,14:00,14:10,150,156,180,0.8667,Leisure,9,10,On Time,,,8420,1313520
FL01445,22-05-2024,IndiGo,6E 490,ATR 72,BLR,Bengaluru,MAA,Chennai,08:28,08:29,09:17,09:17,49,64,70,0.9143,Family,1,0,On Time,,,1800,115200
FL01591,22-05-2024,Air India,AI 752,Airbus A321,BLR,Bengaluru,PNQ,Pune,08:07,08:07,09:28,09:28,81,120,190,0.6316,Family,0,0,On Time,,,3900,468000
FL01629,22-05-2024,IndiGo,6E 662,Airbus A321neo,BLR,Bengaluru,BOM,Mumbai,05:15,05:23,07:04,07:15,109,145,220,0.6591,Senior Citizen,8,11,On Time,,,3900,565500
FL02584,22-05-2024,Akasa Air,QP 780,Boeing 737 MAX 8,GOI,Goa,MAA,Chennai,10:52,10:59,12:24,12:31,92,129,189,0.6825,Student,7,7,On Time,,,3730,481170
FL03102,22-05-2024,IndiGo,6E 345,ATR 72,BOM,Mumbai,GAU,Guwahati,07:40,07:44,10:59,11:03,199,51,70,0.7286,Family,4,4,On Time,,,11300,576300
FL03191,22-05-2024,IndiGo,6E 427,ATR 72,PNQ,Pune,AMD,Ahmedabad,19:38,19:38,20:53,20:54,75,44,70,0.6286,Senior Citizen,0,1,On Time,,,2260,99440
FL03228,22-05-2024,Air India,AI 598,Airbus A321,BOM,Mumbai,GOI,Goa,15:06,15:10,16:14,16:17,68,130,190,0.6842,Business,4,3,On Time,,,2160,280800
FL04378,22-05-2024,Air India,AI 282,Airbus A320,BOM,Mumbai,JAI,Jaipur,16:23,16:23,18:21,18:24,118,139,174,0.7989,Student,0,3,On Time,,,5350,743650
FL04629,22-05-2024,Air India Express,IX 594,Boeing 737-8,NAG,Nagpur,PNQ,Pune,19:46,19:47,21:08,21:12,82,136,189,0.7196,Business,1,4,On Time,,,3060,416160
FL00199,23-05-2024,Air India Express,IX 163,Boeing 737-800,AMD,Ahmedabad,NAG,Nagpur,18:26,18:32,20:01,20:02,95,125,180,0.6944,Leisure,6,1,On Time,,,3890,486250
FL00885,23-05-2024,SpiceJet,SG 326,Boeing 737-800,MAA,Chennai,GAU,Guwahati,11:31,11:31,14:44,14:44,193,127,189,0.672,Business,0,0,On Time,,,7680,975360
FL04249,23-05-2024,IndiGo,6E 467,Airbus A320neo,PNQ,Pune,DEL,Delhi,08:01,08:03,10:12,10:12,131,140,180,0.7778,Family,2,0,On Time,,,5980,837200
FL04751,23-05-2024,IndiGo,6E 853,ATR 72,NAG,Nagpur,JAI,Jaipur,06:38,06:38,08:17,08:17,99,50,70,0.7143,Student,0,0,On Time,,,4220,211000
FL00419,24-05-2024,IndiGo,6E 472,ATR 72,BOM,Mumbai,PNQ,Pune,11:25,11:26,12:10,12:13,45,57,70,0.8143,Business,1,3,On Time,,,1800,102600
FL01047,24-05-2024,SpiceJet,SG 391,Bombardier Q400,HYD,Hyderabad,NAG,Nagpur,06:08,06:13,07:17,07:23,69,77,78,0.9872,Leisure,5,6,On Time,,,2410,185570
FL01520,24-05-2024,Air India,AI 716,Boeing 787-8,HYD,Hyderabad,BOM,Mumbai,12:38,12:44,14:04,14:14,86,215,256,0.8398,Business,6,10,On Time,,,5030,1081450
FL02246,24-05-2024,Air India,AI 207,Airbus A320,CJB,Coimbatore,COK,Kochi,12:18,14:53,13:03,15:32,45,144,174,0.8276,Leisure,155,149,Delayed,Air Traffic,,1800,259200
FL02328,24-05-2024,IndiGo,6E 436,Airbus A320neo,MAA,Chennai,BLR,Bengaluru,13:13,13:14,14:07,14:15,54,178,180,0.9889,Student,1,8,On Time,,,1800,320400
FL02422,24-05-2024,IndiGo,6E 525,Airbus A320neo,BLR,Bengaluru,BOM,Mumbai,11:34,11:37,13:12,13:12,98,157,180,0.8722,Family,3,0,On Time,,,4470,701790
FL02617,24-05-2024,Air India,AI 364,Airbus A321,BLR,Bengaluru,CJB,Coimbatore,20:03,20:05,21:08,21:09,65,148,190,0.7789,Leisure,2,1,On Time,,,1800,266400
FL02640,24-05-2024,Air India,AI 382,Boeing 787-8,HYD,Hyderabad,AMD,Ahmedabad,16:06,17:25,17:55,19:18,109,185,256,0.7227,Leisure,79,83,Delayed,Late Arrival of Aircraft,,5250,971250
FL03974,24-05-2024,Air India,AI 906,Airbus A321,DEL,Delhi,AMD,Ahmedabad,09:52,11:50,11:18,13:13,86,171,190,0.9,Senior Citizen,118,115,Delayed,Weather,,5430,928530
FL00051,25-05-2024,IndiGo,6E 145,ATR 72,BLR,Bengaluru,MAA,Chennai,11:01,11:04,11:53,11:57,52,69,70,0.9857,Student,3,4,On Time,,,1800,124200
FL00213,25-05-2024,IndiGo,6E 297,Airbus A321neo,CJB,Coimbatore,DEL,Delhi,05:59,06:16,09:15,09:45,196,191,220,0.8682,Student,17,30,Delayed,Air Traffic,,11940,2280540
FL00852,25-05-2024,Air India,AI 446,Boeing 787-8,LKO,Lucknow,DEL,Delhi,19:35,19:42,20:31,20:40,56,214,256,0.8359,Family,7,9,On Time,,,2980,637720
FL01512,25-05-2024,SpiceJet,SG 466,Boeing 737-800,BOM,Mumbai,PNQ,Pune,09:00,09:08,09:45,09:55,45,144,189,0.7619,Student,8,10,On Time,,,1800,259200
FL02289,25-05-2024,SpiceJet,SG 630,Bombardier Q400,COK,Kochi,BLR,Bengaluru,08:19,08:26,09:27,09:41,68,50,78,0.641,Leisure,7,14,On Time,,,1800,90000
FL03609,25-05-2024,IndiGo,6E 802,Airbus A321neo,BLR,Bengaluru,PNQ,Pune,21:09,21:17,22:39,22:51,90,144,220,0.6545,Senior Citizen,8,12,On Time,,,3580,515520
FL00436,26-05-2024,SpiceJet,SG 222,Boeing 737-800,BOM,Mumbai,DEL,Delhi,07:53,07:59,10:08,10:17,135,121,189,0.6402,Leisure,6,9,On Time,,,5200,629200
FL01644,26-05-2024,Air India,AI 768,Airbus A321,HYD,Hyderabad,MAA,Chennai,08:38,08:38,09:50,09:50,72,163,190,0.8579,Senior Citizen,0,0,On Time,,,3650,594950
FL01752,26-05-2024,IndiGo,6E 746,ATR 72,BLR,Bengaluru,GOI,Goa,17:43,17:52,18:54,19:05,71,63,70,0.9,Business,9,11,On Time,,,2860,180180
FL01947,26-05-2024,IndiGo,6E 908,Airbus A320neo,AMD,Ahmedabad,MAA,Chennai,06:10,06:18,08:40,08:45,150,149,180,0.8278,Family,8,5,On Time,,,7930,1181570
FL02082,26-05-2024,Akasa Air,QP 661,Boeing 737 MAX 8,JAI,Jaipur,HYD,Hyderabad,21:42,21:46,23:55,23:55,133,158,189,0.836,Family,4,0,On Time,,,6000,948000
FL03750,26-05-2024,Air India,AI 803,Airbus A320,CCU,Kolkata,JAI,Jaipur,18:04,18:07,20:34,20:34,150,121,174,0.6954,Leisure,3,0,On Time,,,7260,878460
FL04325,26-05-2024,Air India,AI 261,Boeing 787-8,MAA,Chennai,PNQ,Pune,12:46,15:27,14:33,17:08,107,193,256,0.7539,Family,161,155,Delayed,Air Traffic,,5540,1069220
FL04391,26-05-2024,Air India Express,IX 506,Boeing 737-800,PNQ,Pune,BOM,Mumbai,22:16,22:25,23:01,23:15,45,126,180,0.7,Family,9,14,On Time,,,1800,226800
FL04641,26-05-2024,Air India Express,IX 601,Boeing 737-8,AMD,Ahmedabad,MAA,Chennai,18:37,21:10,21:10,23:47,153,123,189,0.6508,Family,153,157,Delayed,Air Traffic,,7380,907740
FL04851,26-05-2024,Air India,AI 465,Boeing 787-8,BLR,Bengaluru,PNQ,Pune,13:18,16:05,14:50,17:35,92,216,256,0.8438,Leisure,167,165,Delayed,Late Arrival of Aircraft,,4930,1064880
FL00112,27-05-2024,IndiGo,6E 200,Airbus A321neo,COK,Kochi,GAU,Guwahati,06:07,07:19,10:08,11:02,241,150,220,0.6818,Student,72,54,Delayed,Security,,11280,1692000
FL00332,27-05-2024,Akasa Air,QP 173,Boeing 737 MAX 8,AMD,Ahmedabad,GOI,Goa,18:57,20:34,20:49,22:30,112,135,189,0.7143,Leisure,97,101,Delayed,Late Arrival of Aircraft,,4390,592650
FL00682,27-05-2024,Akasa Air,QP 282,Boeing 737 MAX 8,HYD,Hyderabad,AMD,Ahmedabad,22:16,22:23,23:52,23:57,96,164,189,0.8677,Leisure,7,5,On Time,,,5040,826560
FL00898,27-05-2024,Akasa Air,QP 352,Boeing 737 MAX 8,JAI,Jaipur,HYD,Hyderabad,12:37,14:28,14:36,16:28,119,159,189,0.8413,Leisure,111,112,Delayed,Late Arrival of Aircraft,,6590,1047810
FL01058,27-05-2024,IndiGo,6E 928,Airbus A320neo,COK,Kochi,BLR,Bengaluru,09:04,11:09,10:01,12:11,57,119,180,0.6611,Leisure,125,130,Delayed,Air Traffic,,1800,214200
FL01450,27-05-2024,Air India,AI 690,Boeing 787-8,GOI,Goa,DEL,Delhi,20:57,21:03,23:43,23:51,166,214,256,0.8359,Family,6,8,On Time,,,7890,1688460
FL01916,27-05-2024,Akasa Air,QP 623,Boeing 737 MAX 8,LKO,Lucknow,AMD,Ahmedabad,19:29,19:34,21:14,21:17,105,152,189,0.8042,Leisure,5,3,On Time,,,5030,764560
FL02131,27-05-2024,Air India,AI 975,Boeing 787-8,MAA,Chennai,CCU,Kolkata,14:49,14:54,17:05,17:11,136,189,256,0.7383,Family,5,6,On Time,,,8010,1513890
FL02443,27-05-2024,Air India,AI 287,Boeing 787-8,AMD,Ahmedabad,BLR,Bengaluru,16:11,17:34,18:32,19:46,141,195,256,0.7617,Leisure,83,74,Delayed,Crew,,6930,1351350
FL03385,27-05-2024,Air India Express,IX 252,Boeing 737-8,BOM,Mumbai,JAI,Jaipur,07:03,07:04,08:49,08:49,106,115,189,0.6085,Senior Citizen,1,0,On Time,,,4500,517500
FL03654,27-05-2024,IndiGo,6E 838,Airbus A320neo,BOM,Mumbai,MAA,Chennai,05:23,05:30,07:15,07:24,112,123,180,0.6833,Family,7,9,On Time,,,5800,713400
FL03976,27-05-2024,Akasa Air,QP 332,Boeing 737 MAX 8,DEL,Delhi,GAU,Guwahati,09:28,09:31,11:59,12:06,151,158,189,0.836,Leisure,3,7,On Time,,,7940,1254520
FL04210,27-05-2024,IndiGo,6E 429,ATR 72,AMD,Ahmedabad,JAI,Jaipur,17:49,18:32,19:02,19:43,73,63,70,0.9,Student,43,41,Delayed,Technical Issue,,3240,204120
FL04594,27-05-2024,SpiceJet,SG 389,Bombardier Q400,PNQ,Pune,BLR,Bengaluru,19:43,19:51,21:11,21:19,88,67,78,0.859,Senior Citizen,8,8,On Time,,,3910,261970
FL00870,28-05-2024,SpiceJet,SG 321,Boeing 737-800,BLR,Bengaluru,DEL,Delhi,08:59,09:07,11:50,11:56,171,127,189,0.672,Leisure,8,6,On Time,,,7340,932180
FL01868,28-05-2024,Akasa Air,QP 610,Boeing 737 MAX 8,DEL,Delhi,COK,Kochi,05:03,05:12,08:33,08:39,210,138,189,0.7302,Family,9,6,On Time,,,10630,1466940
FL02285,28-05-2024,Air India Express,IX 740,Boeing 737-800,NAG,Nagpur,BLR,Bengaluru,18:01,18:10,19:46,19:59,105,145,180,0.8056,Family,9,13,On Time,,,4540,658300
FL02898,28-05-2024,Air India,AI 456,Airbus A320,DEL,Delhi,LKO,Lucknow,08:34,08:39,09:36,09:42,62,130,174,0.7471,Business,5,6,On Time,,,2360,306800
FL03872,28-05-2024,Air India,AI 864,Airbus A321,LKO,Lucknow,HYD,Hyderabad,06:11,08:54,08:14,10:52,123,127,190,0.6684,Leisure,163,158,Delayed,Technical Issue,,5450,692150
FL01248,29-05-2024,Air India,AI 604,Airbus A320,CJB,Coimbatore,DEL,Delhi,08:34,11:20,11:55,14:24,201,128,174,0.7356,Leisure,166,149,Delayed,Late Arrival of Aircraft,,11290,1445120
FL01435,29-05-2024,Air India,AI 685,Airbus A320,COK,Kochi,PNQ,Pune,17:56,18:54,19:43,20:49,107,146,174,0.8391,Business,58,66,Delayed,Weather,,6300,919800
FL03087,29-05-2024,IndiGo,6E 327,ATR 72,NAG,Nagpur,HYD,Hyderabad,09:09,09:09,10:16,10:16,67,43,70,0.6143,Business,0,0,On Time,,,2320,99760
FL04201,29-05-2024,Air India,AI 205,Boeing 787-8,BOM,Mumbai,GOI,Goa,13:05,13:11,14:09,14:14,64,228,256,0.8906,Leisure,6,5,On Time,,,2390,544920
FL00737,30-05-2024,IndiGo,6E 697,Airbus A321neo,COK,Kochi,GAU,Guwahati,09:30,09:30,13:25,13:28,235,183,220,0.8318,Business,0,3,On Time,,,12690,2322270
FL00936,30-05-2024,IndiGo,6E 855,Airbus A320neo,CCU,Kolkata,NAG,Nagpur,17:44,18:28,19:40,20:16,116,129,180,0.7167,Family,44,36,Delayed,Late Arrival of Aircraft,,5050,651450
FL01237,30-05-2024,Air India,AI 597,Airbus A321,MAA,Chennai,BLR,Bengaluru,15:52,15:56,16:42,16:44,50,147,190,0.7737,Leisure,4,2,On Time,,,1850,271950
FL02747,30-05-2024,Akasa Air,QP 820,Boeing 737 MAX 8,CCU,Kolkata,GOI,Goa,13:22,13:25,16:17,16:22,175,105,189,0.5556,Leisure,3,5,On Time,,,7260,762300
FL03802,30-05-2024,Akasa Air,QP 276,Boeing 737 MAX 8,BLR,Bengaluru,LKO,Lucknow,13:17,13:17,15:56,16:00,159,122,189,0.6455,Senior Citizen,0,4,On Time,,,7430,906460
FL00970,31-05-2024,IndiGo,6E 872,ATR 72,GOI,Goa,COK,Kochi,09:37,09:43,10:55,11:03,78,54,70,0.7714,Family,6,8,On Time,,,3760,203040
FL01180,31-05-2024,Air India,AI 577,Airbus A320,MAA,Chennai,BLR,Bengaluru,12:32,12:35,13:29,13:33,57,145,174,0.8333,Senior Citizen,3,4,On Time,,,1800,261000
FL01621,31-05-2024,Akasa Air,QP 540,Boeing 737 MAX 8,GOI,Goa,PNQ,Pune,13:41,13:48,14:42,14:49,61,134,189,0.709,Leisure,7,7,On Time,,,1800,241200
FL02327,31-05-2024,Air India,AI 238,Airbus A320,CJB,Coimbatore,BOM,Mumbai,12:26,12:30,14:26,14:35,120,113,174,0.6494,Leisure,4,9,On Time,,,5940,671220
FL02932,31-05-2024,Air India,AI 469,Boeing 787-8,COK,Kochi,DEL,Delhi,07:39,07:41,11:09,11:13,210,180,256,0.7031,Student,2,4,On Time,,,11180,2012400
FL03489,31-05-2024,Air India,AI 691,Airbus A321,GOI,Goa,COK,Kochi,19:59,20:00,21:25,21:26,86,123,190,0.6474,Family,1,1,On Time,,,3680,452640
FL03925,31-05-2024,Air India Express,IX 387,Boeing 737-800,MAA,Chennai,HYD,Hyderabad,09:37,09:38,10:58,11:01,81,146,180,0.8111,Student,1,3,On Time,,,2890,421940
FL04160,31-05-2024,SpiceJet,SG 255,Boeing 737-800,MAA,Chennai,DEL,Delhi,19:07,21:10,21:55,00:34,168,156,189,0.8254,Leisure,123,159,Delayed,Air Traffic,,9840,1535040
FL04802,31-05-2024,Air India Express,IX 647,Boeing 737-800,COK,Kochi,GOI,Goa,21:12,21:20,22:37,22:42,85,174,180,0.9667,Senior Citizen,8,5,On Time,,,3820,664680
FL04978,31-05-2024,Air India,AI 522,Airbus A321,JAI,Jaipur,HYD,Hyderabad,09:41,09:49,11:45,11:49,124,183,190,0.9632,Family,8,4,On Time,,,7760,1420080
FL00536,01-06-2024,IndiGo,6E 567,ATR 72,AMD,Ahmedabad,NAG,Nagpur,10:17,10:21,11:53,11:57,96,38,70,0.5429,Student,4,4,On Time,,,3150,119700
FL02638,01-06-2024,Akasa Air,QP 800,Boeing 737 MAX 8,NAG,Nagpur,PNQ,Pune,11:17,13:12,12:42,14:37,85,133,189,0.7037,Leisure,115,115,Delayed,Air Traffic,,3130,416290
FL02845,01-06-2024,IndiGo,6E 913,Airbus A320neo,BOM,Mumbai,HYD,Hyderabad,13:27,13:29,14:45,14:48,78,167,180,0.9278,Leisure,2,3,On Time,,,3840,641280
FL02998,01-06-2024,IndiGo,6E 252,Airbus A321neo,MAA,Chennai,GOI,Goa,20:04,20:11,21:35,21:35,91,129,220,0.5864,Leisure,7,0,On Time,,,3170,408930
FL03652,01-06-2024,IndiGo,6E 832,Airbus A321neo,NAG,Nagpur,PNQ,Pune,22:07,23:28,23:33,00:47,86,127,220,0.5773,Senior Citizen,81,74,Delayed,Weather,,2430,308610
FL03947,01-06-2024,Akasa Air,QP 316,Boeing 737 MAX 8,DEL,Delhi,AMD,Ahmedabad,06:36,06:44,08:04,08:18,88,127,189,0.672,Student,8,14,On Time,,,3760,477520
FL04741,01-06-2024,Air India,AI 406,Airbus A321,CCU,Kolkata,BOM,Mumbai,22:12,22:12,01:01,01:01,169,122,190,0.6421,Student,0,0,On Time,,,9960,1215120
FL01664,02-06-2024,IndiGo,6E 687,Airbus A321neo,JAI,Jaipur,PNQ,Pune,06:44,06:44,08:29,08:29,105,178,220,0.8091,Student,0,0,On Time,,,5330,948740
FL01763,02-06-2024,IndiGo,6E 754,Airbus A321neo,GAU,Guwahati,CCU,Kolkata,11:36,11:44,12:43,12:46,67,195,220,0.8864,Leisure,8,3,On Time,,,2530,493350
FL02498,02-06-2024,IndiGo,6E 595,Airbus A320neo,CCU,Kolkata,DEL,Delhi,05:18,07:49,07:32,10:15,134,141,180,0.7833,Leisure,151,163,Delayed,Weather,,6510,917910
FL03667,02-06-2024,Air India,AI 761,Airbus A320,MAA,Chennai,COK,Kochi,18:29,18:35,19:41,19:43,72,133,174,0.7644,Family,6,2,On Time,,,2770,368410
FL03741,02-06-2024,Air India,AI 792,Boeing 787-8,DEL,Delhi,BOM,Mumbai,08:41,08:49,10:55,10:57,134,253,256,0.9883,Leisure,8,2,On Time,,,6700,1695100
FL04275,02-06-2024,IndiGo,6E 481,Airbus A321neo,COK,Kochi,AMD,Ahmedabad,18:02,18:25,20:45,21:24,163,176,220,0.8,Family,23,39,Delayed,Technical Issue,,7960,1400960
FL04595,02-06-2024,IndiGo,6E 743,Airbus A320neo,MAA,Chennai,NAG,Nagpur,18:24,19:08,20:05,20:50,101,116,180,0.6444,Business,44,45,Delayed,Late Arrival of Aircraft,,3860,447760
FL00855,03-06-2024,SpiceJet,SG 320,Boeing 737-800,DEL,Delhi,COK,Kochi,08:35,08:44,12:03,12:15,208,138,189,0.7302,Leisure,9,12,On Time,,,9180,1266840
FL00994,03-06-2024,IndiGo,6E 892,Airbus A321neo,GAU,Guwahati,MAA,Chennai,19:48,20:44,22:50,23:39,182,172,220,0.7818,Leisure,56,49,Delayed,Air Traffic,,9950,1711400
FL01222,03-06-2024,Air India Express,IX 443,Boeing 737-800,BLR,Bengaluru,HYD,Hyderabad,11:41,13:02,12:49,14:04,68,122,180,0.6778,Leisure,81,75,Delayed,Weather,,2080,253760
FL03661,03-06-2024,Air India,AI 758,Airbus A320,BLR,Bengaluru,GOI,Goa,15:03,15:07,16:05,16:07,62,92,174,0.5287,Business,4,2,On Time,,,2150,197800
FL01235,04-06-2024,Air India Express,IX 453,Boeing 737-8,HYD,Hyderabad,COK,Kochi,07:55,09:00,09:32,10:57,97,138,189,0.7302,Business,65,85,Delayed,Late Arrival of Aircraft,,3400,469200
FL01616,04-06-2024,IndiGo,6E 648,Airbus A321neo,BOM,Mumbai,MAA,Chennai,22:24,22:54,00:23,01:01,119,140,220,0.6364,Student,30,38,Delayed,Late Arrival of Aircraft,,4630,648200
FL02094,04-06-2024,IndiGo,6E 238,ATR 72,GOI,Goa,BOM,Mumbai,18:56,19:03,20:04,20:14,68,48,70,0.6857,Family,7,10,On Time,,,1980,95040
FL00071,05-06-2024,Air India,AI 120,Boeing 787-8,BLR,Bengaluru,CJB,Coimbatore,10:16,12:20,11:01,12:56,45,180,256,0.7031,Leisure,124,115,Delayed,Air Traffic,,1800,324000
FL01231,05-06-2024,IndiGo,6E 292,Airbus A321neo,GAU,Guwahati,MAA,Chennai,20:35,20:51,23:49,00:09,194,166,220,0.7545,Business,16,20,Delayed,Air Traffic,,9190,1525540
FL01301,05-06-2024,Air India,AI 627,Airbus A320,BLR,Bengaluru,BOM,Mumbai,13:24,13:24,15:00,15:00,96,115,174,0.6609,Student,0,0,On Time,,,4000,460000
FL01367,05-06-2024,IndiGo,6E 424,Airbus A321neo,MAA,Chennai,BLR,Bengaluru,07:01,07:02,07:58,07:58,57,126,220,0.5727,Family,1,0,On Time,,,1800,226800
FL01980,05-06-2024,SpiceJet,SG 553,Bombardier Q400,AMD,Ahmedabad,BOM,Mumbai,12:10,12:16,13:15,13:21,65,61,78,0.7821,Senior Citizen,6,6,On Time,,,2150,131150
FL02520,05-06-2024,IndiGo,6E 617,Airbus A320neo,DEL,Delhi,HYD,Hyderabad,15:15,15:22,17:35,17:35,140,126,180,0.7,Student,7,0,On Time,,,6050,762300
FL04621,05-06-2024,Air India,AI 358,Boeing 787-8,BOM,Mumbai,GOI,Goa,10:57,11:00,12:02,12:04,65,196,256,0.7656,Leisure,3,2,On Time,,,2340,458640
FL04648,05-06-2024,Akasa Air,QP 497,Boeing 737 MAX 8,MAA,Chennai,CJB,Coimbatore,08:47,08:55,09:55,09:59,68,156,189,0.8254,Student,8,4,On Time,,,2060,321360
FL04769,05-06-2024,IndiGo,6E 871,Airbus A320neo,AMD,Ahmedabad,DEL,Delhi,17:05,17:12,18:36,18:46,91,128,180,0.7111,Leisure,7,10,On Time,,,3550,454400
FL00791,06-06-2024,SpiceJet,SG 305,Boeing 737-800,GOI,Goa,GAU,Guwahati,19:44,19:49,23:18,23:18,214,134,189,0.709,Family,5,0,On Time,,,9330,1250220
FL01509,06-06-2024,Akasa Air,QP 505,Boeing 737 MAX 8,COK,Kochi,MAA,Chennai,14:31,17:00,15:43,18:23,72,156,189,0.8254,Senior Citizen,149,160,Delayed,Weather,,2440,380640
FL01738,06-06-2024,Akasa Air,QP 576,Boeing 737 MAX 8,COK,Kochi,PNQ,Pune,18:02,19:58,20:01,22:07,119,124,189,0.6561,Leisure,116,126,Delayed,Crew,,4190,519560
FL01793,06-06-2024,Air India Express,IX 599,Boeing 737-8,AMD,Ahmedabad,HYD,Hyderabad,11:09,11:10,13:04,13:06,115,155,189,0.8201,Business,1,2,On Time,,,3910,606050
FL02278,06-06-2024,Air India Express,IX 738,Boeing 737-800,PNQ,Pune,MAA,Chennai,19:18,19:23,21:07,21:21,109,141,180,0.7833,Business,5,14,On Time,,,4400,620400
FL02785,06-06-2024,Air India,AI 428,Airbus A321,HYD,Hyderabad,GOI,Goa,12:05,12:14,13:13,13:20,68,113,190,0.5947,Family,9,7,On Time,,,2360,266680
FL03059,06-06-2024,IndiGo,6E 308,Airbus A320neo,AMD,Ahmedabad,BLR,Bengaluru,08:30,08:38,10:42,10:49,132,136,180,0.7556,Senior Citizen,8,7,On Time,,,6000,816000
FL04288,06-06-2024,IndiGo,6E 491,Airbus A321neo,COK,Kochi,BOM,Mumbai,09:15,10:20,11:06,12:43,111,141,220,0.6409,Leisure,65,97,Diverted,Late Arrival of Aircraft,,4910,692310
FL04927,06-06-2024,Air India,AI 499,Airbus A321,PNQ,Pune,COK,Kochi,16:11,16:15,18:05,18:06,114,120,190,0.6316,Leisure,4,1,On Time,,,4840,580800
FL00482,07-06-2024,IndiGo,6E 528,Airbus A321neo,DEL,Delhi,BOM,Mumbai,18:36,19:06,20:49,20:56,133,144,220,0.6545,Leisure,30,7,Delayed,Weather,,5490,790560
FL01835,07-06-2024,IndiGo,6E 825,Airbus A321neo,HYD,Hyderabad,CJB,Coimbatore,13:42,13:42,15:17,15:17,95,197,220,0.8955,Business,0,0,On Time,,,4020,791940
FL02876,07-06-2024,IndiGo,6E 939,Airbus A321neo,BOM,Mumbai,MAA,Chennai,20:35,21:29,22:36,23:46,121,175,220,0.7955,Student,54,70,Delayed,Late Arrival of Aircraft,,5500,962500
FL03638,07-06-2024,IndiGo,6E 819,Airbus A321neo,HYD,Hyderabad,NAG,Nagpur,09:36,09:44,10:50,10:59,74,139,220,0.6318,Student,8,9,On Time,,,2030,282170
FL03921,07-06-2024,Akasa Air,QP 301,Boeing 737 MAX 8,MAA,Chennai,BOM,Mumbai,16:26,16:26,18:32,18:34,126,160,189,0.8466,Family,0,2,On Time,,,5880,940800
FL04608,07-06-2024,Air India,AI 356,Airbus A320,CCU,Kolkata,MAA,Chennai,17:45,19:10,20:14,21:30,149,148,174,0.8506,Leisure,85,76,Delayed,Crew,,7320,1083360
FL04910,07-06-2024,Air India Express,IX 666,Boeing 737-8,JAI,Jaipur,NAG,Nagpur,13:06,13:13,14:43,14:52,97,114,189,0.6032,Leisure,7,9,On Time,,,2850,324900
FL01097,08-06-2024,IndiGo,6E 964,Airbus A321neo,DEL,Delhi,JAI,Jaipur,13:19,14:29,14:04,15:14,45,157,220,0.7136,Leisure,70,70,Delayed,Crew,,1800,282600
FL01179,08-06-2024,SpiceJet,SG 421,Boeing 737-800,HYD,Hyderabad,AMD,Ahmedabad,18:01,21:00,19:43,22:43,102,161,189,0.8519,Family,179,180,Delayed,Air Traffic,,4950,796950
FL01437,08-06-2024,IndiGo,6E 476,Airbus A320neo,CCU,Kolkata,DEL,Delhi,06:44,06:45,09:01,09:11,137,143,180,0.7944,Leisure,1,10,On Time,,,7950,1136850
FL04095,08-06-2024,IndiGo,6E 344,ATR 72,BLR,Bengaluru,MAA,Chennai,10:30,12:53,11:19,14:01,49,48,70,0.6857,Leisure,143,162,Delayed,Weather,,1800,86400
FL04225,08-06-2024,Air India,AI 212,Boeing 787-8,DEL,Delhi,PNQ,Pune,16:44,16:45,18:55,18:57,131,152,256,0.5938,Business,1,2,On Time,,,5610,852720
FL01197,09-06-2024,IndiGo,6E 257,ATR 72,GOI,Goa,MAA,Chennai,12:28,12:32,13:59,13:59,91,59,70,0.8429,Leisure,4,0,On Time,,,4410,260190
FL01722,09-06-2024,Air India,AI 812,Airbus A321,HYD,Hyderabad,GOI,Goa,10:31,10:38,11:40,11:53,69,149,190,0.7842,Family,7,13,On Time,,,2810,418690
FL01976,09-06-2024,IndiGo,6E 930,Airbus A320neo,DEL,Delhi,MAA,Chennai,06:53,06:58,09:54,10:00,181,152,180,0.8444,Leisure,5,6,On Time,,,8380,1273760
FL02828,09-06-2024,IndiGo,6E 895,Airbus A320neo,BOM,Mumbai,PNQ,Pune,21:55,21:59,22:40,22:50,45,120,180,0.6667,Student,4,10,On Time,,,1800,216000
FL03604,09-06-2024,IndiGo,6E 795,Airbus A321neo,CJB,Coimbatore,COK,Kochi,08:25,11:11,09:10,11:58,45,150,220,0.6818,Leisure,166,168,Delayed,Weather,,1800,270000
FL03856,09-06-2024,Air India,AI 853,Airbus A321,BOM,Mumbai,NAG,Nagpur,12:17,12:19,13:43,13:43,86,130,190,0.6842,Leisure,2,0,On Time,,,3670,477100
FL03987,09-06-2024,IndiGo,6E 257,Airbus A321neo,BLR,Bengaluru,LKO,Lucknow,18:48,18:50,21:27,21:29,159,140,220,0.6364,Leisure,2,2,On Time,,,7410,1037400
FL04897,09-06-2024,IndiGo,6E 977,ATR 72,PNQ,Pune,MAA,Chennai,09:08,09:08,11:04,11:04,116,63,70,0.9,Family,0,0,On Time,,,4390,276570
FL02465,10-06-2024,Akasa Air,QP 763,Boeing 737 MAX 8,NAG,Nagpur,AMD,Ahmedabad,14:26,14:28,16:03,16:07,97,141,189,0.746,Leisure,2,4,On Time,,,3630,511830
FL02831,10-06-2024,IndiGo,6E 897,Airbus A321neo,CJB,Coimbatore,BOM,Mumbai,18:08,18:17,20:09,20:18,121,132,220,0.6,Family,9,9,On Time,,,4550,600600
FL02886,10-06-2024,Akasa Air,QP 861,Boeing 737 MAX 8,HYD,Hyderabad,PNQ,Pune,05:22,05:23,06:34,06:34,72,99,189,0.5238,Student,1,0,On Time,,,2060,203940
FL03081,10-06-2024,Air India,AI 543,Airbus A321,BLR,Bengaluru,HYD,Hyderabad,05:24,05:32,06:34,06:44,70,144,190,0.7579,Student,8,10,On Time,,,2350,338400
FL03791,10-06-2024,Air India,AI 824,Airbus A321,LKO,Lucknow,PNQ,Pune,05:47,08:15,07:59,10:31,132,115,190,0.6053,Senior Citizen,148,152,Delayed,Weather,,5470,629050
FL04021,10-06-2024,Air India Express,IX 410,Boeing 737-8,HYD,Hyderabad,DEL,Delhi,05:29,05:37,07:55,08:09,146,176,189,0.9312,Business,8,14,On Time,,,6430,1131680
FL04640,10-06-2024,SpiceJet,SG 401,Boeing 737-800,HYD,Hyderabad,DEL,Delhi,14:46,14:51,17:05,17:05,139,150,189,0.7937,Leisure,5,0,On Time,,,5710,856500
FL04877,10-06-2024,SpiceJet,SG 454,Bombardier Q400,JAI,Jaipur,DEL,Delhi,16:46,16:51,17:41,17:45,55,71,78,0.9103,Leisure,5,4,On Time,,,1800,127800
FL01811,11-06-2024,SpiceJet,SG 517,Bombardier Q400,BOM,Mumbai,GOI,Goa,19:45,19:51,20:53,20:55,68,55,78,0.7051,Business,6,2,On Time,,,1800,99000
FL02942,11-06-2024,Air India,AI 472,Airbus A321,HYD,Hyderabad,PNQ,Pune,15:06,15:13,16:26,16:29,80,105,190,0.5526,Business,7,3,On Time,,,2320,243600
FL03330,11-06-2024,Air India,AI 633,Airbus A320,MAA,Chennai,AMD,Ahmedabad,17:18,17:20,19:46,19:46,148,101,174,0.5805,Leisure,2,0,On Time,,,6660,672660
FL01857,12-06-2024,IndiGo,6E 844,ATR 72,BLR,Bengaluru,MAA,Chennai,13:06,14:38,14:04,15:29,58,54,70,0.7714,Senior Citizen,92,85,Delayed,Late Arrival of Aircraft,,1800,97200
FL01925,12-06-2024,IndiGo,6E 889,ATR 72,HYD,Hyderabad,MAA,Chennai,09:39,09:47,10:50,10:55,71,40,70,0.5714,Leisure,8,5,On Time,,,2210,88400
FL01941,12-06-2024,Air India,AI 893,Boeing 787-8,AMD,Ahmedabad,BLR,Bengaluru,10:15,10:16,12:35,12:35,140,204,256,0.7969,Business,1,0,On Time,,,6650,1356600
FL04982,12-06-2024,Air India Express,IX 680,Boeing 737-800,DEL,Delhi,BLR,Bengaluru,14:22,14:29,17:14,17:19,172,142,180,0.7889,Family,7,5,On Time,,,8560,1215520
FL04996,12-06-2024,Akasa Air,QP 610,Boeing 737 MAX 8,MAA,Chennai,HYD,Hyderabad,16:29,16:30,17:48,17:57,79,153,189,0.8095,Leisure,1,9,On Time,,,2440,373320
FL00488,13-06-2024,IndiGo,6E 532,Airbus A320neo,BOM,Mumbai,PNQ,Pune,17:54,17:56,18:39,18:42,45,122,180,0.6778,Family,2,3,On Time,,,1800,219600
FL01576,13-06-2024,IndiGo,6E 598,Airbus A320neo,PNQ,Pune,DEL,Delhi,21:22,21:25,23:33,23:33,131,127,180,0.7056,Senior Citizen,3,0,On Time,,,5440,690880
FL01657,13-06-2024,IndiGo,6E 678,Airbus A321neo,COK,Kochi,AMD,Ahmedabad,21:54,21:57,00:39,00:47,165,134,220,0.6091,Leisure,3,8,On Time,,,6040,809360
FL02751,13-06-2024,SpiceJet,SG 723,Bombardier Q400,JAI,Jaipur,LKO,Lucknow,11:29,13:41,12:48,15:07,79,47,78,0.6026,Leisure,132,139,Delayed,Weather,,2030,95410
FL03544,13-06-2024,IndiGo,6E 752,Airbus A320neo,CJB,Coimbatore,HYD,Hyderabad,15:28,15:34,16:52,17:01,84,129,180,0.7167,Family,6,9,On Time,,,3070,396030
FL04383,13-06-2024,Air India Express,IX 502,Boeing 737-8,MAA,Chennai,GAU,Guwahati,15:32,15:33,18:53,18:53,201,127,189,0.672,Student,1,0,On Time,,,8020,1018540
FL04742,13-06-2024,Air India,AI 408,Boeing 787-8,HYD,Hyderabad,JAI,Jaipur,12:20,12:28,14:16,14:23,116,185,256,0.7227,Student,8,7,On Time,,,5640,1043400
FL04891,13-06-2024,SpiceJet,SG 457,Boeing 737-800,COK,Kochi,BLR,Bengaluru,05:58,06:05,07:08,07:21,70,84,189,0.4444,Leisure,7,13,On Time,,,1800,151200
FL00039,14-06-2024,Air India,AI 106,Airbus A321,LKO,Lucknow,PNQ,Pune,15:02,15:09,17:04,17:09,122,134,190,0.7053,Senior Citizen,7,5,On Time,,,5870,786580
FL01457,14-06-2024,IndiGo,6E 501,Airbus A321neo,MAA,Chennai,AMD,Ahmedabad,18:54,19:00,21:22,21:24,148,185,220,0.8409,Student,6,2,On Time,,,8020,1483700
FL02518,14-06-2024,IndiGo,6E 613,Airbus A321neo,PNQ,Pune,AMD,Ahmedabad,08:26,08:32,09:40,09:46,74,172,220,0.7818,Family,6,6,On Time,,,2750,473000
FL02660,14-06-2024,IndiGo,6E 742,Airbus A320neo,CCU,Kolkata,NAG,Nagpur,11:29,11:33,13:27,13:30,118,137,180,0.7611,Family,4,3,On Time,,,5500,753500
FL02716,14-06-2024,IndiGo,6E 796,Airbus A321neo,DEL,Delhi,PNQ,Pune,17:22,17:24,19:31,19:36,129,146,220,0.6636,Family,2,5,On Time,,,6560,957760
FL03610,14-06-2024,IndiGo,6E 804,Airbus A321neo,BOM,Mumbai,GOI,Goa,13:45,13:46,14:54,14:54,69,147,220,0.6682,Business,1,0,On Time,,,2060,302820
FL03784,14-06-2024,IndiGo,6E 937,ATR 72,BLR,Bengaluru,COK,Kochi,14:47,14:56,15:51,16:02,64,58,70,0.8286,Student,9,11,On Time,,,1800,104400
FL00016,15-06-2024,IndiGo,6E 121,Airbus A320neo,BLR,Bengaluru,CJB,Coimbatore,17:49,17:54,18:43,18:46,54,112,180,0.6222,Leisure,5,3,On Time,,,1800,201600
FL00756,15-06-2024,Air India,AI 406,Airbus A321,COK,Kochi,JAI,Jaipur,05:54,05:59,08:54,09:08,180,133,190,0.7,Family,5,14,On Time,,,10180,1353940
FL01484,15-06-2024,Air India Express,IX 511,Boeing 737-8,AMD,Ahmedabad,PNQ,Pune,20:40,23:21,21:58,00:46,78,137,189,0.7249,Student,161,168,Delayed,Crew,,2280,312360
FL01668,15-06-2024,SpiceJet,SG 494,Boeing 737-800,MAA,Chennai,GOI,Goa,14:27,15:50,15:56,17:23,89,174,189,0.9206,Student,83,87,Delayed,Late Arrival of Aircraft,,3650,635100
FL01891,15-06-2024,Air India,AI 881,Airbus A320,PNQ,Pune,DEL,Delhi,06:06,06:07,08:09,08:11,123,110,174,0.6322,Leisure,1,2,On Time,,,6080,668800
FL02623,15-06-2024,Akasa Air,QP 798,Boeing 737 MAX 8,BOM,Mumbai,BLR,Bengaluru,18:41,20:17,20:16,21:53,95,136,189,0.7196,Leisure,96,97,Delayed,Crew,,3660,497760
FL03266,15-06-2024,Air India,AI 605,Airbus A320,CJB,Coimbatore,BOM,Mumbai,21:07,21:23,23:02,23:02,115,128,174,0.7356,Leisure,16,0,Delayed,Air Traffic,,5970,764160
FL03537,15-06-2024,Air India Express,IX 278,Boeing 737-8,BOM,Mumbai,HYD,Hyderabad,06:01,07:43,07:20,09:15,79,133,189,0.7037,Family,102,115,Delayed,Crew,,2980,396340
FL04424,15-06-2024,SpiceJet,SG 337,Boeing 737-800,BLR,Bengaluru,BOM,Mumbai,11:45,12:51,13:16,14:23,91,137,189,0.7249,Business,66,67,Delayed,Weather,,4140,567180
FL04951,15-06-2024,Akasa Air,QP 591,Boeing 737 MAX 8,DEL,Delhi,BOM,Mumbai,09:47,11:58,11:54,14:00,127,134,189,0.709,Leisure,131,126,Delayed,Technical Issue,,5890,789260
FL04955,15-06-2024,Air India Express,IX 670,Boeing 737-800,PNQ,Pune,JAI,Jaipur,15:26,15:31,17:13,17:17,107,117,180,0.65,Family,5,4,On Time,,,4510,527670
FL00206,16-06-2024,Air India,AI 155,Airbus A321,DEL,Delhi,HYD,Hyderabad,11:27,11:36,13:49,13:58,142,163,190,0.8579,Family,9,9,On Time,,,7200,1173600
FL01468,16-06-2024,IndiGo,6E 508,ATR 72,AMD,Ahmedabad,PNQ,Pune,15:41,17:36,16:58,18:41,77,55,70,0.7857,Student,115,103,Delayed,Air Traffic,,2880,158400
FL02708,16-06-2024,IndiGo,6E 786,Airbus A321neo,MAA,Chennai,PNQ,Pune,20:54,22:22,22:49,00:18,115,135,220,0.6136,Student,88,89,Delayed,Technical Issue,,4470,603450
FL00163,17-06-2024,IndiGo,6E 255,Airbus A321neo,BOM,Mumbai,MAA,Chennai,13:03,13:08,14:58,15:01,115,154,220,0.7,Leisure,5,3,On Time,,,5130,790020
FL01742,17-06-2024,Air India,AI 820,Boeing 787-8,HYD,Hyderabad,PNQ,Pune,12:19,12:28,13:30,13:39,71,136,256,0.5312,Leisure,9,9,On Time,,,2220,301920
FL01851,17-06-2024,IndiGo,6E 834,Airbus A321neo,CJB,Coimbatore,GOI,Goa,16:05,16:09,17:21,17:24,76,166,220,0.7545,Business,4,3,On Time,,,3120,517920
FL03034,17-06-2024,IndiGo,6E 291,ATR 72,HYD,Hyderabad,BLR,Bengaluru,19:12,19:15,20:27,20:35,75,59,70,0.8429,Family,3,8,On Time,,,2230,131570
FL00828,18-06-2024,Air India,AI 438,Airbus A320,BLR,Bengaluru,COK,Kochi,20:12,20:21,21:11,21:15,59,111,174,0.6379,Senior Citizen,9,4,On Time,,,1800,199800
FL03416,18-06-2024,IndiGo,6E 628,Airbus A321neo,JAI,Jaipur,DEL,Delhi,21:46,21:47,22:36,22:39,50,148,220,0.6727,Leisure,1,3,On Time,,,1800,266400
FL00243,19-06-2024,IndiGo,6E 323,Airbus A321neo,HYD,Hyderabad,BOM,Mumbai,06:06,06:07,07:32,07:40,86,190,220,0.8636,Business,1,8,On Time,,,3530,670700
FL00313,19-06-2024,Air India,AI 190,Airbus A320,HYD,Hyderabad,CCU,Kolkata,08:10,08:13,10:18,10:20,128,130,174,0.7471,Family,3,2,On Time,,,6650,864500
FL00556,19-06-2024,SpiceJet,SG 252,Boeing 737-800,LKO,Lucknow,MAA,Chennai,19:31,19:35,22:08,22:14,157,135,189,0.7143,Business,4,6,On Time,,,6450,870750
FL02515,19-06-2024,Air India,AI 319,Airbus A320,AMD,Ahmedabad,HYD,Hyderabad,05:25,08:07,07:14,09:53,109,144,174,0.8276,Student,162,159,Delayed,Late Arrival of Aircraft,,4670,672480
FL02608,19-06-2024,SpiceJet,SG 696,Bombardier Q400,DEL,Delhi,JAI,Jaipur,08:48,09:16,09:41,10:15,53,63,78,0.8077,Leisure,28,34,Delayed,Weather,,1800,113400
FL02847,19-06-2024,Air India,AI 442,Boeing 787-8,CCU,Kolkata,DEL,Delhi,21:09,21:09,23:28,23:28,139,159,256,0.6211,Business,0,0,On Time,,,5510,876090
FL00074,20-06-2024,Akasa Air,QP 113,Boeing 737 MAX 8,CCU,Kolkata,DEL,Delhi,15:51,18:27,18:13,21:03,142,84,189,0.4444,Family,156,170,Delayed,Weather,,5270,442680
FL00644,20-06-2024,SpiceJet,SG 277,Bombardier Q400,HYD,Hyderabad,GOI,Goa,09:14,09:23,10:32,10:44,78,44,78,0.5641,Leisure,9,12,On Time,,,2400,105600
FL02353,20-06-2024,Air India,AI 251,Airbus A321,NAG,Nagpur,AMD,Ahmedabad,14:31,14:31,15:56,15:56,85,115,190,0.6053,Business,0,0,On Time,,,3130,359950
FL03020,20-06-2024,IndiGo,6E 267,ATR 72,PNQ,Pune,BOM,Mumbai,17:07,19:06,17:52,19:50,45,56,70,0.8,Family,119,118,Delayed,Technical Issue,,1800,100800
FL03984,20-06-2024,Air India Express,IX 399,Boeing 737-8,JAI,Jaipur,DEL,Delhi,15:43,15:50,16:41,16:55,58,141,189,0.746,Business,7,14,On Time,,,1800,253800
FL04344,20-06-2024,IndiGo,6E 535,Airbus A320neo,BLR,Bengaluru,BOM,Mumbai,13:31,13:32,15:08,15:08,97,114,180,0.6333,Student,1,0,On Time,,,3680,419520
FL04529,20-06-2024,IndiGo,6E 685,Airbus A321neo,GOI,Goa,JAI,Jaipur,11:46,11:49,14:10,14:13,144,134,220,0.6091,Business,3,3,On Time,,,6020,806680
FL00693,21-06-2024,IndiGo,6E 664,Airbus A320neo,CCU,Kolkata,PNQ,Pune,21:40,21:48,00:19,00:25,159,119,180,0.6611,Business,8,6,On Time,,,8020,954380
FL01555,21-06-2024,Air India Express,IX 526,Boeing 737-800,BOM,Mumbai,AMD,Ahmedabad,09:22,09:31,10:29,10:40,67,108,180,0.6,Student,9,11,On Time,,,1810,195480
FL01605,21-06-2024,IndiGo,6E 633,ATR 72,AMD,Ahmedabad,COK,Kochi,13:12,15:27,15:53,18:23,161,48,70,0.6857,Family,135,150,Delayed,Late Arrival of Aircraft,,6590,316320
FL02482,21-06-2024,Air India Express,IX 792,Boeing 737-800,GAU,Guwahati,AMD,Ahmedabad,17:43,19:01,20:52,22:05,189,144,180,0.8,Business,78,73,Delayed,Crew,,9740,1402560
FL04470,21-06-2024,SpiceJet,SG 339,Boeing 737-800,BLR,Bengaluru,MAA,Chennai,17:03,17:09,17:53,17:58,50,134,189,0.709,Leisure,6,5,On Time,,,1800,241200
FL04591,21-06-2024,SpiceJet,SG 386,Boeing 737-800,AMD,Ahmedabad,MAA,Chennai,10:40,13:19,13:15,16:04,155,109,189,0.5767,Business,159,169,Delayed,Ground Operations,,5870,639830
FL04965,21-06-2024,Air India,AI 516,Airbus A320,DEL,Delhi,BLR,Bengaluru,11:07,,14:06,,179,0,174,0,Senior Citizen,0,0,Cancelled,,Crew Availability,8390,0
FL00255,22-06-2024,Air India Express,IX 189,Boeing 737-8,AMD,Ahmedabad,NAG,Nagpur,19:14,19:14,20:44,20:44,90,157,189,0.8307,Leisure,0,0,On Time,,,3960,621720
FL00283,22-06-2024,Air India,AI 173,Boeing 787-8,CJB,Coimbatore,COK,Kochi,09:46,09:55,10:31,10:45,45,215,256,0.8398,Leisure,9,14,On Time,,,1800,387000
FL01441,22-06-2024,IndiGo,6E 481,Airbus A321neo,MAA,Chennai,NAG,Nagpur,19:17,21:48,21:07,23:49,110,144,220,0.6545,Senior Citizen,151,162,Delayed,Other,,4270,614880
FL01814,22-06-2024,SpiceJet,SG 521,Boeing 737-800,BOM,Mumbai,BLR,Bengaluru,14:05,15:18,15:45,16:51,100,129,189,0.6825,Leisure,73,66,Delayed,Air Traffic,,4080,526320
FL02382,22-06-2024,Air India,AI 260,Airbus A321,HYD,Hyderabad,GOI,Goa,12:30,14:39,13:40,15:51,70,123,190,0.6474,Business,129,131,Delayed,Weather,,2570,316110
FL02417,22-06-2024,SpiceJet,SG 663,Bombardier Q400,BLR,Bengaluru,BOM,Mumbai,07:48,07:51,09:39,09:45,111,57,78,0.7308,Senior Citizen,3,6,On Time,,,3750,213750
FL03849,22-06-2024,Akasa Air,QP 289,Boeing 737 MAX 8,GOI,Goa,CCU,Kolkata,05:31,05:32,08:36,08:36,185,144,189,0.7619,Leisure,1,0,On Time,,,8860,1275840
FL04429,22-06-2024,IndiGo,6E 613,Airbus A321neo,PNQ,Pune,CJB,Coimbatore,10:00,10:01,11:47,11:47,107,155,220,0.7045,Business,1,0,On Time,,,4250,658750
FL04438,22-06-2024,Air India Express,IX 527,Boeing 737-800,AMD,Ahmedabad,CJB,Coimbatore,18:58,19:03,21:24,21:31,146,115,180,0.6389,Leisure,5,7,On Time,,,6100,701500
FL04734,22-06-2024,Air India Express,IX 635,Boeing 737-800,BOM,Mumbai,LKO,Lucknow,17:41,18:36,19:51,20:59,130,145,180,0.8056,Family,55,68,Delayed,Technical Issue,,5920,858400
FL04817,22-06-2024,Akasa Air,QP 552,Boeing 737 MAX 8,DEL,Delhi,HYD,Hyderabad,09:02,09:24,11:07,11:42,125,138,189,0.7302,Leisure,22,35,Delayed,Air Traffic,,6270,865260
FL04956,22-06-2024,IndiGo,6E 233,Airbus A321neo,MAA,Chennai,GOI,Goa,13:58,15:45,15:24,17:20,86,144,220,0.6545,Leisure,107,116,Delayed,Technical Issue,,3720,535680
FL00427,23-06-2024,IndiGo,6E 478,ATR 72,NAG,Nagpur,PNQ,Pune,13:19,15:10,14:45,16:29,86,50,70,0.7143,Leisure,111,104,Delayed,Air Traffic,,2960,148000
FL00654,23-06-2024,IndiGo,6E 638,ATR 72,HYD,Hyderabad,PNQ,Pune,09:10,09:16,10:22,10:30,72,54,70,0.7714,Leisure,6,8,On Time,,,2210,119340
FL01686,23-06-2024,Akasa Air,QP 556,Boeing 737 MAX 8,HYD,Hyderabad,COK,Kochi,21:43,21:45,23:23,23:30,100,157,189,0.8307,Family,2,7,On Time,,,4200,659400
FL02100,23-06-2024,Air India,AI 960,Airbus A321,DEL,Delhi,BLR,Bengaluru,18:39,18:45,21:31,21:45,172,154,190,0.8105,Leisure,6,14,On Time,,,9730,1498420
FL02687,23-06-2024,Air India Express,IX 859,Boeing 737-800,MAA,Chennai,CJB,Coimbatore,18:22,19:59,19:22,20:53,60,126,180,0.7,Leisure,97,91,Delayed,Technical Issue,,1800,226800
FL03995,23-06-2024,IndiGo,6E 267,Airbus A320neo,MAA,Chennai,BLR,Bengaluru,11:47,11:52,12:33,12:39,46,159,180,0.8833,Business,5,6,On Time,,,1800,286200
FL04478,23-06-2024,Akasa Air,QP 458,Boeing 737 MAX 8,AMD,Ahmedabad,CJB,Coimbatore,18:09,21:08,20:34,23:25,145,170,189,0.8995,Senior Citizen,179,171,Delayed,Weather,,8120,1380400
FL04868,23-06-2024,IndiGo,6E 956,ATR 72,GOI,Goa,HYD,Hyderabad,21:10,21:32,22:21,22:34,71,52,70,0.7429,Business,22,13,Delayed,Late Arrival of Aircraft,,2540,132080
FL04953,23-06-2024,Air India,AI 514,Airbus A320,GOI,Goa,AMD,Ahmedabad,12:22,12:30,14:01,14:09,99,115,174,0.6609,Family,8,8,On Time,,,4690,539350
FL01091,24-06-2024,Air India,AI 548,Airbus A321,DEL,Delhi,JAI,Jaipur,11:39,14:39,12:29,15:28,50,111,190,0.5842,Leisure,180,179,Delayed,Weather,,1800,199800
FL02120,24-06-2024,IndiGo,6E 264,ATR 72,PNQ,Pune,HYD,Hyderabad,15:23,15:23,16:36,16:36,73,58,70,0.8286,Business,0,0,On Time,,,2670,154860
FL00192,25-06-2024,IndiGo,6E 281,Airbus A321neo,PNQ,Pune,JAI,Jaipur,07:46,07:46,09:40,09:40,114,135,220,0.6136,Business,0,0,On Time,,,3840,518400
FL00416,25-06-2024,SpiceJet,SG 220,Boeing 737-800,MAA,Chennai,PNQ,Pune,21:31,22:51,23:18,00:39,107,129,189,0.6825,Business,80,81,Delayed,Late Arrival of Aircraft,,3830,494070
FL00701,25-06-2024,Akasa Air,QP 301,Boeing 737 MAX 8,GOI,Goa,CJB,Coimbatore,09:07,09:09,10:31,10:31,84,107,189,0.5661,Business,2,0,On Time,,,2470,264290
FL01542,25-06-2024,IndiGo,6E 582,ATR 72,BLR,Bengaluru,COK,Kochi,21:33,21:38,22:34,22:35,61,53,70,0.7571,Senior Citizen,5,1,On Time,,,1800,95400
FL01547,25-06-2024,Air India,AI 726,Airbus A320,DEL,Delhi,CCU,Kolkata,20:23,20:31,22:50,22:58,147,108,174,0.6207,Family,8,8,On Time,,,6050,653400
FL02630,25-06-2024,Air India Express,IX 844,Boeing 737-8,JAI,Jaipur,HYD,Hyderabad,13:13,14:52,15:13,16:51,120,149,189,0.7884,Family,99,98,Delayed,Air Traffic,,5080,756920
FL02986,25-06-2024,Air India Express,IX 946,Boeing 737-8,BLR,Bengaluru,BOM,Mumbai,14:38,16:45,16:09,18:04,91,162,189,0.8571,Family,127,115,Delayed,Weather,,3710,601020
FL03665,25-06-2024,Akasa Air,QP 248,Boeing 737 MAX 8,DEL,Delhi,LKO,Lucknow,05:21,05:30,06:32,06:39,71,135,189,0.7143,Leisure,9,7,On Time,,,2070,279450
FL04004,25-06-2024,IndiGo,6E 274,Airbus A321neo,DEL,Delhi,MAA,Chennai,08:44,08:51,11:50,11:58,186,171,220,0.7773,Leisure,7,8,On Time,,,7440,1272240
FL00753,26-06-2024,Air India Express,IX 308,Boeing 737-800,GOI,Goa,DEL,Delhi,05:34,05:34,08:12,08:14,158,130,180,0.7222,Leisure,0,2,On Time,,,6140,798200
FL00771,26-06-2024,IndiGo,6E 723,Airbus A321neo,GOI,Goa,COK,Kochi,16:27,16:32,17:55,18:02,88,118,220,0.5364,Business,5,7,On Time,,,2600,306800
FL01984,26-06-2024,IndiGo,6E 940,Airbus A320neo,GOI,Goa,BOM,Mumbai,08:38,10:40,09:47,11:41,69,107,180,0.5944,Leisure,122,114,Delayed,Weather,,1800,192600
FL03334,26-06-2024,IndiGo,6E 544,ATR 72,COK,Kochi,MAA,Chennai,14:09,15:01,15:29,16:28,80,33,70,0.4714,Leisure,52,59,Delayed,Air Traffic,,2070,68310
FL04047,26-06-2024,SpiceJet,SG 231,Boeing 737-800,BLR,Bengaluru,AMD,Ahmedabad,16:51,18:22,18:51,20:16,120,98,189,0.5185,Leisure,91,85,Delayed,Late Arrival of Aircraft,,4630,453740
FL04484,26-06-2024,IndiGo,6E 657,Airbus A320neo,PNQ,Pune,BLR,Bengaluru,08:01,08:57,09:29,10:27,88,122,180,0.6778,Family,56,58,Delayed,Security,,3370,411140
FL04562,26-06-2024,SpiceJet,SG 377,Boeing 737-800,BOM,Mumbai,COK,Kochi,20:19,20:19,22:18,22:18,119,121,189,0.6402,Business,0,0,On Time,,,5040,609840
FL00562,27-06-2024,Air India,AI 301,Boeing 787-8,HYD,Hyderabad,PNQ,Pune,05:50,05:57,07:06,07:17,76,177,256,0.6914,Family,7,11,On Time,,,2670,472590
FL00893,27-06-2024,Akasa Air,QP 351,Boeing 737 MAX 8,CCU,Kolkata,BLR,Bengaluru,16:52,16:56,19:43,19:46,171,98,189,0.5185,Leisure,4,3,On Time,,,6540,640920
FL04361,27-06-2024,IndiGo,6E 555,Airbus A320neo,BLR,Bengaluru,LKO,Lucknow,13:38,14:18,16:28,17:28,170,120,180,0.6667,Leisure,40,60,Delayed,Late Arrival of Aircraft,,7430,891600
FL04958,27-06-2024,IndiGo,6E 236,ATR 72,BOM,Mumbai,CCU,Kolkata,17:11,19:31,20:02,22:16,171,49,70,0.7,Leisure,140,134,Delayed,Technical Issue,,7490,367010
FL04964,27-06-2024,SpiceJet,SG 464,Bombardier Q400,CJB,Coimbatore,HYD,Hyderabad,13:23,16:15,14:51,17:21,88,59,78,0.7564,Senior Citizen,172,150,Delayed,Weather,,3320,195880
FL00946,28-06-2024,SpiceJet,SG 343,Bombardier Q400,BLR,Bengaluru,AMD,Ahmedabad,22:22,22:25,00:26,00:29,124,53,78,0.6795,Leisure,3,3,On Time,,,5670,300510
FL00953,28-06-2024,IndiGo,6E 862,ATR 72,MAA,Chennai,COK,Kochi,11:03,11:07,12:16,12:23,73,47,70,0.6714,Business,4,7,On Time,,,2300,108100
FL01081,28-06-2024,Air India Express,IX 396,Boeing 737-8,BLR,Bengaluru,DEL,Delhi,05:37,07:01,08:27,09:55,170,126,189,0.6667,Senior Citizen,84,88,Delayed,Late Arrival of Aircraft,,7630,961380
FL02806,28-06-2024,IndiGo,6E 882,Airbus A321neo,PNQ,Pune,NAG,Nagpur,11:57,14:30,13:19,15:50,82,162,220,0.7364,Senior Citizen,153,151,Delayed,Technical Issue,,3130,507060
FL02917,28-06-2024,Air India,AI 459,Airbus A321,LKO,Lucknow,PNQ,Pune,18:47,20:53,20:58,22:54,131,123,190,0.6474,Leisure,126,116,Delayed,Crew,,6180,760140
FL02939,28-06-2024,Akasa Air,QP 873,Boeing 737 MAX 8,BLR,Bengaluru,HYD,Hyderabad,05:29,05:29,06:37,06:37,68,172,189,0.9101,Family,0,0,On Time,,,2530,435160
FL03003,28-06-2024,Akasa Air,QP 895,Boeing 737 MAX 8,BLR,Bengaluru,JAI,Jaipur,09:21,09:29,12:05,12:18,164,97,189,0.5132,Student,8,13,On Time,,,6580,638260
FL03063,28-06-2024,Air India,AI 534,Airbus A320,CCU,Kolkata,JAI,Jaipur,11:21,11:30,13:44,13:58,143,135,174,0.7759,Family,9,14,On Time,,,6860,926100
FL03702,28-06-2024,IndiGo,6E 885,Airbus A320neo,CCU,Kolkata,GAU,Guwahati,08:56,09:05,10:06,10:10,70,135,180,0.75,Senior Citizen,9,4,On Time,,,2180,294300
FL04520,28-06-2024,Air India,AI 328,Airbus A320,BOM,Mumbai,COK,Kochi,13:42,13:46,15:44,15:49,122,127,174,0.7299,Business,4,5,On Time,,,5770,732790
FL04692,28-06-2024,IndiGo,6E 808,Airbus A321neo,BOM,Mumbai,CJB,Coimbatore,10:53,10:58,12:42,12:42,109,180,220,0.8182,Leisure,5,0,On Time,,,4680,842400
FL04872,28-06-2024,SpiceJet,SG 452,Bombardier Q400,GOI,Goa,NAG,Nagpur,07:14,10:07,09:04,11:57,110,61,78,0.7821,Student,173,173,Delayed,Air Traffic,,4860,296460
FL00727,29-06-2024,Air India Express,IX 303,Boeing 737-8,PNQ,Pune,HYD,Hyderabad,11:09,12:27,12:24,13:35,75,138,189,0.7302,Business,78,71,Delayed,Weather,,2420,333960
FL01050,29-06-2024,IndiGo,6E 918,Airbus A320neo,CCU,Kolkata,DEL,Delhi,12:32,12:32,14:50,14:50,138,126,180,0.7,Leisure,0,0,On Time,,,6100,768600
FL01639,29-06-2024,SpiceJet,SG 487,Boeing 737-800,GOI,Goa,MAA,Chennai,15:36,,17:04,,88,0,189,0,Student,0,0,Cancelled,,Crew Availability,3370,0
FL01693,29-06-2024,IndiGo,6E 705,Airbus A321neo,LKO,Lucknow,GAU,Guwahati,13:57,13:57,16:08,16:13,131,165,220,0.75,Leisure,0,5,On Time,,,5620,927300
FL01741,29-06-2024,Air India,AI 819,Airbus A321,COK,Kochi,PNQ,Pune,08:29,11:05,10:23,12:49,114,112,190,0.5895,Leisure,156,146,Delayed,Late Arrival of Aircraft,,4950,554400
FL01785,29-06-2024,Air India Express,IX 593,Boeing 737-800,PNQ,Pune,MAA,Chennai,10:59,11:27,12:35,12:48,96,167,180,0.9278,Family,28,13,Delayed,Late Arrival of Aircraft,,4680,781560
FL01939,29-06-2024,IndiGo,6E 897,ATR 72,DEL,Delhi,JAI,Jaipur,07:48,07:56,08:45,08:49,57,46,70,0.6571,Business,8,4,On Time,,,1800,82800
FL02664,29-06-2024,Air India Express,IX 855,Boeing 737-800,NAG,Nagpur,HYD,Hyderabad,14:43,,15:47,,64,0,180,0,Student,0,0,Cancelled,,Technical Issue,1800,0
FL02844,29-06-2024,IndiGo,6E 910,Airbus A320neo,COK,Kochi,AMD,Ahmedabad,07:09,07:12,09:50,09:50,161,122,180,0.6778,Leisure,3,0,On Time,,,8250,1006500
FL03608,29-06-2024,SpiceJet,SG 917,Boeing 737-800,AMD,Ahmedabad,JAI,Jaipur,14:58,17:33,16:02,18:38,64,131,189,0.6931,Leisure,155,156,Delayed,Late Arrival of Aircraft,,2410,315710
FL04712,29-06-2024,Air India,AI 396,Airbus A320,MAA,Chennai,DEL,Delhi,21:25,21:31,00:27,00:30,182,118,174,0.6782,Family,6,3,On Time,,,9680,1142240
FL00254,30-06-2024,IndiGo,6E 336,Airbus A320neo,GOI,Goa,COK,Kochi,08:42,10:37,10:01,12:10,79,148,180,0.8222,Business,115,129,Delayed,Late Arrival of Aircraft,,3320,491360
FL02406,30-06-2024,Air India Express,IX 766,Boeing 737-800,DEL,Delhi,BLR,Bengaluru,07:52,08:00,10:49,10:56,177,173,180,0.9611,Business,8,7,On Time,,,9060,1567380
FL02712,30-06-2024,IndiGo,6E 792,ATR 72,GOI,Goa,HYD,Hyderabad,12:22,12:24,13:45,13:45,83,61,70,0.8714,Family,2,0,On Time,,,3000,183000
FL02959,30-06-2024,SpiceJet,SG 776,Boeing 737-800,BOM,Mumbai,BLR,Bengaluru,20:07,22:24,21:49,00:17,102,146,189,0.7725,Business,137,148,Delayed,Weather,,4460,651160
FL03434,30-06-2024,Air India Express,IX 256,Boeing 737-800,PNQ,Pune,HYD,Hyderabad,06:58,07:04,08:04,08:07,66,129,180,0.7167,Business,6,3,On Time,,,2010,259290
FL03649,30-06-2024,IndiGo,6E 831,Airbus A321neo,MAA,Chennai,COK,Kochi,10:12,10:19,11:25,11:35,73,118,220,0.5364,Student,7,10,On Time,,,2710,319780
FL00952,01-07-2024,SpiceJet,SG 347,Bombardier Q400,MAA,Chennai,COK,Kochi,05:58,06:20,07:15,07:24,77,59,78,0.7564,Leisure,22,9,Delayed,Air Traffic,,2330,137470
FL02024,01-07-2024,IndiGo,6E 980,ATR 72,MAA,Chennai,GOI,Goa,13:56,13:56,15:36,15:37,100,46,70,0.6571,Business,0,1,On Time,,,3360,154560
FL03050,01-07-2024,IndiGo,6E 297,Airbus A320neo,AMD,Ahmedabad,DEL,Delhi,16:52,16:59,18:16,18:25,84,130,180,0.7222,Senior Citizen,7,9,On Time,,,3700,481000
FL03728,01-07-2024,Air India Express,IX 331,Boeing 737-800,HYD,Hyderabad,PNQ,Pune,20:48,22:54,21:55,00:06,67,120,180,0.6667,Business,126,131,Delayed,Technical Issue,,2060,247200
FL03764,01-07-2024,IndiGo,6E 918,ATR 72,PNQ,Pune,COK,Kochi,08:12,08:21,10:01,10:15,109,54,70,0.7714,Leisure,9,14,On Time,,,4480,241920
FL04166,01-07-2024,IndiGo,6E 398,Airbus A320neo,HYD,Hyderabad,CJB,Coimbatore,17:52,17:53,19:27,19:27,95,115,180,0.6389,Leisure,1,0,On Time,,,3240,372600
FL00284,02-07-2024,SpiceJet,SG 185,Boeing 737-800,HYD,Hyderabad,GOI,Goa,14:56,14:58,16:16,16:16,80,145,189,0.7672,Business,2,0,On Time,,,2320,336400
FL01859,02-07-2024,Air India,AI 869,Airbus A320,BLR,Bengaluru,HYD,Hyderabad,06:01,06:07,07:15,07:19,74,119,174,0.6839,Leisure,6,4,On Time,,,2410,286790
FL02544,02-07-2024,Air India,AI 333,Boeing 787-8,CJB,Coimbatore,HYD,Hyderabad,08:34,10:04,10:04,11:32,90,176,256,0.6875,Leisure,90,88,Delayed,Late Arrival of Aircraft,,3240,570240
FL02713,02-07-2024,Air India Express,IX 874,Boeing 737-8,MAA,Chennai,BLR,Bengaluru,06:03,08:54,07:06,10:04,63,170,189,0.8995,Leisure,171,178,Delayed,Weather,,1800,306000
FL02874,02-07-2024,Akasa Air,QP 855,Boeing 737 MAX 8,DEL,Delhi,CJB,Coimbatore,20:51,23:26,00:05,02:23,194,133,189,0.7037,Family,155,138,Delayed,Weather,,9360,1244880
FL03747,02-07-2024,Akasa Air,QP 265,Boeing 737 MAX 8,AMD,Ahmedabad,DEL,Delhi,18:26,18:27,19:55,20:00,89,153,189,0.8095,Senior Citizen,1,5,On Time,,,3580,547740
FL04151,02-07-2024,IndiGo,6E 386,Airbus A321neo,HYD,Hyderabad,CCU,Kolkata,21:11,22:58,23:18,01:16,127,143,220,0.65,Senior Citizen,107,118,Delayed,Weather,,5680,812240
FL04555,02-07-2024,Air India,AI 339,Airbus A321,BOM,Mumbai,PNQ,Pune,15:26,17:28,16:11,18:04,45,144,190,0.7579,Business,122,113,Delayed,Crew,,1800,259200
FL02374,03-07-2024,IndiGo,6E 481,ATR 72,GOI,Goa,CJB,Coimbatore,19:43,22:00,21:07,23:01,84,45,70,0.6429,Family,137,114,Delayed,Technical Issue,,2820,126900
FL04017,03-07-2024,IndiGo,6E 279,Airbus A320neo,PNQ,Pune,HYD,Hyderabad,12:28,13:17,13:39,14:19,71,124,180,0.6889,Business,49,40,Delayed,Air Traffic,,2530,313720
FL04934,03-07-2024,IndiGo,6E 219,Airbus A320neo,BLR,Bengaluru,BOM,Mumbai,14:12,14:17,15:53,15:59,101,144,180,0.8,Leisure,5,6,On Time,,,3880,558720
FL00909,04-07-2024,Akasa Air,QP 353,Boeing 737 MAX 8,BLR,Bengaluru,CJB,Coimbatore,06:01,06:01,06:57,06:57,56,132,189,0.6984,Family,0,0,On Time,,,1800,237600
FL03408,04-07-2024,Air India,AI 658,Boeing 787-8,AMD,Ahmedabad,BLR,Bengaluru,06:10,06:10,08:20,08:22,130,199,256,0.7773,Business,0,2,On Time,,,6570,1307430
FL04548,04-07-2024,IndiGo,6E 699,Airbus A320neo,AMD,Ahmedabad,DEL,Delhi,19:17,21:05,20:50,22:42,93,142,180,0.7889,Family,108,112,Delayed,Weather,,3020,428840
FL00348,05-07-2024,Air India,AI 204,Boeing 787-8,AMD,Ahmedabad,LKO,Lucknow,07:38,07:46,09:18,09:21,100,208,256,0.8125,Senior Citizen,8,3,On Time,,,5370,1116960
FL00830,05-07-2024,Air India,AI 442,Airbus A320,GOI,Goa,MAA,Chennai,09:17,09:19,10:59,11:08,102,127,174,0.7299,Leisure,2,9,On Time,,,3780,480060
FL00926,05-07-2024,IndiGo,6E 850,Airbus A320neo,BOM,Mumbai,GOI,Goa,18:07,18:08,19:12,19:20,65,144,180,0.8,Leisure,1,8,On Time,,,2360,339840
FL00971,05-07-2024,Air India,AI 500,Airbus A320,HYD,Hyderabad,LKO,Lucknow,05:00,05:04,07:03,07:09,123,131,174,0.7529,Family,4,6,On Time,,,5500,720500
FL01611,05-07-2024,IndiGo,6E 644,Airbus A321neo,AMD,Ahmedabad,HYD,Hyderabad,12:01,12:01,13:49,13:49,108,184,220,0.8364,Leisure,0,0,On Time,,,4390,807760
FL02226,05-07-2024,IndiGo,6E 352,Airbus A321neo,BOM,Mumbai,BLR,Bengaluru,05:45,06:56,07:26,08:55,101,169,220,0.7682,Family,71,89,Delayed,Weather,,4170,704730
FL03033,05-07-2024,IndiGo,6E 289,Airbus A320neo,COK,Kochi,BOM,Mumbai,06:18,06:18,08:19,08:23,121,136,180,0.7556,Student,0,4,On Time,,,4850,659600
FL00781,06-07-2024,Air India,AI 420,Airbus A321,CJB,Coimbatore,GOI,Goa,10:47,10:51,12:05,12:06,78,100,190,0.5263,Family,4,1,On Time,,,3010,301000
FL01063,06-07-2024,IndiGo,6E 933,ATR 72,BOM,Mumbai,AMD,Ahmedabad,22:06,22:09,23:15,23:17,69,46,70,0.6571,Leisure,3,2,On Time,,,2190,100740
FL01653,06-07-2024,Air India,AI 778,Airbus A321,PNQ,Pune,AMD,Ahmedabad,06:27,08:21,07:45,09:26,78,115,190,0.6053,Business,114,101,Delayed,Ground Operations,,2440,280600
FL02244,06-07-2024,Akasa Air,QP 710,Boeing 737 MAX 8,GOI,Goa,GAU,Guwahati,15:22,15:30,18:55,19:02,213,133,189,0.7037,Leisure,8,7,On Time,,,10860,1444380
FL02689,06-07-2024,IndiGo,6E 775,Airbus A320neo,HYD,Hyderabad,GOI,Goa,07:16,09:27,08:27,10:40,71,105,180,0.5833,Student,131,133,Delayed,Air Traffic,,2520,264600
FL03112,06-07-2024,IndiGo,6E 354,Airbus A321neo,BLR,Bengaluru,PNQ,Pune,12:06,14:05,13:34,15:18,88,168,220,0.7636,Leisure,119,104,Delayed,Air Traffic,,3890,653520
FL03737,06-07-2024,Air India,AI 790,Boeing 787-8,CCU,Kolkata,AMD,Ahmedabad,13:20,13:22,16:06,16:06,166,185,256,0.7227,Leisure,2,0,On Time,,,7980,1476300
FL03890,06-07-2024,IndiGo,6E 204,Airbus A320neo,DEL,Delhi,CCU,Kolkata,17:53,17:53,20:08,20:08,135,126,180,0.7,Senior Citizen,0,0,On Time,,,7070,890820
FL04146,06-07-2024,Akasa Air,QP 377,Boeing 737 MAX 8,AMD,Ahmedabad,HYD,Hyderabad,05:03,05:03,06:54,06:54,111,145,189,0.7672,Business,0,0,On Time,,,3810,552450
FL00173,07-07-2024,SpiceJet,SG 161,Bombardier Q400,JAI,Jaipur,BLR,Bengaluru,06:04,06:13,08:38,08:41,154,46,78,0.5897,Business,9,3,On Time,,,6350,292100
FL02179,07-07-2024,IndiGo,6E 310,Airbus A321neo,GAU,Guwahati,CJB,Coimbatore,20:05,20:08,23:42,23:43,217,155,220,0.7045,Student,3,1,On Time,,,10240,1587200
FL03303,07-07-2024,SpiceJet,SG 852,Bombardier Q400,BLR,Bengaluru,HYD,Hyderabad,19:02,19:08,20:12,20:14,70,55,78,0.7051,Senior Citizen,6,2,On Time,,,2110,116050
FL03578,07-07-2024,SpiceJet,SG 911,Boeing 737-800,BLR,Bengaluru,PNQ,Pune,12:14,12:18,13:56,14:00,102,151,189,0.7989,Leisure,4,4,On Time,,,3790,572290
FL04230,07-07-2024,IndiGo,6E 446,Airbus A321neo,HYD,Hyderabad,GAU,Guwahati,13:11,15:46,16:09,19:00,178,112,220,0.5091,Family,155,171,Delayed,Late Arrival of Aircraft,,6930,776160
FL01094,08-07-2024,IndiGo,6E 960,Airbus A320neo,COK,Kochi,GOI,Goa,18:14,20:00,19:41,21:06,87,120,180,0.6667,Business,106,85,Delayed,Security,,3240,388800
FL01173,08-07-2024,Akasa Air,QP 416,Boeing 737 MAX 8,HYD,Hyderabad,NAG,Nagpur,14:59,16:54,16:02,17:51,63,156,189,0.8254,Family,115,109,Delayed,Weather,,2000,312000
FL01304,08-07-2024,Akasa Air,QP 447,Boeing 737 MAX 8,BOM,Mumbai,AMD,Ahmedabad,17:09,18:35,18:15,19:35,66,141,189,0.746,Family,86,80,Delayed,Crew,,2000,282000
FL01734,08-07-2024,IndiGo,6E 734,Airbus A321neo,GOI,Goa,CCU,Kolkata,11:29,11:30,14:33,14:39,184,134,220,0.6091,Leisure,1,6,On Time,,,7520,1007680
FL01987,08-07-2024,IndiGo,6E 947,Airbus A321neo,COK,Kochi,PNQ,Pune,19:48,19:51,21:44,21:48,116,137,220,0.6227,Family,3,4,On Time,,,4360,597320
FL02172,08-07-2024,Akasa Air,QP 692,Boeing 737 MAX 8,CCU,Kolkata,JAI,Jaipur,21:10,21:15,23:36,23:41,146,100,189,0.5291,Leisure,5,5,On Time,,,5520,552000
FL02397,08-07-2024,IndiGo,6E 510,Airbus A320neo,HYD,Hyderabad,GAU,Guwahati,09:48,09:54,12:42,12:43,174,126,180,0.7,Leisure,6,1,On Time,,,7920,997920
FL02965,08-07-2024,Air India,AI 485,Airbus A321,BOM,Mumbai,AMD,Ahmedabad,15:25,17:15,16:24,18:26,59,151,190,0.7947,Business,110,122,Delayed,Air Traffic,,2440,368440
FL03099,08-07-2024,Akasa Air,QP 915,Boeing 737 MAX 8,MAA,Chennai,CCU,Kolkata,17:58,18:06,20:27,20:34,149,131,189,0.6931,Leisure,8,7,On Time,,,6630,868530
FL03182,08-07-2024,SpiceJet,SG 813,Boeing 737-800,AMD,Ahmedabad,CJB,Coimbatore,19:03,19:05,21:37,21:37,154,131,189,0.6931,Family,2,0,On Time,,,6920,906520
FL03868,08-07-2024,Akasa Air,QP 294,Boeing 737 MAX 8,MAA,Chennai,DEL,Delhi,10:20,10:26,13:26,13:36,186,165,189,0.873,Business,6,10,On Time,,,8740,1442100
FL04415,08-07-2024,IndiGo,6E 598,Airbus A321neo,JAI,Jaipur,CJB,Coimbatore,21:03,21:07,00:06,00:10,183,128,220,0.5818,Family,4,4,On Time,,,8990,1150720
FL02069,09-07-2024,IndiGo,6E 215,Airbus A320neo,MAA,Chennai,BLR,Bengaluru,09:26,11:40,10:11,12:39,45,109,180,0.6056,Leisure,134,148,Delayed,Weather,,1800,196200
FL02199,09-07-2024,Air India,AI 992,Airbus A320,AMD,Ahmedabad,BOM,Mumbai,06:56,08:14,08:04,09:29,68,145,174,0.8333,Student,78,85,Delayed,Late Arrival of Aircraft,,2460,356700
FL04313,09-07-2024,Akasa Air,QP 423,Boeing 737 MAX 8,BLR,Bengaluru,PNQ,Pune,15:32,17:08,16:54,18:35,82,140,189,0.7407,Senior Citizen,96,101,Delayed,Late Arrival of Aircraft,,3140,439600
FL00902,10-07-2024,IndiGo,6E 834,Airbus A320neo,DEL,Delhi,MAA,Chennai,12:03,12:10,15:00,15:09,177,155,180,0.8611,Family,7,9,On Time,,,9400,1457000
FL01209,10-07-2024,Akasa Air,QP 419,Boeing 737 MAX 8,DEL,Delhi,MAA,Chennai,17:31,17:34,20:42,20:42,191,110,189,0.582,Business,3,0,On Time,,,7860,864600
FL02779,10-07-2024,Air India,AI 422,Airbus A320,BLR,Bengaluru,BOM,Mumbai,18:25,18:25,20:10,20:16,105,142,174,0.8161,Leisure,0,6,On Time,,,3730,529660
FL04046,10-07-2024,IndiGo,6E 299,ATR 72,DEL,Delhi,JAI,Jaipur,14:47,14:55,15:32,15:41,45,33,70,0.4714,Leisure,8,9,On Time,,,1800,59400
FL04728,10-07-2024,IndiGo,6E 838,ATR 72,BLR,Bengaluru,COK,Kochi,12:35,12:43,13:37,13:48,62,40,70,0.5714,Student,8,11,On Time,,,1800,72000
FL00751,11-07-2024,IndiGo,6E 708,Airbus A321neo,DEL,Delhi,CCU,Kolkata,19:00,19:04,21:18,21:18,138,165,220,0.75,Business,4,0,On Time,,,5930,978450
FL01783,11-07-2024,Air India,AI 838,Airbus A320,COK,Kochi,CJB,Coimbatore,06:36,06:37,07:21,07:21,45,122,174,0.7011,Business,1,0,On Time,,,1800,219600
FL00190,12-07-2024,IndiGo,6E 278,Airbus A321neo,COK,Kochi,BLR,Bengaluru,21:42,00:35,22:44,01:33,62,124,220,0.5636,Leisure,173,169,Delayed,Technical Issue,,1800,223200
FL02247,12-07-2024,Air India,AI 209,Airbus A320,LKO,Lucknow,MAA,Chennai,13:22,13:23,16:03,16:03,161,144,174,0.8276,Student,1,0,On Time,,,8430,1213920
FL02558,12-07-2024,IndiGo,6E 658,ATR 72,HYD,Hyderabad,BLR,Bengaluru,06:57,,08:00,,63,0,70,0,Student,0,0,Cancelled,,Crew Availability,2300,0
FL03757,12-07-2024,SpiceJet,SG 953,Bombardier Q400,BLR,Bengaluru,GOI,Goa,05:47,08:27,06:55,09:53,68,59,78,0.7564,Business,160,178,Delayed,Weather,,2410,142190
FL01860,13-07-2024,Air India,AI 870,Airbus A320,BOM,Mumbai,HYD,Hyderabad,07:35,07:42,08:58,09:00,83,146,174,0.8391,Student,7,2,On Time,,,3790,553340
FL02086,13-07-2024,Akasa Air,QP 664,Boeing 737 MAX 8,GOI,Goa,DEL,Delhi,13:32,15:57,16:16,18:43,164,154,189,0.8148,Business,145,147,Delayed,Air Traffic,,7100,1093400
FL02189,13-07-2024,IndiGo,6E 322,Airbus A320neo,BOM,Mumbai,GOI,Goa,22:17,22:17,23:24,23:26,67,148,180,0.8222,Family,0,2,On Time,,,2520,372960
FL02325,13-07-2024,IndiGo,6E 432,Airbus A321neo,AMD,Ahmedabad,COK,Kochi,17:47,17:49,20:28,20:28,161,174,220,0.7909,Leisure,2,0,On Time,,,8850,1539900
FL02367,13-07-2024,SpiceJet,SG 655,Boeing 737-800,BOM,Mumbai,GOI,Goa,12:18,12:21,13:20,13:22,62,115,189,0.6085,Family,3,2,On Time,,,2170,249550
FL03441,13-07-2024,Akasa Air,QP 987,Boeing 737 MAX 8,GOI,Goa,BOM,Mumbai,05:20,05:23,06:25,06:26,65,103,189,0.545,Business,3,1,On Time,,,1800,185400
FL03936,13-07-2024,IndiGo,6E 228,Airbus A321neo,NAG,Nagpur,LKO,Lucknow,17:20,17:27,18:46,18:58,86,146,220,0.6636,Leisure,7,12,On Time,,,3140,458440
FL04011,13-07-2024,SpiceJet,SG 223,Boeing 737-800,MAA,Chennai,CCU,Kolkata,06:04,06:12,08:34,08:35,150,122,189,0.6455,Business,8,1,On Time,,,6560,800320
FL04246,13-07-2024,Air India,AI 221,Airbus A321,COK,Kochi,CCU,Kolkata,10:20,10:23,13:30,13:40,190,117,190,0.6158,Leisure,3,10,On Time,,,9150,1070550
FL00941,14-07-2024,Air India Express,IX 371,Boeing 737-800,AMD,Ahmedabad,DEL,Delhi,19:00,19:00,20:36,20:40,96,154,180,0.8556,Family,0,4,On Time,,,4270,657580
FL01246,14-07-2024,Air India,AI 601,Airbus A320,BOM,Mumbai,DEL,Delhi,10:27,12:35,12:46,14:49,139,145,174,0.8333,Leisure,128,123,Delayed,Technical Issue,,6970,1010650
FL01600,14-07-2024,IndiGo,6E 627,ATR 72,HYD,Hyderabad,NAG,Nagpur,19:36,19:43,20:41,20:51,65,50,70,0.7143,Family,7,10,On Time,,,2070,103500
FL01608,14-07-2024,IndiGo,6E 638,Airbus A321neo,BLR,Bengaluru,HYD,Hyderabad,20:33,23:22,21:32,00:10,59,159,220,0.7227,Student,169,158,Delayed,Air Traffic,,2200,349800
FL02117,14-07-2024,IndiGo,6E 259,Airbus A320neo,HYD,Hyderabad,JAI,Jaipur,17:44,19:02,19:45,21:02,121,125,180,0.6944,Leisure,78,77,Delayed,Weather,,5160,645000
FL02162,14-07-2024,Air India Express,IX 700,Boeing 737-8,MAA,Chennai,CCU,Kolkata,08:06,09:55,10:27,12:09,141,158,189,0.836,Student,109,102,Delayed,Late Arrival of Aircraft,,7940,1254520
FL04048,14-07-2024,SpiceJet,SG 232,Boeing 737-800,MAA,Chennai,DEL,Delhi,16:09,16:18,19:17,19:24,188,139,189,0.7354,Family,9,7,On Time,,,8280,1150920
FL04630,14-07-2024,Air India,AI 364,Airbus A321,PNQ,Pune,CCU,Kolkata,08:26,09:58,11:13,12:44,167,120,190,0.6316,Leisure,92,91,Delayed,Late Arrival of Aircraft,,7950,954000
FL00103,15-07-2024,SpiceJet,SG 136,Boeing 737-800,DEL,Delhi,HYD,Hyderabad,12:44,12:48,15:02,15:07,138,144,189,0.7619,Student,4,5,On Time,,,6030,868320
FL00309,15-07-2024,Air India Express,IX 199,Boeing 737-8,BOM,Mumbai,NAG,Nagpur,11:51,11:51,13:18,13:20,87,140,189,0.7407,Senior Citizen,0,2,On Time,,,3750,525000
FL01651,15-07-2024,Air India,AI 775,Airbus A321,PNQ,Pune,CCU,Kolkata,05:49,05:55,08:39,08:45,170,115,190,0.6053,Leisure,6,6,On Time,,,7620,876300
FL02062,15-07-2024,Air India Express,IX 666,Boeing 737-8,DEL,Delhi,BLR,Bengaluru,13:56,13:56,16:59,16:59,183,141,189,0.746,Business,0,0,On Time,,,6490,915090
FL00146,16-07-2024,SpiceJet,SG 147,Boeing 737-800,JAI,Jaipur,BOM,Mumbai,10:40,10:40,12:27,12:28,107,133,189,0.7037,Student,0,1,On Time,,,3810,506730
FL03027,16-07-2024,IndiGo,6E 275,Airbus A321neo,HYD,Hyderabad,LKO,Lucknow,21:36,21:36,23:41,23:43,125,137,220,0.6227,Business,0,2,On Time,,,5180,709660
FL03080,16-07-2024,SpiceJet,SG 799,Boeing 737-800,CJB,Coimbatore,PNQ,Pune,11:52,11:55,13:45,13:54,113,80,189,0.4233,Leisure,3,9,On Time,,,3140,251200
FL04723,16-07-2024,Air India Express,IX 630,Boeing 737-8,MAA,Chennai,GOI,Goa,06:23,06:24,07:58,07:58,95,106,189,0.5608,Leisure,1,0,On Time,,,3310,350860
FL01584,17-07-2024,IndiGo,6E 609,Airbus A320neo,BOM,Mumbai,LKO,Lucknow,06:29,07:53,08:38,10:00,129,107,180,0.5944,Leisure,84,82,Delayed,Technical Issue,,5540,592780
FL03390,17-07-2024,SpiceJet,SG 872,Boeing 737-800,COK,Kochi,BOM,Mumbai,10:28,10:35,12:28,12:40,120,99,189,0.5238,Business,7,12,On Time,,,4440,439560
FL04116,17-07-2024,IndiGo,6E 366,Airbus A321neo,JAI,Jaipur,CCU,Kolkata,19:55,19:55,22:25,22:25,150,129,220,0.5864,Business,0,0,On Time,,,5910,762390
FL04894,17-07-2024,Akasa Air,QP 573,Boeing 737 MAX 8,GAU,Guwahati,DEL,Delhi,09:09,10:00,11:43,12:27,154,121,189,0.6402,Student,51,44,Delayed,Late Arrival of Aircraft,,6170,746570
FL01877,18-07-2024,Akasa Air,QP 613,Boeing 737 MAX 8,DEL,Delhi,HYD,Hyderabad,15:07,15:09,17:32,17:33,145,175,189,0.9259,Leisure,2,1,On Time,,,6970,1219750
FL03060,18-07-2024,Air India,AI 531,Airbus A321,LKO,Lucknow,COK,Kochi,18:19,19:52,21:33,23:06,194,154,190,0.8105,Leisure,93,93,Delayed,Late Arrival of Aircraft,,9030,1390620
FL00372,19-07-2024,IndiGo,6E 428,Airbus A320neo,CJB,Coimbatore,LKO,Lucknow,07:32,07:36,10:33,10:33,181,136,180,0.7556,Family,4,0,On Time,,,7260,987360
FL00445,19-07-2024,Air India,AI 262,Airbus A321,NAG,Nagpur,CJB,Coimbatore,08:36,08:44,10:39,10:43,123,138,190,0.7263,Family,8,4,On Time,,,6610,912180
FL01119,19-07-2024,Air India,AI 562,Airbus A320,LKO,Lucknow,DEL,Delhi,06:38,,07:45,,67,0,174,0,Leisure,0,0,Cancelled,,Crew Availability,1980,0
FL01215,19-07-2024,IndiGo,6E 278,ATR 72,BLR,Bengaluru,COK,Kochi,10:42,12:23,11:36,13:04,54,57,70,0.8143,Leisure,101,88,Delayed,Security,,1800,102600
FL01329,19-07-2024,Akasa Air,QP 459,Boeing 737 MAX 8,MAA,Chennai,DEL,Delhi,16:31,17:31,19:29,20:32,178,133,189,0.7037,Senior Citizen,60,63,Delayed,Weather,,8370,1113210
FL02166,19-07-2024,IndiGo,6E 300,Airbus A320neo,MAA,Chennai,BOM,Mumbai,21:15,23:29,23:15,01:37,120,123,180,0.6833,Leisure,134,142,Delayed,Crew,,4870,599010
FL02615,19-07-2024,IndiGo,6E 702,Airbus A320neo,MAA,Chennai,DEL,Delhi,12:10,13:38,15:11,16:47,181,151,180,0.8389,Leisure,88,96,Delayed,Air Traffic,,8600,1298600
FL02838,19-07-2024,IndiGo,6E 906,Airbus A321neo,AMD,Ahmedabad,HYD,Hyderabad,15:02,15:04,16:47,16:51,105,155,220,0.7045,Student,2,4,On Time,,,4440,688200
FL03119,19-07-2024,Air India,AI 554,Airbus A321,HYD,Hyderabad,NAG,Nagpur,07:41,10:14,08:48,11:26,67,124,190,0.6526,Leisure,153,158,Delayed,Weather,,2220,275280
FL03253,19-07-2024,IndiGo,6E 478,Airbus A321neo,AMD,Ahmedabad,CCU,Kolkata,19:12,19:36,22:06,22:16,174,116,220,0.5273,Student,24,10,Delayed,Weather,,7150,829400
FL03827,19-07-2024,IndiGo,6E 963,Airbus A320neo,AMD,Ahmedabad,MAA,Chennai,06:31,,09:02,,151,0,180,0,Leisure,0,0,Cancelled,,Weather,6040,0
FL04634,19-07-2024,Akasa Air,QP 495,Boeing 737 MAX 8,HYD,Hyderabad,BLR,Bengaluru,07:22,07:25,08:32,08:44,70,142,189,0.7513,Family,3,12,On Time,,,2420,343640
FL00108,20-07-2024,SpiceJet,SG 139,Boeing 737-800,BLR,Bengaluru,NAG,Nagpur,14:56,14:57,16:37,16:41,101,130,189,0.6878,Leisure,1,4,On Time,,,4760,618800
FL01516,20-07-2024,IndiGo,6E 561,Airbus A321neo,MAA,Chennai,PNQ,Pune,14:27,14:31,16:12,16:14,105,156,220,0.7091,Family,4,2,On Time,,,4530,706680
FL02735,20-07-2024,Akasa Air,QP 817,Boeing 737 MAX 8,GOI,Goa,CJB,Coimbatore,10:02,12:36,11:16,14:08,74,130,189,0.6878,Leisure,154,172,Delayed,Weather,,2870,373100
FL04495,20-07-2024,IndiGo,6E 665,Airbus A321neo,DEL,Delhi,NAG,Nagpur,19:54,19:58,21:34,21:37,100,130,220,0.5909,Business,4,3,On Time,,,3870,503100
FL04766,20-07-2024,Akasa Air,QP 529,Boeing 737 MAX 8,CCU,Kolkata,COK,Kochi,17:42,17:49,20:58,21:02,196,122,189,0.6455,Leisure,7,4,On Time,,,9430,1150460
FL04863,20-07-2024,IndiGo,6E 949,Airbus A321neo,DEL,Delhi,GOI,Goa,10:45,10:49,13:21,13:26,156,143,220,0.65,Family,4,5,On Time,,,7640,1092520
FL00820,21-07-2024,IndiGo,6E 768,Airbus A320neo,MAA,Chennai,BOM,Mumbai,18:43,18:44,20:42,20:46,119,133,180,0.7389,Business,1,4,On Time,,,5370,714210
FL01530,21-07-2024,Air India,AI 719,Airbus A320,DEL,Delhi,CJB,Coimbatore,22:01,22:02,01:16,01:19,195,137,174,0.7874,Business,1,3,On Time,,,13310,1823470
FL01550,21-07-2024,Air India Express,IX 523,Boeing 737-8,BLR,Bengaluru,LKO,Lucknow,10:22,10:30,13:11,13:15,169,97,189,0.5132,Business,8,4,On Time,,,5750,557750
FL02121,21-07-2024,IndiGo,6E 265,Airbus A320neo,HYD,Hyderabad,CJB,Coimbatore,19:35,19:38,21:06,21:10,91,139,180,0.7722,Business,3,4,On Time,,,3400,472600
FL02459,21-07-2024,Akasa Air,QP 759,Boeing 737 MAX 8,BOM,Mumbai,HYD,Hyderabad,07:37,07:54,08:56,12:39,79,166,189,0.8783,Senior Citizen,17,223,Diverted,Late Arrival of Aircraft,,3120,517920
FL03120,21-07-2024,Air India Express,IX 978,Boeing 737-8,AMD,Ahmedabad,MAA,Chennai,08:39,11:34,11:05,14:01,146,150,189,0.7937,Business,175,176,Delayed,Air Traffic,,5970,895500
FL03800,21-07-2024,Air India,AI 827,Airbus A320,MAA,Chennai,DEL,Delhi,11:12,11:19,14:19,14:30,187,146,174,0.8391,Leisure,7,11,On Time,,,11100,1620600
FL03964,21-07-2024,Air India,AI 902,Airbus A320,COK,Kochi,DEL,Delhi,07:52,07:52,11:21,11:21,209,96,174,0.5517,Leisure,0,0,On Time,,,10720,1029120
FL04404,21-07-2024,Air India Express,IX 513,Boeing 737-800,MAA,Chennai,PNQ,Pune,08:37,11:32,10:26,13:31,109,131,180,0.7278,Leisure,175,185,Delayed,Weather,,4120,539720
FL04631,21-07-2024,IndiGo,6E 771,ATR 72,GOI,Goa,MAA,Chennai,11:07,11:10,12:35,12:40,88,56,70,0.8,Business,3,5,On Time,,,3540,198240
FL04645,21-07-2024,IndiGo,6E 777,ATR 72,LKO,Lucknow,DEL,Delhi,20:35,20:40,21:36,21:38,61,61,70,0.8714,Leisure,5,2,On Time,,,2290,139690
FL04670,21-07-2024,IndiGo,6E 798,Airbus A321neo,LKO,Lucknow,BLR,Bengaluru,14:36,14:40,17:12,17:15,156,152,220,0.6909,Business,4,3,On Time,,,6490,986480
FL00661,22-07-2024,IndiGo,6E 644,Airbus A320neo,MAA,Chennai,BOM,Mumbai,10:32,10:36,12:24,12:25,112,152,180,0.8444,Family,4,1,On Time,,,5280,802560
FL01053,22-07-2024,Akasa Air,QP 387,Boeing 737 MAX 8,JAI,Jaipur,PNQ,Pune,14:15,15:36,16:10,17:34,115,158,189,0.836,Family,81,84,Delayed,Crew,,4470,706260
FL01652,22-07-2024,Air India,AI 776,Airbus A321,CJB,Coimbatore,PNQ,Pune,17:45,17:50,19:38,19:38,113,141,190,0.7421,Senior Citizen,5,0,On Time,,,5020,707820
FL01898,22-07-2024,IndiGo,6E 875,Airbus A320neo,DEL,Delhi,BLR,Bengaluru,13:05,14:49,15:45,17:09,160,145,180,0.8056,Senior Citizen,104,84,Delayed,Weather,,9400,1363000
FL02877,22-07-2024,Akasa Air,QP 858,Boeing 737 MAX 8,PNQ,Pune,HYD,Hyderabad,07:52,07:53,08:57,08:57,65,109,189,0.5767,Leisure,1,0,On Time,,,2090,227810
FL03221,22-07-2024,Air India,AI 594,Airbus A321,HYD,Hyderabad,BOM,Mumbai,14:48,17:12,16:17,18:34,89,150,190,0.7895,Leisure,144,137,Delayed,Ground Operations,,3040,456000
FL03332,22-07-2024,Air India,AI 636,Airbus A320,PNQ,Pune,BLR,Bengaluru,08:33,09:19,10:05,10:59,92,113,174,0.6494,Business,46,54,Delayed,Late Arrival of Aircraft,,3990,450870
FL04082,22-07-2024,IndiGo,6E 327,Airbus A320neo,HYD,Hyderabad,PNQ,Pune,19:36,20:19,20:52,21:27,76,117,180,0.65,Leisure,43,35,Delayed,Ground Operations,,2280,266760
FL04546,22-07-2024,Air India,AI 335,Airbus A321,BLR,Bengaluru,GOI,Goa,22:29,00:24,23:44,01:55,75,120,190,0.6316,Family,115,131,Delayed,Weather,,2280,273600
FL04563,22-07-2024,SpiceJet,SG 379,Boeing 737-800,DEL,Delhi,AMD,Ahmedabad,13:09,13:18,14:44,14:50,95,102,189,0.5397,Senior Citizen,9,6,On Time,,,2850,290700
FL04793,22-07-2024,SpiceJet,SG 439,Boeing 737-800,DEL,Delhi,CCU,Kolkata,10:26,10:32,12:42,12:46,136,108,189,0.5714,Leisure,6,4,On Time,,,4960,535680
FL04822,22-07-2024,Air India,AI 443,Airbus A320,GAU,Guwahati,CCU,Kolkata,13:25,13:32,14:34,14:42,69,126,174,0.7241,Family,7,8,On Time,,,2480,312480
FL04843,22-07-2024,IndiGo,6E 930,ATR 72,BOM,Mumbai,NAG,Nagpur,09:59,,11:20,,81,0,70,0,Business,0,0,Cancelled,,Crew Availability,3170,0
FL01606,23-07-2024,IndiGo,6E 636,Airbus A320neo,BOM,Mumbai,BLR,Bengaluru,05:00,05:08,06:55,07:09,115,138,180,0.7667,Family,8,14,On Time,,,3970,547860
FL02158,23-07-2024,Air India Express,IX 697,Boeing 737-8,NAG,Nagpur,GOI,Goa,11:15,11:22,12:54,12:58,99,149,189,0.7884,Leisure,7,4,On Time,,,3440,512560
FL03283,23-07-2024,SpiceJet,SG 840,Boeing 737-800,HYD,Hyderabad,NAG,Nagpur,07:32,07:36,08:49,08:54,77,118,189,0.6243,Business,4,5,On Time,,,1800,212400
FL04779,23-07-2024,SpiceJet,SG 436,Boeing 737-800,AMD,Ahmedabad,DEL,Delhi,20:48,20:53,22:26,22:27,98,101,189,0.5344,Family,5,1,On Time,,,3110,314110
FL04923,23-07-2024,IndiGo,6E 209,Airbus A320neo,COK,Kochi,CCU,Kolkata,13:32,13:36,16:45,16:53,193,85,180,0.4722,Family,4,8,On Time,,,7080,601800
FL02505,24-07-2024,Air India,AI 315,Airbus A321,CCU,Kolkata,COK,Kochi,17:08,17:47,20:25,20:54,197,134,190,0.7053,Leisure,39,29,Delayed,Air Traffic,,8390,1124260
FL03641,24-07-2024,IndiGo,6E 823,Airbus A320neo,BLR,Bengaluru,GAU,Guwahati,11:47,11:56,15:13,15:24,206,126,180,0.7,Leisure,9,11,On Time,,,8150,1026900
FL00475,25-07-2024,IndiGo,6E 522,Airbus A320neo,PNQ,Pune,LKO,Lucknow,11:07,11:15,13:05,13:16,118,114,180,0.6333,Student,8,11,On Time,,,5430,619020
FL00596,25-07-2024,Air India,AI 330,Airbus A320,PNQ,Pune,BOM,Mumbai,08:23,10:38,09:08,11:26,45,131,174,0.7529,Leisure,135,138,Delayed,Weather,,1800,235800
FL00897,25-07-2024,IndiGo,6E 826,Airbus A321neo,BOM,Mumbai,HYD,Hyderabad,13:03,13:03,14:32,14:32,89,170,220,0.7727,Business,0,0,On Time,,,2830,481100
FL02982,25-07-2024,IndiGo,6E 239,Airbus A320neo,GAU,Guwahati,DEL,Delhi,21:56,22:04,00:37,00:50,161,130,180,0.7222,Student,8,13,On Time,,,6520,847600
FL03015,25-07-2024,IndiGo,6E 262,Airbus A321neo,DEL,Delhi,BOM,Mumbai,19:07,19:07,21:17,21:17,130,156,220,0.7091,Business,0,0,On Time,,,5190,809640
FL03510,25-07-2024,Akasa Air,QP 207,Boeing 737 MAX 8,JAI,Jaipur,CJB,Coimbatore,20:25,20:30,23:29,23:37,184,105,189,0.5556,Family,5,8,On Time,,,7240,760200
FL03622,25-07-2024,Air India,AI 747,Airbus A321,COK,Kochi,AMD,Ahmedabad,18:39,18:45,21:18,21:26,159,138,190,0.7263,Leisure,6,8,On Time,,,6960,960480
FL03679,25-07-2024,Air India,AI 766,Boeing 787-8,GOI,Goa,BLR,Bengaluru,12:27,14:08,13:31,15:14,64,140,256,0.5469,Family,101,103,Delayed,Weather,,2150,301000
FL03758,25-07-2024,Air India,AI 806,Airbus A320,BOM,Mumbai,GOI,Goa,12:40,12:48,13:45,13:50,65,149,174,0.8563,Leisure,8,5,On Time,,,2380,354620
FL03852,25-07-2024,Air India,AI 852,Airbus A321,BOM,Mumbai,PNQ,Pune,07:59,10:37,08:44,11:32,45,156,190,0.8211,Senior Citizen,158,168,Delayed,Technical Issue,,1800,280800
FL02017,26-07-2024,SpiceJet,SG 567,Bombardier Q400,HYD,Hyderabad,GOI,Goa,19:36,19:44,20:51,20:54,75,42,78,0.5385,Family,8,3,On Time,,,2680,112560
FL02073,26-07-2024,IndiGo,6E 218,Airbus A321neo,HYD,Hyderabad,DEL,Delhi,16:49,16:50,19:17,19:17,148,187,220,0.85,Business,1,0,On Time,,,6410,1198670
FL02123,26-07-2024,IndiGo,6E 267,ATR 72,NAG,Nagpur,GOI,Goa,09:42,09:46,11:31,11:33,109,55,70,0.7857,Business,4,2,On Time,,,4290,235950
FL03818,26-07-2024,Akasa Air,QP 277,Boeing 737 MAX 8,GOI,Goa,MAA,Chennai,11:17,14:06,12:46,15:39,89,129,189,0.6825,Student,169,173,Delayed,Weather,,3470,447630
FL04195,26-07-2024,SpiceJet,SG 260,Boeing 737-800,MAA,Chennai,JAI,Jaipur,10:51,10:55,13:37,13:44,166,131,189,0.6931,Senior Citizen,4,7,On Time,,,7870,1030970
FL04260,26-07-2024,Akasa Air,QP 413,Boeing 737 MAX 8,MAA,Chennai,BLR,Bengaluru,18:49,18:52,19:43,19:46,54,166,189,0.8783,Business,3,3,On Time,,,1800,298800
FL04472,26-07-2024,IndiGo,6E 649,Airbus A320neo,BOM,Mumbai,BLR,Bengaluru,15:20,15:22,17:01,17:04,101,132,180,0.7333,Family,2,3,On Time,,,4510,595320
FL04860,26-07-2024,Air India,AI 471,Airbus A321,MAA,Chennai,CJB,Coimbatore,12:14,12:14,13:20,13:20,66,131,190,0.6895,Leisure,0,0,On Time,,,2210,289510
FL00157,27-07-2024,Air India,AI 140,Boeing 787-8,HYD,Hyderabad,BLR,Bengaluru,11:09,11:10,12:24,12:31,75,220,256,0.8594,Family,1,7,On Time,,,2250,495000
FL00514,27-07-2024,IndiGo,6E 552,Airbus A320neo,HYD,Hyderabad,BLR,Bengaluru,11:13,11:13,12:25,12:30,72,134,180,0.7444,Business,0,5,On Time,,,2000,268000
FL01000,27-07-2024,SpiceJet,SG 373,Boeing 737-800,GOI,Goa,GAU,Guwahati,16:23,16:26,20:07,20:12,224,116,189,0.6138,Business,3,5,On Time,,,10590,1228440
FL03219,27-07-2024,Air India,AI 589,Airbus A321,MAA,Chennai,BOM,Mumbai,11:02,,13:05,,123,0,190,0,Leisure,0,0,Cancelled,,Operational Issue,5140,0
FL04067,27-07-2024,SpiceJet,SG 234,Bombardier Q400,HYD,Hyderabad,PNQ,Pune,22:00,22:44,23:08,23:52,68,65,78,0.8333,Leisure,44,44,Delayed,Ground Operations,,2560,166400
FL04162,27-07-2024,Air India Express,IX 452,Boeing 737-8,LKO,Lucknow,DEL,Delhi,17:17,17:23,18:21,18:27,64,134,189,0.709,Leisure,6,6,On Time,,,1960,262640
FL04486,27-07-2024,Air India Express,IX 549,Boeing 737-8,BLR,Bengaluru,COK,Kochi,14:16,14:24,15:25,15:33,69,136,189,0.7196,Family,8,8,On Time,,,1800,244800
FL04674,27-07-2024,Air India,AI 382,Airbus A321,CCU,Kolkata,PNQ,Pune,22:03,22:03,00:38,00:38,155,145,190,0.7632,Senior Citizen,0,0,On Time,,,9900,1435500
FL04892,27-07-2024,IndiGo,6E 971,Airbus A320neo,CCU,Kolkata,DEL,Delhi,09:04,09:09,11:32,11:40,148,131,180,0.7278,Family,5,8,On Time,,,6920,906520
FL00076,28-07-2024,Air India Express,IX 130,Boeing 737-8,BLR,Bengaluru,MAA,Chennai,08:45,11:16,09:44,12:18,59,139,189,0.7354,Business,151,154,Delayed,Late Arrival of Aircraft,,1800,250200
FL02817,28-07-2024,SpiceJet,SG 734,Bombardier Q400,CCU,Kolkata,CJB,Coimbatore,20:52,20:56,23:59,00:07,187,56,78,0.7179,Student,4,8,On Time,,,7600,425600
FL00705,29-07-2024,IndiGo,6E 675,Airbus A321neo,CCU,Kolkata,PNQ,Pune,06:55,07:04,09:40,09:45,165,154,220,0.7,Business,9,5,On Time,,,7100,1093400
FL01055,29-07-2024,IndiGo,6E 926,Airbus A320neo,DEL,Delhi,MAA,Chennai,07:35,07:40,10:42,10:52,187,102,180,0.5667,Senior Citizen,5,10,On Time,,,8240,840480
FL02945,29-07-2024,Air India,AI 476,Boeing 787-8,COK,Kochi,PNQ,Pune,16:50,16:50,18:49,18:50,119,146,256,0.5703,Leisure,0,1,On Time,,,3700,540200
FL02968,29-07-2024,IndiGo,6E 219,Airbus A321neo,JAI,Jaipur,PNQ,Pune,11:06,11:57,13:01,14:10,115,168,220,0.7636,Business,51,69,Delayed,Weather,,4200,705600
FL03840,29-07-2024,Air India,AI 843,Airbus A320,AMD,Ahmedabad,DEL,Delhi,07:02,07:08,08:30,08:30,88,117,174,0.6724,Senior Citizen,6,0,On Time,,,3810,445770
FL03850,29-07-2024,IndiGo,6E 979,Airbus A321neo,CJB,Coimbatore,HYD,Hyderabad,12:32,12:39,14:04,14:13,92,143,220,0.65,Student,7,9,On Time,,,3150,450450
FL04263,29-07-2024,IndiGo,6E 475,ATR 72,AMD,Ahmedabad,BOM,Mumbai,15:29,17:59,16:31,19:13,62,60,70,0.8571,Senior Citizen,150,162,Delayed,Weather,,2550,153000
FL04550,29-07-2024,IndiGo,6E 704,Airbus A321neo,BOM,Mumbai,PNQ,Pune,12:49,14:01,13:34,17:09,45,129,220,0.5864,Leisure,72,215,Diverted,Late Arrival of Aircraft,,1800,232200
FL00267,30-07-2024,Air India,AI 168,Boeing 787-8,HYD,Hyderabad,BLR,Bengaluru,07:17,07:19,08:34,08:36,77,214,256,0.8359,Business,2,2,On Time,,,2760,590640
FL00407,30-07-2024,Akasa Air,QP 187,Boeing 737 MAX 8,HYD,Hyderabad,COK,Kochi,21:25,22:51,23:01,00:36,96,135,189,0.7143,Leisure,86,95,Delayed,Weather,,3890,525150
FL00691,30-07-2024,Akasa Air,QP 291,Boeing 737 MAX 8,CCU,Kolkata,JAI,Jaipur,18:16,18:24,20:42,20:47,146,152,189,0.8042,Student,8,5,On Time,,,7240,1100480
FL01353,30-07-2024,IndiGo,6E 416,Airbus A321neo,GOI,Goa,BOM,Mumbai,18:57,18:59,20:02,20:02,65,150,220,0.6818,Student,2,0,On Time,,,2030,304500
FL01710,30-07-2024,Air India Express,IX 569,Boeing 737-8,BOM,Mumbai,AMD,Ahmedabad,05:22,08:19,06:36,09:49,74,130,189,0.6878,Leisure,177,193,Delayed,Other,,1800,234000
FL02041,30-07-2024,IndiGo,6E 990,Airbus A321neo,PNQ,Pune,MAA,Chennai,18:21,18:22,20:07,20:07,106,178,220,0.8091,Business,1,0,On Time,,,4950,881100
FL03238,30-07-2024,Air India Express,IX 211,Boeing 737-8,CCU,Kolkata,HYD,Hyderabad,17:00,17:07,19:17,19:25,137,154,189,0.8148,Leisure,7,8,On Time,,,5800,893200
FL04371,30-07-2024,Air India Express,IX 501,Boeing 737-8,LKO,Lucknow,GOI,Goa,09:41,11:11,12:13,13:57,152,149,189,0.7884,Leisure,90,104,Delayed,Technical Issue,,5750,856750
FL01406,31-07-2024,IndiGo,6E 456,ATR 72,AMD,Ahmedabad,MAA,Chennai,15:54,18:12,18:20,20:38,146,45,70,0.6429,Family,138,138,Delayed,Air Traffic,,5450,245250
FL01997,31-07-2024,IndiGo,6E 954,Airbus A320neo,AMD,Ahmedabad,PNQ,Pune,11:22,12:45,12:24,14:08,62,132,180,0.7333,Business,83,104,Delayed,Weather,,2400,316800
FL02555,31-07-2024,SpiceJet,SG 683,Boeing 737-800,PNQ,Pune,LKO,Lucknow,12:01,12:07,14:07,14:11,126,130,189,0.6878,Leisure,6,4,On Time,,,4220,548600
FL02685,31-07-2024,IndiGo,6E 773,Airbus A321neo,DEL,Delhi,HYD,Hyderabad,17:31,19:55,19:58,22:08,147,166,220,0.7545,Business,144,130,Delayed,Air Traffic,,5960,989360
FL04687,31-07-2024,IndiGo,6E 806,ATR 72,JAI,Jaipur,LKO,Lucknow,20:51,20:52,22:08,22:08,77,52,70,0.7429,Leisure,1,0,On Time,,,2460,127920
FL04744,31-07-2024,Air India,AI 409,Boeing 787-8,PNQ,Pune,BLR,Bengaluru,21:28,21:36,23:02,23:09,94,159,256,0.6211,Leisure,8,7,On Time,,,3580,569220
FL00225,01-08-2024,Air India Express,IX 185,Boeing 737-8,MAA,Chennai,GOI,Goa,15:11,17:04,16:52,18:57,101,116,189,0.6138,Leisure,113,125,Delayed,Air Traffic,,2810,325960
FL01858,01-08-2024,Air India,AI 867,Airbus A321,HYD,Hyderabad,BLR,Bengaluru,17:37,17:38,18:47,18:50,70,122,190,0.6421,Family,1,3,On Time,,,2120,258640
FL02012,01-08-2024,IndiGo,6E 965,Airbus A321neo,CJB,Coimbatore,HYD,Hyderabad,17:59,,19:25,,86,0,220,0,Business,0,0,Cancelled,,Crew Availability,3170,0
FL03381,01-08-2024,IndiGo,6E 588,Airbus A320neo,MAA,Chennai,CJB,Coimbatore,13:25,15:23,14:25,16:19,60,112,180,0.6222,Student,118,114,Delayed,Weather,,1930,216160
FL03601,01-08-2024,Air India,AI 734,Airbus A321,CCU,Kolkata,PNQ,Pune,17:26,19:47,20:10,22:56,164,117,190,0.6158,Family,141,166,Delayed,Air Traffic,,7540,882180
FL04616,01-08-2024,IndiGo,6E 761,ATR 72,MAA,Chennai,HYD,Hyderabad,20:56,,22:15,,79,0,70,0,Business,0,0,Cancelled,,Other,2380,0
FL04930,01-08-2024,IndiGo,6E 214,Airbus A320neo,CCU,Kolkata,BOM,Mumbai,10:19,12:11,13:13,15:12,174,122,180,0.6778,Student,112,119,Delayed,Weather,,7640,932080
FL00048,02-08-2024,Air India,AI 113,Airbus A320,JAI,Jaipur,DEL,Delhi,12:54,12:56,13:46,13:49,52,130,174,0.7471,Leisure,2,3,On Time,,,1800,234000
FL00330,02-08-2024,SpiceJet,SG 198,Boeing 737-800,HYD,Hyderabad,CCU,Kolkata,06:36,06:41,08:48,09:00,132,127,189,0.672,Senior Citizen,5,12,On Time,,,4850,615950
FL00615,02-08-2024,Air India,AI 336,Boeing 787-8,PNQ,Pune,BOM,Mumbai,08:52,08:53,09:37,09:39,45,207,256,0.8086,Family,1,2,On Time,,,1800,372600
FL01684,02-08-2024,SpiceJet,SG 499,Boeing 737-800,GOI,Goa,CJB,Coimbatore,13:14,14:40,14:41,16:16,87,151,189,0.7989,Leisure,86,95,Delayed,Air Traffic,,2440,368440
FL02316,02-08-2024,IndiGo,6E 422,Airbus A321neo,BOM,Mumbai,JAI,Jaipur,19:25,19:25,21:16,21:17,111,149,220,0.6773,Business,0,1,On Time,,,4540,676460
FL02344,02-08-2024,SpiceJet,SG 638,Boeing 737-800,DEL,Delhi,AMD,Ahmedabad,11:42,13:08,13:16,14:24,94,133,189,0.7037,Business,86,68,Delayed,Security,,3830,509390
FL02629,02-08-2024,IndiGo,6E 709,Airbus A321neo,DEL,Delhi,PNQ,Pune,07:25,07:28,09:37,09:39,132,135,220,0.6136,Senior Citizen,3,2,On Time,,,5460,737100
FL02821,02-08-2024,IndiGo,6E 890,ATR 72,PNQ,Pune,HYD,Hyderabad,22:14,22:23,23:31,23:41,77,59,70,0.8429,Student,9,10,On Time,,,2690,158710
FL03190,02-08-2024,Akasa Air,QP 940,Boeing 737 MAX 8,GOI,Goa,COK,Kochi,20:59,21:08,22:27,22:38,88,166,189,0.8783,Leisure,9,11,On Time,,,3560,590960
FL03464,02-08-2024,IndiGo,6E 670,Airbus A321neo,JAI,Jaipur,MAA,Chennai,21:33,23:30,00:19,02:16,166,188,220,0.8545,Leisure,117,117,Delayed,Late Arrival of Aircraft,,8680,1631840
FL04489,02-08-2024,IndiGo,6E 662,Airbus A320neo,NAG,Nagpur,JAI,Jaipur,19:18,19:22,20:46,20:51,88,142,180,0.7889,Business,4,5,On Time,,,3590,509780
FL04902,02-08-2024,IndiGo,6E 985,Airbus A321neo,BLR,Bengaluru,BOM,Mumbai,21:15,21:18,22:58,23:00,103,157,220,0.7136,Leisure,3,2,On Time,,,4450,698650
FL01093,03-08-2024,Air India Express,IX 405,Boeing 737-8,COK,Kochi,CJB,Coimbatore,10:34,12:07,11:19,12:59,45,139,189,0.7354,Leisure,93,100,Delayed,Weather,,1800,250200
FL01199,03-08-2024,IndiGo,6E 261,Airbus A320neo,MAA,Chennai,COK,Kochi,17:03,17:12,18:13,18:24,70,118,180,0.6556,Leisure,9,11,On Time,,,2270,267860
FL01647,03-08-2024,Air India,AI 772,Airbus A320,DEL,Delhi,LKO,Lucknow,08:23,10:22,09:31,11:35,68,149,174,0.8563,Family,119,124,Delayed,Other,,2420,360580
FL01798,03-08-2024,IndiGo,6E 792,Airbus A321neo,BLR,Bengaluru,DEL,Delhi,12:28,12:32,15:31,15:36,183,163,220,0.7409,Family,4,5,On Time,,,8090,1318670
FL04279,03-08-2024,Air India Express,IX 483,Boeing 737-800,HYD,Hyderabad,BOM,Mumbai,18:53,18:56,20:16,20:18,83,151,180,0.8389,Family,3,2,On Time,,,2720,410720
FL00171,04-08-2024,Air India,AI 147,Boeing 787-8,AMD,Ahmedabad,HYD,Hyderabad,18:53,20:47,20:41,22:40,108,183,256,0.7148,Leisure,114,119,Delayed,Air Traffic,,4690,858270
FL02645,04-08-2024,IndiGo,6E 722,Airbus A321neo,AMD,Ahmedabad,DEL,Delhi,18:54,19:03,20:29,20:43,95,156,220,0.7091,Family,9,14,On Time,,,3740,583440
FL03835,04-08-2024,Air India Express,IX 374,Boeing 737-8,HYD,Hyderabad,GAU,Guwahati,06:05,06:14,09:02,09:10,177,162,189,0.8571,Student,9,8,On Time,,,8300,1344600
FL00557,05-08-2024,IndiGo,6E 579,Airbus A320neo,HYD,Hyderabad,DEL,Delhi,17:11,20:03,19:29,22:02,138,166,180,0.9222,Business,172,153,Delayed,Air Traffic,,7640,1268240
FL01521,05-08-2024,IndiGo,6E 565,ATR 72,CJB,Coimbatore,BLR,Bengaluru,16:09,17:30,16:57,18:20,48,58,70,0.8286,Family,81,83,Delayed,Weather,,1800,104400
FL02290,05-08-2024,IndiGo,6E 404,ATR 72,BOM,Mumbai,CJB,Coimbatore,05:51,05:54,07:44,07:47,113,39,70,0.5571,Business,3,3,On Time,,,4340,169260
FL03315,05-08-2024,IndiGo,6E 525,Airbus A320neo,BLR,Bengaluru,BOM,Mumbai,05:29,06:31,07:10,08:17,101,72,180,0.4,Family,62,67,Delayed,Technical Issue,,2830,203760
FL03339,05-08-2024,Air India Express,IX 238,Boeing 737-800,HYD,Hyderabad,CJB,Coimbatore,07:41,,09:12,,91,0,180,0,Leisure,0,0,Cancelled,,Operational Issue,2920,0
FL03011,06-08-2024,Air India,AI 511,Airbus A320,CJB,Coimbatore,BOM,Mumbai,05:23,08:13,07:20,09:46,117,126,174,0.7241,Student,170,146,Delayed,Late Arrival of Aircraft,,5420,682920
FL03555,06-08-2024,SpiceJet,SG 905,Boeing 737-800,GOI,Goa,MAA,Chennai,12:53,12:53,14:24,14:27,91,147,189,0.7778,Family,0,3,On Time,,,3430,504210
FL03590,06-08-2024,Air India,AI 729,Airbus A320,PNQ,Pune,BLR,Bengaluru,21:00,21:08,22:24,22:33,84,107,174,0.6149,Family,8,9,On Time,,,3160,338120
FL04057,06-08-2024,Air India,AI 929,Boeing 787-8,PNQ,Pune,BLR,Bengaluru,18:27,18:30,19:57,20:00,90,159,256,0.6211,Leisure,3,3,On Time,,,3330,529470
FL04867,06-08-2024,Air India,AI 472,Boeing 787-8,DEL,Delhi,BOM,Mumbai,08:47,08:47,10:54,10:54,127,145,256,0.5664,Leisure,0,0,On Time,,,4700,681500
FL00077,07-08-2024,Air India,AI 122,Airbus A320,MAA,Chennai,LKO,Lucknow,18:04,18:04,20:51,20:53,167,128,174,0.7356,Business,0,2,On Time,,,8110,1038080
FL02550,07-08-2024,IndiGo,6E 647,Airbus A320neo,DEL,Delhi,BOM,Mumbai,12:35,14:17,14:36,16:21,121,143,180,0.7944,Leisure,102,105,Delayed,Weather,,5200,743600
FL00398,08-08-2024,IndiGo,6E 449,Airbus A320neo,HYD,Hyderabad,BLR,Bengaluru,11:57,11:57,13:07,13:07,70,140,180,0.7778,Leisure,0,0,On Time,,,2430,340200
FL00823,08-08-2024,IndiGo,6E 771,Airbus A320neo,AMD,Ahmedabad,HYD,Hyderabad,21:10,21:10,22:57,22:57,107,106,180,0.5889,Leisure,0,0,On Time,,,3890,412340
FL00910,08-08-2024,SpiceJet,SG 331,Bombardier Q400,BOM,Mumbai,CCU,Kolkata,16:17,16:17,19:09,19:09,172,69,78,0.8846,Family,0,0,On Time,,,8550,589950
FL01796,08-08-2024,Air India Express,IX 603,Boeing 737-800,COK,Kochi,DEL,Delhi,14:56,17:44,18:22,21:01,206,123,180,0.6833,Senior Citizen,168,159,Delayed,Crew,,8980,1104540
FL02595,08-08-2024,Air India Express,IX 829,Boeing 737-800,COK,Kochi,CJB,Coimbatore,09:06,09:58,09:51,10:45,45,146,180,0.8111,Business,52,54,Delayed,Air Traffic,,1800,262800
FL03950,08-08-2024,Air India,AI 899,Airbus A320,BOM,Mumbai,AMD,Ahmedabad,09:45,09:51,10:55,10:55,70,128,174,0.7356,Leisure,6,0,On Time,,,2310,295680
FL04101,08-08-2024,IndiGo,6E 351,ATR 72,HYD,Hyderabad,BOM,Mumbai,13:22,13:29,14:46,14:53,84,49,70,0.7,Student,7,7,On Time,,,2810,137690
FL04174,08-08-2024,Air India,AI 986,Boeing 787-8,BOM,Mumbai,AMD,Ahmedabad,15:07,18:05,16:21,19:40,74,190,256,0.7422,Family,178,199,Delayed,Weather,,2300,437000
FL00319,09-08-2024,SpiceJet,SG 195,Boeing 737-800,MAA,Chennai,DEL,Delhi,20:25,20:29,23:40,23:46,195,179,189,0.9471,Leisure,4,6,On Time,,,10240,1832960
FL00669,09-08-2024,IndiGo,6E 653,Airbus A320neo,PNQ,Pune,MAA,Chennai,13:25,13:27,15:07,15:13,102,167,180,0.9278,Business,2,6,On Time,,,5680,948560
FL00931,09-08-2024,IndiGo,6E 853,Airbus A321neo,CJB,Coimbatore,AMD,Ahmedabad,15:47,18:07,18:23,20:48,156,161,220,0.7318,Family,140,145,Delayed,Crew,,6970,1122170
FL01589,09-08-2024,IndiGo,6E 612,Airbus A321neo,LKO,Lucknow,DEL,Delhi,16:44,18:26,17:50,19:39,66,119,220,0.5409,Family,102,109,Delayed,Technical Issue,,1880,223720
FL02241,09-08-2024,Air India Express,IX 730,Boeing 737-8,COK,Kochi,BLR,Bengaluru,11:12,11:12,12:10,12:10,58,122,189,0.6455,Family,0,0,On Time,,,1800,219600
FL03673,09-08-2024,IndiGo,6E 849,Airbus A321neo,CJB,Coimbatore,COK,Kochi,19:31,19:33,20:16,20:18,45,170,220,0.7727,Business,2,2,On Time,,,1800,306000
FL04439,09-08-2024,IndiGo,6E 623,ATR 72,CCU,Kolkata,BLR,Bengaluru,06:42,06:51,09:35,09:49,173,54,70,0.7714,Leisure,9,14,On Time,,,7600,410400
FL04706,09-08-2024,IndiGo,6E 821,Airbus A320neo,BOM,Mumbai,MAA,Chennai,12:50,12:56,14:49,14:53,119,155,180,0.8611,Business,6,4,On Time,,,6150,953250
FL02408,10-08-2024,IndiGo,6E 516,ATR 72,COK,Kochi,BLR,Bengaluru,10:12,12:03,11:07,13:07,55,50,70,0.7143,Senior Citizen,111,120,Delayed,Late Arrival of Aircraft,,1800,90000
FL03651,10-08-2024,Akasa Air,QP 246,Boeing 737 MAX 8,HYD,Hyderabad,BLR,Bengaluru,21:31,22:02,22:42,23:35,71,137,189,0.7249,Leisure,31,53,Delayed,Air Traffic,,2600,356200
FL04518,10-08-2024,IndiGo,6E 673,Airbus A320neo,HYD,Hyderabad,PNQ,Pune,10:20,10:27,11:26,11:37,66,139,180,0.7722,Family,7,11,On Time,,,2310,321090
FL00658,11-08-2024,Akasa Air,QP 271,Boeing 737 MAX 8,GOI,Goa,COK,Kochi,07:49,07:58,09:16,09:22,87,148,189,0.7831,Family,9,6,On Time,,,3220,476560
FL00700,11-08-2024,Akasa Air,QP 299,Boeing 737 MAX 8,DEL,Delhi,AMD,Ahmedabad,13:05,16:05,14:44,17:46,99,154,189,0.8148,Business,180,182,Delayed,Weather,,3770,580580
FL02295,11-08-2024,Air India Express,IX 747,Boeing 737-800,PNQ,Pune,HYD,Hyderabad,07:13,08:45,08:24,09:58,71,147,180,0.8167,Leisure,92,94,Delayed,Late Arrival of Aircraft,,2810,413070
FL02732,11-08-2024,IndiGo,6E 809,Airbus A321neo,MAA,Chennai,HYD,Hyderabad,21:21,21:27,22:18,22:27,57,218,220,0.9909,Family,6,9,On Time,,,3120,680160
FL03415,11-08-2024,IndiGo,6E 625,Airbus A320neo,BOM,Mumbai,DEL,Delhi,20:30,23:27,22:36,01:31,126,155,180,0.8611,Leisure,177,175,Delayed,Air Traffic,,6280,973400
FL03697,11-08-2024,IndiGo,6E 878,Airbus A321neo,BOM,Mumbai,PNQ,Pune,18:41,18:46,19:26,19:33,45,188,220,0.8545,Leisure,5,7,On Time,,,1800,338400
FL04832,11-08-2024,Air India,AI 451,Airbus A321,BLR,Bengaluru,MAA,Chennai,17:55,19:48,18:47,20:34,52,153,190,0.8053,Leisure,113,107,Delayed,Weather,,1800,275400
FL00221,12-08-2024,Akasa Air,QP 145,Boeing 737 MAX 8,BOM,Mumbai,BLR,Bengaluru,20:57,22:03,22:39,23:34,102,172,189,0.9101,Family,66,55,Delayed,Weather,,4240,729280
FL01922,12-08-2024,Air India Express,IX 635,Boeing 737-8,GOI,Goa,MAA,Chennai,13:27,13:28,15:06,15:09,99,139,189,0.7354,Leisure,1,3,On Time,,,3270,454530
FL03244,12-08-2024,IndiGo,6E 468,Airbus A320neo,HYD,Hyderabad,PNQ,Pune,16:26,16:32,17:30,17:34,64,116,180,0.6444,Family,6,4,On Time,,,2120,245920
FL04516,12-08-2024,Air India,AI 325,Boeing 787-8,NAG,Nagpur,BLR,Bengaluru,16:47,18:57,18:36,20:29,109,167,256,0.6523,Business,130,113,Delayed,Air Traffic,,4640,774880
FL00095,13-08-2024,Akasa Air,QP 119,Boeing 737 MAX 8,CJB,Coimbatore,GOI,Goa,18:22,18:31,19:43,19:54,81,118,189,0.6243,Leisure,9,11,On Time,,,2290,270220
FL00401,13-08-2024,SpiceJet,SG 217,Boeing 737-800,PNQ,Pune,JAI,Jaipur,09:13,09:20,10:55,11:04,102,140,189,0.7407,Student,7,9,On Time,,,4240,593600
FL00464,13-08-2024,Air India Express,IX 246,Boeing 737-800,AMD,Ahmedabad,GOI,Goa,10:11,10:18,12:01,12:06,110,104,180,0.5778,Business,7,5,On Time,,,3220,334880
FL00738,13-08-2024,IndiGo,6E 699,Airbus A320neo,PNQ,Pune,COK,Kochi,05:49,05:58,07:45,07:57,116,147,180,0.8167,Student,9,12,On Time,,,5490,807030
FL01388,13-08-2024,Air India Express,IX 478,Boeing 737-800,BOM,Mumbai,MAA,Chennai,20:54,20:59,22:44,22:45,110,134,180,0.7444,Family,5,1,On Time,,,3990,534660
FL01715,13-08-2024,Akasa Air,QP 566,Boeing 737 MAX 8,PNQ,Pune,BOM,Mumbai,10:49,12:59,11:34,13:48,45,133,189,0.7037,Business,130,134,Delayed,Technical Issue,,1800,239400
FL02079,13-08-2024,IndiGo,6E 223,Airbus A320neo,BOM,Mumbai,HYD,Hyderabad,10:55,12:55,12:12,14:04,77,128,180,0.7111,Student,120,112,Delayed,Crew,,2670,341760
FL03111,13-08-2024,IndiGo,6E 353,Airbus A321neo,HYD,Hyderabad,DEL,Delhi,19:58,20:04,22:19,22:24,141,134,220,0.6091,Business,6,5,On Time,,,5890,789260
FL03468,13-08-2024,Air India Express,IX 262,Boeing 737-8,CCU,Kolkata,DEL,Delhi,20:30,20:34,22:56,23:00,146,171,189,0.9048,Family,4,4,On Time,,,6250,1068750
FL04440,13-08-2024,Air India Express,IX 529,Boeing 737-800,BOM,Mumbai,LKO,Lucknow,05:06,07:52,07:18,09:45,132,150,180,0.8333,Business,166,147,Delayed,Weather,,5710,856500
FL04846,13-08-2024,IndiGo,6E 936,ATR 72,CCU,Kolkata,NAG,Nagpur,08:54,,10:45,,111,0,70,0,Family,0,0,Cancelled,,Weather,4050,0
FL01026,14-08-2024,Air India Express,IX 389,Boeing 737-800,LKO,Lucknow,BLR,Bengaluru,15:30,15:35,18:22,18:36,172,129,180,0.7167,Leisure,5,14,On Time,,,7580,977820
FL01553,14-08-2024,Air India,AI 729,Airbus A320,JAI,Jaipur,HYD,Hyderabad,06:49,09:03,08:58,11:19,129,126,174,0.7241,Leisure,134,141,Delayed,Late Arrival of Aircraft,,5420,682920
FL01871,14-08-2024,IndiGo,6E 852,Airbus A321neo,PNQ,Pune,JAI,Jaipur,14:56,15:27,16:53,17:31,117,149,220,0.6773,Business,31,38,Delayed,Weather,,4460,664540
FL03141,14-08-2024,Air India Express,IX 987,Boeing 737-8,BLR,Bengaluru,GAU,Guwahati,10:08,10:13,13:33,13:42,205,174,189,0.9206,Business,5,9,On Time,,,10310,1793940
FL04387,14-08-2024,Air India,AI 289,Boeing 787-8,LKO,Lucknow,AMD,Ahmedabad,08:28,08:37,10:13,10:17,105,216,256,0.8438,Business,9,4,On Time,,,5000,1080000
FL00068,15-08-2024,SpiceJet,SG 124,Boeing 737-800,HYD,Hyderabad,PNQ,Pune,06:06,06:12,07:28,07:33,82,102,189,0.5397,Student,6,5,On Time,,,2050,209100
FL00919,15-08-2024,Akasa Air,QP 354,Boeing 737 MAX 8,LKO,Lucknow,BOM,Mumbai,22:13,22:17,00:17,00:17,124,147,189,0.7778,Leisure,4,0,On Time,,,4930,724710
FL01354,15-08-2024,IndiGo,6E 418,ATR 72,MAA,Chennai,BLR,Bengaluru,11:48,11:48,12:42,12:42,54,53,70,0.7571,Leisure,0,0,On Time,,,1800,95400
FL03540,15-08-2024,SpiceJet,SG 898,Bombardier Q400,BLR,Bengaluru,PNQ,Pune,21:24,23:22,22:50,00:47,86,45,78,0.5769,Leisure,118,117,Delayed,Technical Issue,,2680,120600
FL04571,15-08-2024,SpiceJet,SG 384,Boeing 737-800,BOM,Mumbai,MAA,Chennai,08:50,08:52,10:53,10:53,123,134,189,0.709,Leisure,2,0,On Time,,,4660,624440
FL04612,15-08-2024,IndiGo,6E 754,ATR 72,AMD,Ahmedabad,DEL,Delhi,10:00,11:56,11:41,13:37,101,41,70,0.5857,Family,116,116,Delayed,Late Arrival of Aircraft,,3350,137350
FL00476,16-08-2024,IndiGo,6E 525,ATR 72,BOM,Mumbai,MAA,Chennai,14:13,14:18,16:13,16:22,120,56,70,0.8,Student,5,9,On Time,,,4650,260400
FL01671,16-08-2024,Air India,AI 786,Airbus A321,HYD,Hyderabad,AMD,Ahmedabad,13:37,,15:26,,109,0,190,0,Business,0,0,Cancelled,,Weather,4700,0
FL02373,16-08-2024,IndiGo,6E 478,Airbus A321neo,CCU,Kolkata,PNQ,Pune,05:09,05:13,07:58,08:01,169,183,220,0.8318,Leisure,4,3,On Time,,,7260,1328580
FL03916,16-08-2024,Air India Express,IX 386,Boeing 737-8,BLR,Bengaluru,AMD,Ahmedabad,22:00,00:28,00:13,02:23,133,130,189,0.6878,Business,148,130,Delayed,Late Arrival of Aircraft,,6390,830700
FL04104,16-08-2024,SpiceJet,SG 241,Boeing 737-800,AMD,Ahmedabad,HYD,Hyderabad,20:04,20:08,21:53,21:56,109,135,189,0.7143,Family,4,3,On Time,,,4800,648000
FL04421,16-08-2024,SpiceJet,SG 335,Bombardier Q400,DEL,Delhi,AMD,Ahmedabad,17:25,17:26,19:01,19:03,96,71,78,0.9103,Business,1,2,On Time,,,4320,306720
FL00113,17-08-2024,IndiGo,6E 201,Airbus A321neo,AMD,Ahmedabad,NAG,Nagpur,20:59,22:14,22:27,00:07,88,141,220,0.6409,Family,75,100,Delayed,Weather,,3670,517470
FL03570,17-08-2024,Akasa Air,QP 226,Boeing 737 MAX 8,GOI,Goa,MAA,Chennai,10:22,10:42,12:06,12:29,104,123,189,0.6508,Business,20,23,Delayed,Late Arrival of Aircraft,,3610,444030
FL03573,17-08-2024,SpiceJet,SG 910,Bombardier Q400,GOI,Goa,COK,Kochi,06:13,06:18,07:30,07:41,77,67,78,0.859,Student,5,11,On Time,,,2730,182910
FL04672,17-08-2024,IndiGo,6E 799,Airbus A320neo,CJB,Coimbatore,BOM,Mumbai,19:04,19:09,21:09,21:13,125,132,180,0.7333,Business,5,4,On Time,,,5650,745800
FL00593,18-08-2024,Air India,AI 326,Airbus A321,COK,Kochi,MAA,Chennai,17:37,17:43,18:59,19:04,82,136,190,0.7158,Family,6,5,On Time,,,2770,376720
FL01531,18-08-2024,Air India,AI 721,Airbus A320,BLR,Bengaluru,GOI,Goa,16:56,17:01,18:09,18:10,73,123,174,0.7069,Business,5,1,On Time,,,2320,285360
FL01792,18-08-2024,Air India Express,IX 598,Boeing 737-800,HYD,Hyderabad,BLR,Bengaluru,13:01,13:03,14:14,14:19,73,165,180,0.9167,Business,2,5,On Time,,,2340,386100
FL02145,18-08-2024,IndiGo,6E 278,ATR 72,JAI,Jaipur,AMD,Ahmedabad,11:23,11:25,12:40,12:46,77,62,70,0.8857,Family,2,6,On Time,,,2720,168640
FL02294,18-08-2024,Air India Express,IX 746,Boeing 737-8,BOM,Mumbai,PNQ,Pune,08:28,08:57,09:17,09:40,49,176,189,0.9312,Family,29,23,Delayed,Weather,,1800,316800
FL04431,18-08-2024,IndiGo,6E 615,Airbus A320neo,MAA,Chennai,NAG,Nagpur,15:27,15:29,17:15,17:16,108,101,180,0.5611,Family,2,1,On Time,,,4110,415110
FL04985,18-08-2024,Akasa Air,QP 602,Boeing 737 MAX 8,COK,Kochi,GOI,Goa,09:50,09:51,11:11,11:15,81,133,189,0.7037,Family,1,4,On Time,,,3320,441560
FL02993,19-08-2024,IndiGo,6E 247,ATR 72,BOM,Mumbai,DEL,Delhi,20:39,22:32,22:46,00:27,127,46,70,0.6571,Leisure,113,101,Delayed,Crew,,4980,229080
FL03258,19-08-2024,Air India Express,IX 215,Boeing 737-8,BLR,Bengaluru,COK,Kochi,21:49,21:53,22:53,23:02,64,111,189,0.5873,Leisure,4,9,On Time,,,1800,199800
FL03653,19-08-2024,IndiGo,6E 835,Airbus A321neo,CJB,Coimbatore,MAA,Chennai,07:26,07:35,08:26,08:32,60,137,220,0.6227,Business,9,6,On Time,,,1800,246600
FL03749,19-08-2024,IndiGo,6E 906,ATR 72,GOI,Goa,BLR,Bengaluru,05:33,05:39,06:47,06:55,74,59,70,0.8429,Family,6,8,On Time,,,2340,138060
FL04084,19-08-2024,IndiGo,6E 333,Airbus A321neo,BLR,Bengaluru,BOM,Mumbai,06:48,06:55,08:38,08:44,110,130,220,0.5909,Leisure,7,6,On Time,,,4130,536900
FL04781,19-08-2024,Air India,AI 423,Airbus A321,BOM,Mumbai,GAU,Guwahati,07:58,08:07,11:28,11:34,210,143,190,0.7526,Leisure,9,6,On Time,,,11280,1613040
FL00200,20-08-2024,Akasa Air,QP 141,Boeing 737 MAX 8,CCU,Kolkata,GOI,Goa,18:17,18:49,21:20,21:52,183,133,189,0.7037,Leisure,32,32,Delayed,Ground Operations,,8070,1073310
FL00263,20-08-2024,IndiGo,6E 348,Airbus A321neo,BOM,Mumbai,AMD,Ahmedabad,21:56,22:05,23:03,23:05,67,140,220,0.6364,Leisure,9,2,On Time,,,2100,294000
FL01404,20-08-2024,IndiGo,6E 453,Airbus A321neo,CCU,Kolkata,HYD,Hyderabad,21:31,21:33,23:38,23:38,127,146,220,0.6636,Business,2,0,On Time,,,4870,711020
FL03469,20-08-2024,IndiGo,6E 677,Airbus A320neo,CCU,Kolkata,HYD,Hyderabad,22:28,23:30,00:40,01:35,132,153,180,0.85,Family,62,55,Delayed,Technical Issue,,6680,1022040
FL04649,20-08-2024,SpiceJet,SG 406,Boeing 737-800,BLR,Bengaluru,BOM,Mumbai,05:01,05:07,06:48,06:52,107,110,189,0.582,Business,6,4,On Time,,,3200,352000
FL04983,20-08-2024,SpiceJet,SG 470,Bombardier Q400,CJB,Coimbatore,COK,Kochi,05:54,05:59,06:39,06:40,45,45,78,0.5769,Family,5,1,On Time,,,1800,81000
FL00530,21-08-2024,Air India,AI 293,Airbus A321,GOI,Goa,AMD,Ahmedabad,10:18,13:11,11:56,14:52,98,117,190,0.6158,Family,173,176,Delayed,Weather,,4020,470340
FL03320,21-08-2024,IndiGo,6E 534,ATR 72,MAA,Chennai,BLR,Bengaluru,16:33,17:23,17:29,18:07,56,51,70,0.7286,Leisure,50,38,Delayed,Air Traffic,,1800,91800
FL03897,21-08-2024,IndiGo,6E 206,Airbus A320neo,BLR,Bengaluru,CCU,Kolkata,09:05,09:05,11:53,11:59,168,109,180,0.6056,Family,0,6,On Time,,,6020,656180
FL00044,22-08-2024,Air India Express,IX 120,Boeing 737-8,HYD,Hyderabad,CJB,Coimbatore,05:03,05:55,06:30,06:56,87,158,189,0.836,Leisure,52,26,Delayed,Air Traffic,,3530,557740
FL00731,22-08-2024,Air India,AI 394,Airbus A321,BLR,Bengaluru,GOI,Goa,21:47,21:48,23:04,23:04,77,96,190,0.5053,Leisure,1,0,On Time,,,1960,188160
FL01971,22-08-2024,Akasa Air,QP 645,Boeing 737 MAX 8,GOI,Goa,BLR,Bengaluru,06:58,07:04,08:05,08:12,67,110,189,0.582,Student,6,7,On Time,,,2130,234300
FL03160,22-08-2024,IndiGo,6E 397,ATR 72,HYD,Hyderabad,CCU,Kolkata,18:50,18:55,21:05,21:07,135,56,70,0.8,Leisure,5,2,On Time,,,4260,238560
FL03803,22-08-2024,IndiGo,6E 952,Airbus A321neo,BOM,Mumbai,MAA,Chennai,08:52,09:00,10:43,10:55,111,181,220,0.8227,Family,8,12,On Time,,,5310,961110
FL00374,23-08-2024,IndiGo,6E 432,Airbus A321neo,COK,Kochi,PNQ,Pune,09:23,09:25,11:16,11:24,113,152,220,0.6909,Student,2,8,On Time,,,4650,706800
FL00507,23-08-2024,Air India,AI 282,Airbus A320,BOM,Mumbai,GOI,Goa,06:39,06:41,07:36,07:44,57,90,174,0.5172,Leisure,2,8,On Time,,,2280,205200
FL00517,23-08-2024,IndiGo,6E 556,Airbus A321neo,BOM,Mumbai,LKO,Lucknow,14:00,14:47,16:05,16:44,125,184,220,0.8364,Business,47,39,Delayed,Late Arrival of Aircraft,,5750,1058000
FL01549,23-08-2024,IndiGo,6E 589,Airbus A320neo,AMD,Ahmedabad,MAA,Chennai,06:57,07:02,09:13,09:13,136,149,180,0.8278,Business,5,0,On Time,,,8400,1251600
FL01582,23-08-2024,Akasa Air,QP 528,Boeing 737 MAX 8,COK,Kochi,AMD,Ahmedabad,13:09,13:56,15:47,16:21,158,126,189,0.6667,Leisure,47,34,Delayed,Late Arrival of Aircraft,,7190,905940
FL03025,23-08-2024,IndiGo,6E 270,Airbus A321neo,BLR,Bengaluru,COK,Kochi,17:46,17:46,18:50,18:50,64,177,220,0.8045,Business,0,0,On Time,,,1800,318600
FL04037,23-08-2024,SpiceJet,SG 228,Boeing 737-800,GAU,Guwahati,BOM,Mumbai,09:47,09:54,13:10,13:10,203,144,189,0.7619,Senior Citizen,7,0,On Time,,,10360,1491840
FL04358,23-08-2024,SpiceJet,SG 308,Boeing 737-800,PNQ,Pune,HYD,Hyderabad,22:15,22:18,23:21,23:22,66,122,189,0.6455,Family,3,1,On Time,,,2260,275720
FL01217,24-08-2024,SpiceJet,SG 424,Boeing 737-800,CCU,Kolkata,COK,Kochi,16:08,16:16,19:25,19:28,197,116,189,0.6138,Leisure,8,3,On Time,,,8510,987160
FL02137,24-08-2024,Air India,AI 978,Boeing 787-8,BOM,Mumbai,COK,Kochi,08:58,09:01,10:59,11:08,121,206,256,0.8047,Leisure,3,9,On Time,,,5370,1106220
FL02220,24-08-2024,Air India Express,IX 716,Boeing 737-800,BLR,Bengaluru,DEL,Delhi,18:28,18:37,21:24,21:29,176,137,180,0.7611,Student,9,5,On Time,,,7470,1023390
FL02764,24-08-2024,Air India Express,IX 882,Boeing 737-800,BLR,Bengaluru,LKO,Lucknow,21:15,,23:58,,163,0,180,0,Family,0,0,Cancelled,,Operational Issue,6770,0
FL03365,24-08-2024,IndiGo,6E 579,Airbus A320neo,CCU,Kolkata,CJB,Coimbatore,14:41,16:06,17:42,19:01,181,114,180,0.6333,Senior Citizen,85,79,Delayed,Late Arrival of Aircraft,,8270,942780
FL03961,24-08-2024,SpiceJet,SG 208,Boeing 737-800,BLR,Bengaluru,COK,Kochi,16:58,17:04,17:57,18:04,59,114,189,0.6032,Family,6,7,On Time,,,1800,205200
FL04023,24-08-2024,Air India Express,IX 411,Boeing 737-800,GAU,Guwahati,MAA,Chennai,07:52,07:57,11:01,11:12,189,157,180,0.8722,Student,5,11,On Time,,,8990,1411430
FL04442,24-08-2024,Air India Express,IX 530,Boeing 737-8,NAG,Nagpur,PNQ,Pune,11:05,13:17,12:31,14:42,86,108,189,0.5714,Leisure,132,131,Delayed,Late Arrival of Aircraft,,2480,267840
FL00169,25-08-2024,SpiceJet,SG 158,Bombardier Q400,BOM,Mumbai,MAA,Chennai,13:47,13:54,15:46,15:58,119,58,78,0.7436,Business,7,12,On Time,,,4980,288840
FL00184,25-08-2024,IndiGo,6E 272,ATR 72,PNQ,Pune,GOI,Goa,08:39,08:43,09:42,09:44,63,52,70,0.7429,Student,4,2,On Time,,,1800,93600
FL00484,25-08-2024,Air India Express,IX 247,Boeing 737-8,HYD,Hyderabad,AMD,Ahmedabad,20:07,20:12,21:52,21:59,105,161,189,0.8519,Senior Citizen,5,7,On Time,,,4150,668150
FL00494,25-08-2024,Air India,AI 278,Boeing 787-8,HYD,Hyderabad,BLR,Bengaluru,08:14,08:14,09:27,09:31,73,248,256,0.9688,Business,0,4,On Time,,,3070,761360
FL00802,25-08-2024,IndiGo,6E 750,Airbus A320neo,COK,Kochi,GOI,Goa,08:04,08:13,09:16,09:23,72,158,180,0.8778,Leisure,9,7,On Time,,,3290,519820
FL01895,25-08-2024,IndiGo,6E 869,Airbus A320neo,BOM,Mumbai,AMD,Ahmedabad,17:37,19:33,18:49,20:52,72,123,180,0.6833,Family,116,123,Delayed,Crew,,2130,261990
FL03086,25-08-2024,Air India Express,IX 972,Boeing 737-800,GOI,Goa,LKO,Lucknow,06:23,07:55,09:11,10:32,168,138,180,0.7667,Business,92,81,Delayed,Crew,,7520,1037760
FL04532,25-08-2024,IndiGo,6E 690,ATR 72,PNQ,Pune,BLR,Bengaluru,09:15,09:16,10:40,10:50,85,58,70,0.8286,Family,1,10,On Time,,,4080,236640
FL04731,25-08-2024,Air India Express,IX 633,Boeing 737-8,HYD,Hyderabad,DEL,Delhi,09:20,09:28,11:41,11:50,141,146,189,0.7725,Leisure,8,9,On Time,,,5020,732920
FL04795,25-08-2024,IndiGo,6E 890,ATR 72,BLR,Bengaluru,DEL,Delhi,16:32,19:08,19:28,22:13,176,51,70,0.7286,Leisure,156,165,Delayed,Late Arrival of Aircraft,,9390,478890
FL04973,25-08-2024,Air India,AI 519,Airbus A321,CJB,Coimbatore,CCU,Kolkata,22:27,22:29,01:24,01:24,177,121,190,0.6368,Business,2,0,On Time,,,10510,1271710
FL00277,26-08-2024,Air India Express,IX 195,Boeing 737-800,COK,Kochi,HYD,Hyderabad,05:57,06:05,07:47,07:51,110,109,180,0.6056,Leisure,8,4,On Time,,,3470,378230
FL00793,26-08-2024,Air India,AI 421,Boeing 787-8,BOM,Mumbai,CCU,Kolkata,20:04,21:15,22:56,23:55,172,156,256,0.6094,Business,71,59,Delayed,Late Arrival of Aircraft,,7780,1213680
FL02863,26-08-2024,IndiGo,6E 926,Airbus A320neo,BOM,Mumbai,MAA,Chennai,17:56,17:57,19:51,19:57,115,120,180,0.6667,Family,1,6,On Time,,,4990,598800
FL03361,26-08-2024,IndiGo,6E 572,Airbus A320neo,BOM,Mumbai,JAI,Jaipur,05:27,06:39,07:18,07:49,111,105,180,0.5833,Leisure,72,31,Delayed,Late Arrival of Aircraft,,3640,382200
FL03655,26-08-2024,IndiGo,6E 839,Airbus A321neo,HYD,Hyderabad,CCU,Kolkata,10:00,10:05,12:12,12:20,132,154,220,0.7,Leisure,5,8,On Time,,,5810,894740
FL04119,26-08-2024,Air India Express,IX 440,Boeing 737-800,PNQ,Pune,DEL,Delhi,05:49,05:57,08:01,08:07,132,87,180,0.4833,Business,8,6,On Time,,,4880,424560
FL04968,26-08-2024,IndiGo,6E 245,Airbus A321neo,PNQ,Pune,DEL,Delhi,21:39,21:45,23:49,23:59,130,164,220,0.7455,Family,6,10,On Time,,,5850,959400
FL00788,27-08-2024,IndiGo,6E 735,Airbus A320neo,GOI,Goa,AMD,Ahmedabad,13:56,13:59,15:45,15:49,109,147,180,0.8167,Business,3,4,On Time,,,4390,645330
FL00878,27-08-2024,Air India,AI 456,Boeing 787-8,BOM,Mumbai,LKO,Lucknow,09:04,09:04,11:13,11:16,129,143,256,0.5586,Student,0,3,On Time,,,4990,713570
FL01008,27-08-2024,Air India Express,IX 381,Boeing 737-800,JAI,Jaipur,GOI,Goa,17:02,17:09,19:25,19:29,143,119,180,0.6611,Student,7,4,On Time,,,5250,624750
FL01136,27-08-2024,SpiceJet,SG 409,Bombardier Q400,BLR,Bengaluru,COK,Kochi,22:29,22:33,23:30,23:33,61,57,78,0.7308,Senior Citizen,4,3,On Time,,,1800,102600
FL03302,27-08-2024,SpiceJet,SG 851,Bombardier Q400,HYD,Hyderabad,NAG,Nagpur,14:33,14:41,15:30,15:40,57,57,78,0.7308,Leisure,8,10,On Time,,,1920,109440
FL04787,27-08-2024,Akasa Air,QP 539,Boeing 737 MAX 8,BLR,Bengaluru,HYD,Hyderabad,21:58,22:01,23:12,23:14,74,139,189,0.7354,Senior Citizen,3,2,On Time,,,1900,264100
FL01065,28-08-2024,IndiGo,6E 938,Airbus A320neo,HYD,Hyderabad,MAA,Chennai,16:13,16:15,17:28,17:28,75,158,180,0.8778,Business,2,0,On Time,,,2410,380780
FL01242,28-08-2024,IndiGo,6E 297,Airbus A321neo,BOM,Mumbai,LKO,Lucknow,20:17,21:05,22:28,23:20,131,154,220,0.7,Student,48,52,Delayed,Ground Operations,,5630,867020
FL02238,28-08-2024,IndiGo,6E 361,Airbus A321neo,PNQ,Pune,BOM,Mumbai,12:19,12:23,13:04,13:07,45,121,220,0.55,Leisure,4,3,On Time,,,1800,217800
FL02549,28-08-2024,IndiGo,6E 645,Airbus A321neo,BOM,Mumbai,HYD,Hyderabad,20:50,23:49,22:21,01:18,91,152,220,0.6909,Business,179,177,Delayed,Weather,,2900,440800
FL02967,28-08-2024,Air India,AI 487,Boeing 787-8,CCU,Kolkata,BOM,Mumbai,08:12,08:38,10:57,11:29,165,214,256,0.8359,Leisure,26,32,Delayed,Weather,,9450,2022300
FL03619,28-08-2024,IndiGo,6E 807,Airbus A320neo,BOM,Mumbai,LKO,Lucknow,05:50,05:51,08:01,08:07,131,63,180,0.35,Leisure,1,6,On Time,,,4770,300510
FL04382,28-08-2024,Air India,AI 288,Airbus A321,MAA,Chennai,BOM,Mumbai,20:01,22:51,22:02,01:11,121,134,190,0.7053,Student,170,189,Delayed,Ground Operations,,5040,675360
FL00975,29-08-2024,Air India,AI 502,Airbus A321,CJB,Coimbatore,BLR,Bengaluru,20:09,22:15,21:01,23:16,52,105,190,0.5526,Leisure,126,135,Delayed,Crew,,1800,189000
FL01146,29-08-2024,Air India Express,IX 421,Boeing 737-8,PNQ,Pune,HYD,Hyderabad,08:24,10:24,09:32,11:35,68,125,189,0.6614,Leisure,120,123,Delayed,Weather,,1800,225000
FL01276,29-08-2024,IndiGo,6E 340,Airbus A320neo,AMD,Ahmedabad,MAA,Chennai,08:11,08:17,10:42,10:47,151,107,180,0.5944,Business,6,5,On Time,,,5790,619530
FL01294,29-08-2024,Air India,AI 624,Boeing 787-8,CJB,Coimbatore,PNQ,Pune,21:45,21:48,23:40,23:40,115,184,256,0.7188,Business,3,0,On Time,,,4520,831680
FL01464,29-08-2024,IndiGo,6E 505,Airbus A321neo,BLR,Bengaluru,AMD,Ahmedabad,09:05,09:12,11:20,11:31,135,147,220,0.6682,Family,7,11,On Time,,,6030,886410
FL01878,29-08-2024,IndiGo,6E 858,Airbus A321neo,HYD,Hyderabad,BLR,Bengaluru,15:16,15:16,16:24,16:24,68,177,220,0.8045,Leisure,0,0,On Time,,,2200,389400
FL02854,29-08-2024,IndiGo,6E 920,Airbus A320neo,MAA,Chennai,GOI,Goa,07:24,07:27,08:57,09:08,93,115,180,0.6389,Family,3,11,On Time,,,3250,373750
FL02937,29-08-2024,IndiGo,6E 993,Airbus A320neo,BLR,Bengaluru,HYD,Hyderabad,17:47,18:53,18:57,19:55,70,130,180,0.7222,Senior Citizen,66,58,Delayed,Weather,,2140,278200
FL04111,29-08-2024,SpiceJet,SG 243,Boeing 737-800,CJB,Coimbatore,CCU,Kolkata,18:35,18:37,21:30,21:35,175,122,189,0.6455,Family,2,5,On Time,,,8210,1001620
FL04510,29-08-2024,SpiceJet,SG 353,Bombardier Q400,DEL,Delhi,LKO,Lucknow,09:01,09:02,10:07,10:09,66,55,78,0.7051,Student,1,2,On Time,,,2050,112750
FL00702,30-08-2024,IndiGo,6E 669,Airbus A320neo,BOM,Mumbai,BLR,Bengaluru,09:34,09:35,11:19,11:19,105,157,180,0.8722,Student,1,0,On Time,,,4610,723770
FL00752,30-08-2024,IndiGo,6E 710,Airbus A320neo,HYD,Hyderabad,JAI,Jaipur,05:44,,07:40,,116,0,180,0,Student,0,0,Cancelled,,Technical Issue,4910,0
FL01076,30-08-2024,IndiGo,6E 949,Airbus A320neo,CCU,Kolkata,HYD,Hyderabad,08:03,08:04,10:20,10:22,137,108,180,0.6,Family,1,2,On Time,,,5670,612360
FL02434,30-08-2024,SpiceJet,SG 667,Boeing 737-800,BOM,Mumbai,CCU,Kolkata,17:02,17:09,20:02,20:07,180,156,189,0.8254,Business,7,5,On Time,,,8600,1341600
FL03240,30-08-2024,IndiGo,6E 460,Airbus A320neo,HYD,Hyderabad,AMD,Ahmedabad,18:52,21:45,20:33,23:17,101,129,180,0.7167,Leisure,173,164,Delayed,Weather,,4440,572760
FL03438,30-08-2024,IndiGo,6E 645,Airbus A321neo,GOI,Goa,CCU,Kolkata,08:16,08:25,11:10,11:22,174,188,220,0.8545,Business,9,12,On Time,,,9990,1878120
FL03575,30-08-2024,Air India,AI 721,Airbus A321,NAG,Nagpur,PNQ,Pune,06:55,07:04,08:22,08:31,87,121,190,0.6368,Senior Citizen,9,9,On Time,,,3000,363000
FL03677,30-08-2024,Air India,AI 764,Boeing 787-8,GOI,Goa,BLR,Bengaluru,15:37,15:43,16:41,16:46,64,186,256,0.7266,Family,6,5,On Time,,,2550,474300
FL04606,30-08-2024,Akasa Air,QP 486,Boeing 737 MAX 8,NAG,Nagpur,MAA,Chennai,16:10,16:14,17:47,17:53,97,157,189,0.8307,Leisure,4,6,On Time,,,4120,646840
FL01263,31-08-2024,Air India,AI 612,Airbus A320,DEL,Delhi,AMD,Ahmedabad,19:57,20:51,21:32,22:44,95,135,174,0.7759,Student,54,72,Delayed,Late Arrival of Aircraft,,3890,525150
FL02055,31-08-2024,SpiceJet,SG 573,Boeing 737-800,BOM,Mumbai,MAA,Chennai,14:56,17:30,16:47,19:12,111,136,189,0.7196,Business,154,145,Delayed,Late Arrival of Aircraft,,4730,643280
FL02205,31-08-2024,Air India,AI 995,Boeing 787-8,COK,Kochi,GOI,Goa,16:27,16:36,17:58,18:05,91,213,256,0.832,Leisure,9,7,On Time,,,3920,834960
FL02947,31-08-2024,IndiGo,6E 200,Airbus A321neo,NAG,Nagpur,BLR,Bengaluru,16:42,16:50,18:20,18:23,98,179,220,0.8136,Leisure,8,3,On Time,,,4380,784020
FL03279,31-08-2024,IndiGo,6E 501,Airbus A320neo,NAG,Nagpur,DEL,Delhi,18:17,18:25,20:11,20:14,114,114,180,0.6333,Leisure,8,3,On Time,,,4160,474240
FL03866,31-08-2024,IndiGo,6E 990,Airbus A321neo,MAA,Chennai,AMD,Ahmedabad,13:18,13:25,15:45,15:49,147,167,220,0.7591,Student,7,4,On Time,,,6720,1122240
FL03994,31-08-2024,IndiGo,6E 264,ATR 72,HYD,Hyderabad,PNQ,Pune,14:29,14:37,15:49,15:55,80,47,70,0.6714,Business,8,6,On Time,,,2350,110450
FL04096,31-08-2024,IndiGo,6E 347,Airbus A320neo,COK,Kochi,AMD,Ahmedabad,22:17,22:23,01:04,01:12,167,170,180,0.9444,Business,6,8,On Time,,,7810,1327700
FL04615,31-08-2024,Akasa Air,QP 488,Boeing 737 MAX 8,DEL,Delhi,AMD,Ahmedabad,15:08,15:10,16:26,16:30,78,156,189,0.8254,Leisure,2,4,On Time,,,3760,586560
FL04915,31-08-2024,IndiGo,6E 202,ATR 72,HYD,Hyderabad,BLR,Bengaluru,14:18,14:26,15:26,15:32,68,54,70,0.7714,Family,8,6,On Time,,,2460,132840
FL00033,01-09-2024,Air India Express,IX 115,Boeing 737-8,DEL,Delhi,PNQ,Pune,07:53,09:24,10:04,11:19,131,163,189,0.8624,Family,91,75,Delayed,Late Arrival of Aircraft,,5640,919320
FL00694,01-09-2024,IndiGo,6E 666,ATR 72,JAI,Jaipur,LKO,Lucknow,17:55,18:04,19:06,19:14,71,47,70,0.6714,Student,9,8,On Time,,,2340,109980
FL02306,01-09-2024,IndiGo,6E 415,Airbus A321neo,MAA,Chennai,CCU,Kolkata,21:54,23:33,00:16,01:40,142,146,220,0.6636,Leisure,99,84,Delayed,Weather,,7060,1030760
FL03792,01-09-2024,Akasa Air,QP 274,Boeing 737 MAX 8,JAI,Jaipur,GOI,Goa,14:06,14:10,16:22,16:22,136,161,189,0.8519,Business,4,0,On Time,,,6960,1120560
FL01046,02-09-2024,Akasa Air,QP 386,Boeing 737 MAX 8,HYD,Hyderabad,LKO,Lucknow,13:37,13:45,15:42,15:50,125,126,189,0.6667,Family,8,8,On Time,,,5100,642600
FL01847,02-09-2024,Akasa Air,QP 601,Boeing 737 MAX 8,BLR,Bengaluru,HYD,Hyderabad,17:44,17:52,18:50,18:54,66,126,189,0.6667,Senior Citizen,8,4,On Time,,,2270,286020
FL02372,02-09-2024,IndiGo,6E 476,ATR 72,JAI,Jaipur,HYD,Hyderabad,14:32,14:35,16:42,16:43,130,43,70,0.6143,Business,3,1,On Time,,,4960,213280
FL03019,02-09-2024,IndiGo,6E 266,Airbus A321neo,HYD,Hyderabad,MAA,Chennai,11:56,12:50,13:12,14:17,76,181,220,0.8227,Leisure,54,65,Delayed,Late Arrival of Aircraft,,2530,457930
FL03762,02-09-2024,Air India,AI 811,Boeing 787-8,BOM,Mumbai,BLR,Bengaluru,11:32,11:37,13:16,13:22,104,191,256,0.7461,Leisure,5,6,On Time,,,4780,912980
FL04633,02-09-2024,Akasa Air,QP 492,Boeing 737 MAX 8,BLR,Bengaluru,MAA,Chennai,18:13,19:41,19:02,20:23,49,134,189,0.709,Student,88,81,Delayed,Crew,,1800,241200
FL00316,03-09-2024,Akasa Air,QP 169,Boeing 737 MAX 8,HYD,Hyderabad,NAG,Nagpur,20:17,22:45,21:19,23:43,62,114,189,0.6032,Leisure,148,144,Delayed,Weather,,1960,223440
FL02128,03-09-2024,Air India Express,IX 691,Boeing 737-8,MAA,Chennai,COK,Kochi,12:12,12:12,13:28,13:34,76,152,189,0.8042,Leisure,0,6,On Time,,,2540,386080
FL02169,03-09-2024,IndiGo,6E 302,Airbus A320neo,CCU,Kolkata,PNQ,Pune,13:22,13:24,16:11,16:11,169,133,180,0.7389,Business,2,0,On Time,,,7320,973560
FL03449,03-09-2024,SpiceJet,SG 888,Bombardier Q400,BOM,Mumbai,HYD,Hyderabad,21:56,22:05,23:24,23:32,88,65,78,0.8333,Student,9,8,On Time,,,2970,193050
FL03592,03-09-2024,Air India Express,IX 296,Boeing 737-8,DEL,Delhi,COK,Kochi,16:43,17:59,20:10,21:06,207,116,189,0.6138,Family,76,56,Delayed,Air Traffic,,7970,924520
FL03612,03-09-2024,Air India,AI 738,Boeing 787-8,AMD,Ahmedabad,CCU,Kolkata,18:23,18:32,21:04,21:17,161,163,256,0.6367,Family,9,13,On Time,,,9200,1499600
FL03828,03-09-2024,Air India Express,IX 371,Boeing 737-8,NAG,Nagpur,JAI,Jaipur,21:17,21:26,22:48,22:57,91,110,189,0.582,Family,9,9,On Time,,,2860,314600
FL04463,03-09-2024,Air India Express,IX 543,Boeing 737-800,BLR,Bengaluru,GOI,Goa,17:21,20:05,18:35,21:19,74,126,180,0.7,Leisure,164,164,Delayed,Technical Issue,,1810,228060
FL00323,04-09-2024,IndiGo,6E 391,ATR 72,LKO,Lucknow,DEL,Delhi,07:51,07:58,08:58,08:58,67,36,70,0.5143,Family,7,0,On Time,,,1800,64800
FL01288,04-09-2024,SpiceJet,SG 431,Boeing 737-800,CJB,Coimbatore,BLR,Bengaluru,05:10,05:10,05:56,06:04,46,146,189,0.7725,Leisure,0,8,On Time,,,1800,262800
FL02807,04-09-2024,SpiceJet,SG 728,Bombardier Q400,GOI,Goa,HYD,Hyderabad,21:02,21:10,22:20,22:33,78,50,78,0.641,Leisure,8,13,On Time,,,2360,118000
FL02884,04-09-2024,Akasa Air,QP 859,Boeing 737 MAX 8,AMD,Ahmedabad,BLR,Bengaluru,20:51,22:17,23:03,00:46,132,143,189,0.7566,Leisure,86,103,Delayed,Technical Issue,,5320,760760
FL03354,04-09-2024,Air India Express,IX 243,Boeing 737-800,BLR,Bengaluru,BOM,Mumbai,22:11,22:17,23:56,00:00,105,148,180,0.8222,Senior Citizen,6,4,On Time,,,4170,617160
FL03437,04-09-2024,IndiGo,6E 642,Airbus A320neo,MAA,Chennai,BLR,Bengaluru,10:38,10:45,11:28,11:32,50,120,180,0.6667,Senior Citizen,7,4,On Time,,,1800,216000
FL00127,05-09-2024,IndiGo,6E 220,ATR 72,MAA,Chennai,HYD,Hyderabad,19:44,19:45,20:58,21:03,74,51,70,0.7286,Leisure,1,5,On Time,,,2370,120870
FL01787,05-09-2024,Air India Express,IX 594,Boeing 737-800,MAA,Chennai,CCU,Kolkata,06:48,08:42,09:27,11:14,159,106,180,0.5889,Leisure,114,107,Delayed,Ground Operations,,6410,679460
FL01886,05-09-2024,IndiGo,6E 863,Airbus A321neo,NAG,Nagpur,JAI,Jaipur,13:45,13:48,15:19,15:22,94,184,220,0.8364,Business,3,3,On Time,,,3610,664240
FL02409,05-09-2024,Air India Express,IX 767,Boeing 737-8,COK,Kochi,MAA,Chennai,18:23,20:03,19:44,21:33,81,72,189,0.381,Family,100,109,Delayed,Air Traffic,,1800,129600
FL03220,05-09-2024,Air India,AI 592,Airbus A321,GOI,Goa,AMD,Ahmedabad,18:07,20:33,19:53,21:56,106,111,190,0.5842,Student,146,123,Delayed,Other,,3830,425130
FL03366,05-09-2024,IndiGo,6E 580,ATR 72,CJB,Coimbatore,MAA,Chennai,15:04,15:04,16:09,16:15,65,56,70,0.8,Leisure,0,6,On Time,,,2040,114240
FL03545,05-09-2024,IndiGo,6E 755,Airbus A320neo,HYD,Hyderabad,MAA,Chennai,06:09,06:14,07:24,07:32,75,131,180,0.7278,Business,5,8,On Time,,,2570,336670
FL00147,06-09-2024,IndiGo,6E 237,Airbus A320neo,GAU,Guwahati,DEL,Delhi,07:47,09:57,10:19,12:44,152,155,180,0.8611,Leisure,130,145,Delayed,Technical Issue,,7870,1219850
FL00757,06-09-2024,Akasa Air,QP 317,Boeing 737 MAX 8,BOM,Mumbai,PNQ,Pune,15:36,15:44,16:21,16:34,45,126,189,0.6667,Student,8,13,On Time,,,1800,226800
FL01325,06-09-2024,IndiGo,6E 388,ATR 72,COK,Kochi,PNQ,Pune,16:22,16:27,18:22,18:24,120,62,70,0.8857,Family,5,2,On Time,,,5890,365180
FL03107,06-09-2024,Akasa Air,QP 917,Boeing 737 MAX 8,BLR,Bengaluru,PNQ,Pune,07:06,08:00,08:27,09:03,81,128,189,0.6772,Leisure,54,36,Delayed,Late Arrival of Aircraft,,3330,426240
FL03123,06-09-2024,IndiGo,6E 366,Airbus A320neo,AMD,Ahmedabad,BLR,Bengaluru,20:02,22:17,22:18,00:35,136,117,180,0.65,Leisure,135,137,Delayed,Crew,,5010,586170
FL03156,06-09-2024,Akasa Air,QP 934,Boeing 737 MAX 8,CJB,Coimbatore,BLR,Bengaluru,06:22,08:10,07:17,08:19,55,121,189,0.6402,Business,108,62,Delayed,Crew,,1800,217800
FL03707,06-09-2024,IndiGo,6E 892,Airbus A321neo,BOM,Mumbai,MAA,Chennai,18:33,18:34,20:25,20:27,112,141,220,0.6409,Student,1,2,On Time,,,4550,641550
FL04599,06-09-2024,Air India,AI 351,Airbus A321,AMD,Ahmedabad,MAA,Chennai,21:52,00:36,00:18,02:55,146,133,190,0.7,Leisure,164,157,Delayed,Late Arrival of Aircraft,,6680,888440
FL04628,06-09-2024,Air India,AI 361,Boeing 787-8,HYD,Hyderabad,PNQ,Pune,19:40,21:50,20:53,22:56,73,175,256,0.6836,Family,130,123,Delayed,Late Arrival of Aircraft,,2740,479500
FL00747,07-09-2024,Air India,AI 402,Airbus A321,BOM,Mumbai,NAG,Nagpur,14:57,15:03,16:25,16:30,88,146,190,0.7684,Leisure,6,5,On Time,,,4250,620500
FL01761,07-09-2024,Air India,AI 825,Airbus A321,DEL,Delhi,COK,Kochi,14:34,14:41,18:02,18:11,208,141,190,0.7421,Family,7,9,On Time,,,11630,1639830
FL03122,07-09-2024,Air India,AI 557,Boeing 787-8,COK,Kochi,HYD,Hyderabad,18:56,20:35,20:46,22:41,110,220,256,0.8594,Family,99,115,Delayed,Weather,,4880,1073600
FL04835,07-09-2024,SpiceJet,SG 450,Boeing 737-800,JAI,Jaipur,PNQ,Pune,12:49,13:10,14:52,15:21,123,144,189,0.7619,Family,21,29,Delayed,Weather,,4240,610560
FL04986,07-09-2024,Akasa Air,QP 604,Boeing 737 MAX 8,NAG,Nagpur,LKO,Lucknow,16:02,16:03,17:14,17:14,72,122,189,0.6455,Business,1,0,On Time,,,3160,385520
FL00369,08-09-2024,Air India,AI 218,Boeing 787-8,JAI,Jaipur,DEL,Delhi,10:23,10:29,11:17,11:29,54,160,256,0.625,Leisure,6,12,On Time,,,1800,288000
FL00515,08-09-2024,SpiceJet,SG 240,Bombardier Q400,BOM,Mumbai,HYD,Hyderabad,16:49,16:50,18:12,18:19,83,68,78,0.8718,Family,1,7,On Time,,,3100,210800
FL01080,08-09-2024,Akasa Air,QP 391,Boeing 737 MAX 8,JAI,Jaipur,LKO,Lucknow,21:56,22:02,23:14,23:14,78,140,189,0.7407,Student,6,0,On Time,,,2770,387800
FL01885,08-09-2024,IndiGo,6E 862,Airbus A321neo,NAG,Nagpur,HYD,Hyderabad,17:18,20:15,18:24,21:24,66,146,220,0.6636,Leisure,177,180,Delayed,Technical Issue,,2100,306600
FL02587,08-09-2024,IndiGo,6E 683,Airbus A321neo,BOM,Mumbai,PNQ,Pune,20:18,,21:03,,45,0,220,0,Senior Citizen,0,0,Cancelled,,Weather,1800,0
FL02734,08-09-2024,Akasa Air,QP 816,Boeing 737 MAX 8,BLR,Bengaluru,CCU,Kolkata,08:52,08:55,11:38,11:38,166,144,189,0.7619,Student,3,0,On Time,,,6830,983520
FL04223,08-09-2024,Akasa Air,QP 405,Boeing 737 MAX 8,HYD,Hyderabad,MAA,Chennai,21:18,21:22,22:43,22:52,85,145,189,0.7672,Family,4,9,On Time,,,2500,362500
FL04456,08-09-2024,IndiGo,6E 632,Airbus A320neo,BOM,Mumbai,COK,Kochi,19:10,20:02,21:10,21:56,120,160,180,0.8889,Senior Citizen,52,46,Delayed,Late Arrival of Aircraft,,5790,926400
FL01102,09-09-2024,IndiGo,6E 970,Airbus A320neo,BLR,Bengaluru,BOM,Mumbai,17:51,17:51,19:34,19:36,103,135,180,0.75,Family,0,2,On Time,,,3420,461700
FL01998,09-09-2024,IndiGo,6E 957,Airbus A321neo,HYD,Hyderabad,GAU,Guwahati,07:53,07:59,10:45,10:51,172,150,220,0.6818,Senior Citizen,6,6,On Time,,,7830,1174500
FL01717,10-09-2024,IndiGo,6E 720,Airbus A321neo,AMD,Ahmedabad,GOI,Goa,10:19,13:17,12:06,14:55,107,174,220,0.7909,Student,178,169,Delayed,Late Arrival of Aircraft,,4240,737760
FL02050,10-09-2024,Air India Express,IX 665,Boeing 737-800,BLR,Bengaluru,CJB,Coimbatore,19:56,19:56,20:49,20:49,53,148,180,0.8222,Leisure,0,0,On Time,,,1800,266400
FL02956,10-09-2024,IndiGo,6E 210,Airbus A320neo,PNQ,Pune,GOI,Goa,18:02,20:56,18:52,21:56,50,123,180,0.6833,Leisure,174,184,Delayed,Crew,,1800,221400
FL03446,10-09-2024,IndiGo,6E 654,ATR 72,DEL,Delhi,HYD,Hyderabad,06:20,08:40,08:36,11:00,136,46,70,0.6571,Leisure,140,144,Delayed,Technical Issue,,5150,236900
FL03768,10-09-2024,IndiGo,6E 919,Airbus A321neo,CJB,Coimbatore,CCU,Kolkata,05:56,08:25,09:04,11:22,188,129,220,0.5864,Leisure,149,138,Delayed,Air Traffic,,7240,933960
FL04726,10-09-2024,Air India Express,IX 632,Boeing 737-8,GOI,Goa,PNQ,Pune,12:10,12:19,13:07,13:12,57,95,189,0.5026,Business,9,5,On Time,,,1800,171000
FL00571,11-09-2024,Air India,AI 306,Airbus A320,BOM,Mumbai,PNQ,Pune,09:38,12:14,10:23,12:54,45,105,174,0.6034,Leisure,156,151,Delayed,Technical Issue,,1800,189000
FL02484,11-09-2024,Akasa Air,QP 769,Boeing 737 MAX 8,GOI,Goa,BOM,Mumbai,08:13,08:13,09:16,09:18,63,128,189,0.6772,Business,0,2,On Time,,,1960,250880
FL03077,11-09-2024,Air India,AI 540,Airbus A320,DEL,Delhi,BOM,Mumbai,10:03,10:04,12:14,12:18,131,158,174,0.908,Leisure,1,4,On Time,,,6500,1027000
FL00588,12-09-2024,SpiceJet,SG 255,Boeing 737-800,HYD,Hyderabad,DEL,Delhi,19:08,19:17,21:31,21:37,143,124,189,0.6561,Family,9,6,On Time,,,5510,683240
FL00891,12-09-2024,IndiGo,6E 824,Airbus A321neo,CJB,Coimbatore,BOM,Mumbai,14:42,14:50,16:42,16:52,120,118,220,0.5364,Business,8,10,On Time,,,4350,513300
FL00950,12-09-2024,IndiGo,6E 858,Airbus A320neo,PNQ,Pune,HYD,Hyderabad,10:55,11:32,12:03,12:56,68,115,180,0.6389,Student,37,53,Delayed,Weather,,2060,236900
FL01993,12-09-2024,Akasa Air,QP 648,Boeing 737 MAX 8,GAU,Guwahati,MAA,Chennai,18:29,19:09,21:32,00:01,183,106,189,0.5608,Business,40,149,Diverted,Weather,,7580,803480
FL02127,12-09-2024,IndiGo,6E 269,Airbus A321neo,HYD,Hyderabad,BLR,Bengaluru,08:12,08:21,09:13,09:21,61,159,220,0.7227,Leisure,9,8,On Time,,,2130,338670
FL02231,12-09-2024,Air India,AI 203,Airbus A320,HYD,Hyderabad,DEL,Delhi,14:40,17:26,17:01,20:06,141,100,174,0.5747,Family,166,185,Delayed,Air Traffic,,5670,567000
FL02283,12-09-2024,SpiceJet,SG 627,Boeing 737-800,BOM,Mumbai,AMD,Ahmedabad,18:20,18:22,19:25,19:30,65,167,189,0.8836,Student,2,5,On Time,,,2110,352370
FL02470,12-09-2024,IndiGo,6E 577,Airbus A321neo,COK,Kochi,PNQ,Pune,09:45,11:46,11:44,13:55,119,171,220,0.7773,Leisure,121,131,Delayed,Technical Issue,,4700,803700
FL02543,12-09-2024,IndiGo,6E 641,Airbus A321neo,PNQ,Pune,HYD,Hyderabad,10:59,10:59,12:06,12:08,67,153,220,0.6955,Family,0,2,On Time,,,2480,379440
FL03265,12-09-2024,IndiGo,6E 495,Airbus A321neo,PNQ,Pune,COK,Kochi,06:40,06:40,08:32,08:32,112,165,220,0.75,Business,0,0,On Time,,,4190,691350
FL03999,12-09-2024,IndiGo,6E 272,Airbus A321neo,CJB,Coimbatore,BLR,Bengaluru,13:09,13:13,14:00,14:00,51,161,220,0.7318,Family,4,0,On Time,,,1800,289800
FL00580,13-09-2024,IndiGo,6E 592,ATR 72,AMD,Ahmedabad,NAG,Nagpur,16:56,17:02,18:29,18:34,93,52,70,0.7429,Family,6,5,On Time,,,3080,160160
FL03341,13-09-2024,IndiGo,6E 555,ATR 72,BOM,Mumbai,GOI,Goa,13:50,13:59,14:55,15:03,65,54,70,0.7714,Leisure,9,8,On Time,,,2060,111240
FL04251,13-09-2024,Air India Express,IX 469,Boeing 737-8,BLR,Bengaluru,CCU,Kolkata,20:44,22:13,23:22,01:02,158,118,189,0.6243,Business,89,100,Delayed,Technical Issue,,5500,649000
FL04637,13-09-2024,Air India Express,IX 599,Boeing 737-800,COK,Kochi,BLR,Bengaluru,09:04,10:07,10:13,11:09,69,136,180,0.7556,Business,63,56,Delayed,Late Arrival of Aircraft,,1800,244800
FL04668,13-09-2024,Akasa Air,QP 500,Boeing 737 MAX 8,CJB,Coimbatore,GOI,Goa,12:56,13:04,14:14,14:27,78,182,189,0.963,Business,8,13,On Time,,,3120,567840
FL04884,13-09-2024,IndiGo,6E 970,ATR 72,HYD,Hyderabad,CCU,Kolkata,06:58,07:06,09:18,09:25,140,38,70,0.5429,Family,8,7,On Time,,,4810,182780
FL00665,14-09-2024,IndiGo,6E 645,Airbus A321neo,BLR,Bengaluru,HYD,Hyderabad,07:45,07:54,08:51,09:02,66,175,220,0.7955,Student,9,11,On Time,,,2380,416500
FL00987,14-09-2024,IndiGo,6E 887,Airbus A320neo,DEL,Delhi,COK,Kochi,14:46,14:46,18:15,18:15,209,138,180,0.7667,Leisure,0,0,On Time,,,9130,1259940
FL00989,14-09-2024,IndiGo,6E 890,Airbus A321neo,NAG,Nagpur,PNQ,Pune,09:25,09:31,10:42,10:46,77,160,220,0.7273,Student,6,4,On Time,,,2880,460800
FL01037,14-09-2024,Air India,AI 531,Airbus A321,GAU,Guwahati,COK,Kochi,06:33,06:34,10:31,10:31,238,162,190,0.8526,Leisure,1,0,On Time,,,13670,2214540
FL02109,14-09-2024,IndiGo,6E 251,ATR 72,HYD,Hyderabad,MAA,Chennai,15:31,16:25,16:44,17:49,73,63,70,0.9,Leisure,54,65,Delayed,Crew,,2870,180810
FL02628,14-09-2024,IndiGo,6E 707,Airbus A321neo,GAU,Guwahati,BLR,Bengaluru,09:58,10:01,13:28,13:28,210,187,220,0.85,Business,3,0,On Time,,,10500,1963500
FL02680,14-09-2024,Air India,AI 395,Airbus A320,CJB,Coimbatore,BLR,Bengaluru,06:28,06:35,07:18,07:25,50,70,174,0.4023,Family,7,7,On Time,,,1800,126000
FL03422,14-09-2024,Akasa Air,QP 983,Boeing 737 MAX 8,JAI,Jaipur,MAA,Chennai,14:42,14:50,17:31,17:45,169,119,189,0.6296,Student,8,14,On Time,,,7160,852040
FL04703,14-09-2024,Air India,AI 393,Airbus A320,CJB,Coimbatore,HYD,Hyderabad,22:15,01:03,23:43,02:30,88,115,174,0.6609,Family,168,167,Delayed,Late Arrival of Aircraft,,3400,391000
FL04926,14-09-2024,Air India Express,IX 667,Boeing 737-800,CJB,Coimbatore,BLR,Bengaluru,19:12,19:13,20:01,20:01,49,116,180,0.6444,Leisure,1,0,On Time,,,1800,208800
FL00686,15-09-2024,Air India,AI 367,Boeing 787-8,DEL,Delhi,BLR,Bengaluru,14:53,14:59,17:55,18:04,182,179,256,0.6992,Leisure,6,9,On Time,,,9440,1689760
FL01015,15-09-2024,SpiceJet,SG 378,Boeing 737-800,BOM,Mumbai,MAA,Chennai,15:08,15:15,17:07,17:16,119,170,189,0.8995,Leisure,7,9,On Time,,,5440,924800
FL02096,15-09-2024,IndiGo,6E 239,Airbus A320neo,BLR,Bengaluru,AMD,Ahmedabad,14:11,15:25,16:28,17:25,137,138,180,0.7667,Leisure,74,57,Delayed,Air Traffic,,5970,823860
FL03553,15-09-2024,IndiGo,6E 762,ATR 72,GOI,Goa,COK,Kochi,18:44,18:53,20:09,20:14,85,57,70,0.8143,Leisure,9,5,On Time,,,3510,200070
FL03756,15-09-2024,Akasa Air,QP 268,Boeing 737 MAX 8,BLR,Bengaluru,CCU,Kolkata,19:37,19:43,22:13,22:14,156,101,189,0.5344,Business,6,1,On Time,,,7250,732250
FL03864,15-09-2024,Air India,AI 860,Airbus A320,COK,Kochi,PNQ,Pune,05:18,06:51,07:12,08:31,114,127,174,0.7299,Senior Citizen,93,79,Delayed,Weather,,5570,707390
FL03937,15-09-2024,Akasa Air,QP 309,Boeing 737 MAX 8,BLR,Bengaluru,HYD,Hyderabad,18:39,18:41,19:38,19:46,59,158,189,0.836,Family,2,8,On Time,,,2380,376040
FL04733,15-09-2024,IndiGo,6E 843,ATR 72,CJB,Coimbatore,GOI,Goa,16:40,18:10,18:00,19:19,80,54,70,0.7714,Senior Citizen,90,79,Delayed,Weather,,3410,184140
FL01370,16-09-2024,Akasa Air,QP 467,Boeing 737 MAX 8,AMD,Ahmedabad,BOM,Mumbai,22:21,22:23,23:23,23:23,62,105,189,0.5556,Leisure,2,0,On Time,,,2160,226800
FL01587,16-09-2024,Akasa Air,QP 533,Boeing 737 MAX 8,DEL,Delhi,BOM,Mumbai,07:38,07:38,09:44,09:44,126,126,189,0.6667,Business,0,0,On Time,,,5040,635040
FL02033,16-09-2024,Akasa Air,QP 654,Boeing 737 MAX 8,BLR,Bengaluru,HYD,Hyderabad,17:41,17:43,18:54,19:03,73,151,189,0.7989,Leisure,2,9,On Time,,,2150,324650
FL03965,16-09-2024,Akasa Air,QP 325,Boeing 737 MAX 8,HYD,Hyderabad,AMD,Ahmedabad,21:11,21:14,22:53,22:54,102,126,189,0.6667,Leisure,3,1,On Time,,,3710,467460
FL04308,16-09-2024,SpiceJet,SG 297,Bombardier Q400,NAG,Nagpur,BOM,Mumbai,16:37,16:44,18:05,18:05,88,54,78,0.6923,Business,7,0,On Time,,,3080,166320
FL04717,16-09-2024,Air India,AI 397,Airbus A320,BLR,Bengaluru,AMD,Ahmedabad,05:17,05:48,07:27,07:48,130,103,174,0.592,Business,31,21,Delayed,Weather,,5800,597400
FL01295,17-09-2024,Air India,AI 626,Airbus A320,BOM,Mumbai,CCU,Kolkata,17:19,17:23,20:14,20:24,175,121,174,0.6954,Student,4,10,On Time,,,7590,918390
FL01779,17-09-2024,IndiGo,6E 781,Airbus A321neo,HYD,Hyderabad,COK,Kochi,22:14,22:15,23:49,23:51,95,136,220,0.6182,Business,1,2,On Time,,,3320,451520
FL02250,17-09-2024,IndiGo,6E 365,Airbus A320neo,COK,Kochi,AMD,Ahmedabad,05:14,05:20,07:54,07:59,160,145,180,0.8056,Leisure,6,5,On Time,,,7960,1154200
FL03247,17-09-2024,SpiceJet,SG 829,Boeing 737-800,BOM,Mumbai,AMD,Ahmedabad,09:34,09:43,10:37,10:51,63,109,189,0.5767,Leisure,9,14,On Time,,,1920,209280
FL03362,17-09-2024,IndiGo,6E 574,Airbus A320neo,GAU,Guwahati,BLR,Bengaluru,05:53,06:00,09:17,09:27,204,145,180,0.8056,Student,7,10,On Time,,,10150,1471750
FL03674,17-09-2024,IndiGo,6E 852,Airbus A321neo,BOM,Mumbai,NAG,Nagpur,07:20,09:06,08:45,10:36,85,113,220,0.5136,Business,106,111,Delayed,Weather,,2830,319790
FL03923,17-09-2024,Air India,AI 888,Airbus A321,DEL,Delhi,BOM,Mumbai,11:59,13:29,14:03,15:29,124,137,190,0.7211,Leisure,90,86,Delayed,Crew,,6310,864470
FL04710,17-09-2024,Air India Express,IX 624,Boeing 737-8,COK,Kochi,GAU,Guwahati,09:13,09:14,13:02,13:02,229,154,189,0.8148,Business,1,0,On Time,,,11970,1843380
FL00134,18-09-2024,Akasa Air,QP 130,Boeing 737 MAX 8,MAA,Chennai,GOI,Goa,13:12,14:03,14:42,17:23,90,111,189,0.5873,Senior Citizen,51,161,Diverted,Weather,,3220,357420
FL00618,18-09-2024,Air India Express,IX 273,Boeing 737-800,JAI,Jaipur,BLR,Bengaluru,18:20,,21:01,,161,0,180,0,Family,0,0,Cancelled,,Air Traffic,6920,0
FL00796,18-09-2024,Air India,AI 424,Boeing 787-8,PNQ,Pune,BOM,Mumbai,14:03,14:03,14:48,14:53,45,165,256,0.6445,Student,0,5,On Time,,,1800,297000
FL00656,19-09-2024,IndiGo,6E 641,Airbus A321neo,BLR,Bengaluru,BOM,Mumbai,06:51,06:53,08:28,08:28,97,166,220,0.7545,Family,2,0,On Time,,,3660,607560
FL01455,19-09-2024,Air India Express,IX 499,Boeing 737-8,PNQ,Pune,COK,Kochi,14:39,14:39,16:26,16:26,107,107,189,0.5661,Business,0,0,On Time,,,3970,424790
FL01499,19-09-2024,Air India,AI 700,Airbus A320,HYD,Hyderabad,GOI,Goa,14:54,14:57,16:11,16:24,77,115,174,0.6609,Business,3,13,On Time,,,2500,287500
FL01727,19-09-2024,Air India,AI 817,Boeing 787-8,DEL,Delhi,CCU,Kolkata,12:08,12:11,14:31,14:34,143,203,256,0.793,Leisure,3,3,On Time,,,7260,1473780
FL03687,19-09-2024,Air India,AI 769,Airbus A321,GOI,Goa,HYD,Hyderabad,11:40,,12:55,,75,0,190,0,Business,0,0,Cancelled,,Weather,2100,0
FL04686,19-09-2024,SpiceJet,SG 416,Bombardier Q400,DEL,Delhi,BOM,Mumbai,14:02,14:09,16:09,16:13,127,59,78,0.7564,Leisure,7,4,On Time,,,4860,286740
FL01755,20-09-2024,Air India Express,IX 583,Boeing 737-8,MAA,Chennai,HYD,Hyderabad,06:37,06:41,07:40,07:43,63,139,189,0.7354,Business,4,3,On Time,,,2180,303020
FL02088,20-09-2024,IndiGo,6E 230,Airbus A320neo,BLR,Bengaluru,GOI,Goa,06:49,07:10,07:56,08:19,67,147,180,0.8167,Senior Citizen,21,23,Delayed,Technical Issue,,2510,368970
FL03647,20-09-2024,Air India Express,IX 314,Boeing 737-8,PNQ,Pune,GAU,Guwahati,14:30,14:33,17:51,17:52,201,114,189,0.6032,Family,3,1,On Time,,,9130,1040820
FL03789,20-09-2024,IndiGo,6E 941,ATR 72,HYD,Hyderabad,BLR,Bengaluru,14:57,14:57,16:07,16:08,70,59,70,0.8429,Business,0,1,On Time,,,2300,135700
FL02610,21-09-2024,Akasa Air,QP 792,Boeing 737 MAX 8,GAU,Guwahati,DEL,Delhi,14:05,15:44,16:40,18:19,155,140,189,0.7407,Business,99,99,Delayed,Crew,,7800,1092000
FL02784,21-09-2024,Air India,AI 425,Boeing 787-8,BLR,Bengaluru,MAA,Chennai,14:09,14:17,14:58,15:12,49,201,256,0.7852,Family,8,14,On Time,,,1800,361800
FL03211,21-09-2024,Air India Express,IX 992,Boeing 737-8,MAA,Chennai,BLR,Bengaluru,15:21,15:30,16:17,16:31,56,159,189,0.8413,Family,9,14,On Time,,,1800,286200
FL03336,21-09-2024,IndiGo,6E 547,Airbus A320neo,PNQ,Pune,GAU,Guwahati,09:10,09:11,12:34,12:38,204,159,180,0.8833,Family,1,4,On Time,,,11760,1869840
FL04304,21-09-2024,IndiGo,6E 507,Airbus A321neo,COK,Kochi,BLR,Bengaluru,15:50,17:46,16:52,18:52,62,206,220,0.9364,Family,116,120,Delayed,Weather,,2090,430540
FL01703,22-09-2024,IndiGo,6E 710,ATR 72,CJB,Coimbatore,MAA,Chennai,09:28,12:10,10:36,13:25,68,68,70,0.9714,Student,162,169,Delayed,Weather,,2090,142120
FL01927,22-09-2024,IndiGo,6E 893,Airbus A321neo,BLR,Bengaluru,PNQ,Pune,15:47,15:53,17:13,17:13,86,121,220,0.55,Leisure,6,0,On Time,,,3630,439230
FL02175,22-09-2024,SpiceJet,SG 598,Boeing 737-800,HYD,Hyderabad,PNQ,Pune,10:44,10:44,11:57,12:06,73,136,189,0.7196,Leisure,0,9,On Time,,,2220,301920
FL02315,22-09-2024,Air India Express,IX 753,Boeing 737-800,HYD,Hyderabad,BOM,Mumbai,14:57,15:04,16:25,16:33,88,108,180,0.6,Leisure,7,8,On Time,,,2410,260280
FL03291,22-09-2024,Akasa Air,QP 953,Boeing 737 MAX 8,AMD,Ahmedabad,GOI,Goa,07:00,07:07,08:45,08:46,105,168,189,0.8889,Leisure,7,1,On Time,,,5240,880320
FL01141,23-09-2024,IndiGo,6E 206,Airbus A321neo,BOM,Mumbai,CJB,Coimbatore,14:45,14:53,16:55,17:04,130,163,220,0.7409,Business,8,9,On Time,,,4970,810110
FL02798,23-09-2024,IndiGo,6E 875,Airbus A321neo,LKO,Lucknow,HYD,Hyderabad,18:12,18:17,20:15,20:25,123,136,220,0.6182,Leisure,5,10,On Time,,,5230,711280
FL03153,23-09-2024,IndiGo,6E 393,ATR 72,COK,Kochi,BLR,Bengaluru,16:44,16:48,17:45,17:53,61,40,70,0.5714,Family,4,8,On Time,,,1800,72000
FL04999,23-09-2024,IndiGo,6E 261,ATR 72,HYD,Hyderabad,GOI,Goa,15:32,15:40,16:49,16:55,77,49,70,0.7,Student,8,6,On Time,,,2470,121030
FL00022,24-09-2024,IndiGo,6E 126,ATR 72,JAI,Jaipur,HYD,Hyderabad,12:16,12:16,14:26,14:26,130,45,70,0.6429,Business,0,0,On Time,,,4660,209700
FL02087,24-09-2024,Air India Express,IX 676,Boeing 737-800,AMD,Ahmedabad,JAI,Jaipur,06:16,06:24,07:40,07:54,84,111,180,0.6167,Leisure,8,14,On Time,,,2070,229770
FL02221,24-09-2024,Air India Express,IX 719,Boeing 737-8,BLR,Bengaluru,HYD,Hyderabad,09:45,12:42,10:53,14:01,68,130,189,0.6878,Business,177,188,Delayed,Late Arrival of Aircraft,,1960,254800
FL02723,24-09-2024,IndiGo,6E 804,Airbus A321neo,DEL,Delhi,AMD,Ahmedabad,22:28,22:34,00:08,00:17,100,153,220,0.6955,Leisure,6,9,On Time,,,3190,488070
FL02776,24-09-2024,IndiGo,6E 858,Airbus A320neo,MAA,Chennai,BLR,Bengaluru,13:13,,14:06,,53,0,180,0,Student,0,0,Cancelled,,Crew Availability,1800,0
FL03217,24-09-2024,SpiceJet,SG 822,Bombardier Q400,JAI,Jaipur,AMD,Ahmedabad,10:58,11:02,12:16,12:22,78,62,78,0.7949,Business,4,6,On Time,,,2170,134540
FL03239,24-09-2024,IndiGo,6E 458,Airbus A320neo,PNQ,Pune,AMD,Ahmedabad,09:44,10:29,11:00,11:43,76,119,180,0.6611,Leisure,45,43,Delayed,Technical Issue,,2140,254660
FL04032,24-09-2024,Air India Express,IX 418,Boeing 737-8,GAU,Guwahati,GOI,Goa,14:20,,17:56,,216,0,189,0,Business,0,0,Cancelled,,Weather,7290,0
FL04282,24-09-2024,IndiGo,6E 485,Airbus A321neo,CJB,Coimbatore,AMD,Ahmedabad,12:32,14:36,15:10,17:01,158,175,220,0.7955,Family,124,111,Delayed,Ground Operations,,6790,1188250
FL04545,24-09-2024,IndiGo,6E 696,Airbus A320neo,COK,Kochi,PNQ,Pune,20:31,22:44,22:18,00:22,107,87,180,0.4833,Leisure,133,124,Delayed,Weather,,4020,349740
FL04994,24-09-2024,IndiGo,6E 256,Airbus A321neo,BOM,Mumbai,COK,Kochi,06:24,06:25,08:21,08:21,117,166,220,0.7545,Leisure,1,0,On Time,,,5470,908020
FL03356,25-09-2024,Air India,AI 646,Airbus A320,GOI,Goa,CCU,Kolkata,11:21,11:28,14:16,14:25,175,113,174,0.6494,Business,7,9,On Time,,,9290,1049770
FL04212,25-09-2024,Air India,AI 207,Airbus A320,HYD,Hyderabad,GOI,Goa,13:20,15:19,14:39,16:25,79,125,174,0.7184,Family,119,106,Delayed,Weather,,2580,322500
FL01245,26-09-2024,Akasa Air,QP 434,Boeing 737 MAX 8,BOM,Mumbai,GOI,Goa,20:59,21:03,22:08,22:16,69,165,189,0.873,Student,4,8,On Time,,,2420,399300
FL01527,26-09-2024,IndiGo,6E 571,Airbus A321neo,HYD,Hyderabad,DEL,Delhi,08:54,08:59,11:05,11:12,131,137,220,0.6227,Business,5,7,On Time,,,6130,839810
FL04002,26-09-2024,Air India Express,IX 403,Boeing 737-8,BLR,Bengaluru,COK,Kochi,16:47,16:54,17:38,17:39,51,117,189,0.619,Family,7,1,On Time,,,1800,210600
FL04496,26-09-2024,Air India Express,IX 553,Boeing 737-800,BOM,Mumbai,AMD,Ahmedabad,21:28,21:31,22:39,22:45,71,123,180,0.6833,Family,3,6,On Time,,,2010,247230
FL01281,27-09-2024,IndiGo,6E 352,Airbus A320neo,GOI,Goa,BOM,Mumbai,07:19,10:06,08:33,11:21,74,115,180,0.6389,Family,167,168,Delayed,Weather,,1980,227700
FL02393,27-09-2024,Akasa Air,QP 741,Boeing 737 MAX 8,BLR,Bengaluru,HYD,Hyderabad,11:43,13:42,12:59,14:43,76,144,189,0.7619,Leisure,119,104,Delayed,Technical Issue,,2410,347040
FL04395,27-09-2024,Air India Express,IX 508,Boeing 737-800,AMD,Ahmedabad,GOI,Goa,14:50,16:08,16:41,17:53,111,122,180,0.6778,Leisure,78,72,Delayed,Crew,,4380,534360
FL00499,28-09-2024,Air India Express,IX 254,Boeing 737-8,DEL,Delhi,HYD,Hyderabad,10:26,11:12,12:46,13:38,140,131,189,0.6931,Leisure,46,52,Delayed,Air Traffic,,6020,788620
FL01243,28-09-2024,Air India,AI 598,Airbus A320,DEL,Delhi,CCU,Kolkata,06:30,09:29,08:57,12:13,147,115,174,0.6609,Family,179,196,Delayed,Crew,,6440,740600
FL01924,28-09-2024,Akasa Air,QP 627,Boeing 737 MAX 8,CCU,Kolkata,BOM,Mumbai,09:41,11:19,12:28,14:23,167,105,189,0.5556,Leisure,98,115,Delayed,Air Traffic,,6580,690900
FL02745,28-09-2024,Akasa Air,QP 819,Boeing 737 MAX 8,GOI,Goa,HYD,Hyderabad,09:25,09:29,10:36,10:40,71,106,189,0.5608,Family,4,4,On Time,,,2230,236380
FL03671,28-09-2024,Akasa Air,QP 249,Boeing 737 MAX 8,DEL,Delhi,JAI,Jaipur,10:33,10:36,11:18,11:22,45,140,189,0.7407,Business,3,4,On Time,,,1800,252000
FL00097,29-09-2024,IndiGo,6E 187,ATR 72,PNQ,Pune,CJB,Coimbatore,20:56,23:17,22:46,00:52,110,39,70,0.5571,Family,141,126,Delayed,Late Arrival of Aircraft,,4210,164190
FL00786,29-09-2024,Akasa Air,QP 324,Boeing 737 MAX 8,AMD,Ahmedabad,PNQ,Pune,16:11,16:12,17:33,17:33,82,105,189,0.5556,Leisure,1,0,On Time,,,2310,242550
FL01425,29-09-2024,IndiGo,6E 469,Airbus A321neo,DEL,Delhi,NAG,Nagpur,15:40,15:48,17:22,17:26,102,163,220,0.7409,Leisure,8,4,On Time,,,3600,586800
FL01543,29-09-2024,Air India,AI 725,Airbus A320,NAG,Nagpur,DEL,Delhi,18:46,20:57,20:29,22:32,103,156,174,0.8966,Family,131,123,Delayed,Technical Issue,,4670,728520
FL02091,29-09-2024,Air India,AI 957,Airbus A320,MAA,Chennai,GOI,Goa,21:50,21:51,23:22,23:22,92,117,174,0.6724,Leisure,1,0,On Time,,,4050,473850
FL04959,29-09-2024,Akasa Air,QP 594,Boeing 737 MAX 8,MAA,Chennai,HYD,Hyderabad,08:15,08:17,09:29,09:30,74,127,189,0.672,Family,2,1,On Time,,,2460,312420
FL00373,01-10-2024,IndiGo,6E 429,Airbus A320neo,DEL,Delhi,MAA,Chennai,20:52,21:00,00:00,00:07,188,127,180,0.7056,Family,8,7,On Time,,,10330,1311910
FL03178,01-10-2024,IndiGo,6E 414,ATR 72,COK,Kochi,BLR,Bengaluru,10:12,10:15,11:06,11:12,54,46,70,0.6571,Family,3,6,On Time,,,1980,91080
FL03444,01-10-2024,Akasa Air,QP 990,Boeing 737 MAX 8,MAA,Chennai,BOM,Mumbai,12:56,12:57,14:54,14:59,118,150,189,0.7937,Family,1,5,On Time,,,4090,613500
FL04574,01-10-2024,IndiGo,6E 725,Airbus A321neo,AMD,Ahmedabad,HYD,Hyderabad,12:52,12:55,14:44,14:44,112,188,220,0.8545,Family,3,0,On Time,,,4290,806520
FL04753,01-10-2024,IndiGo,6E 857,ATR 72,HYD,Hyderabad,BLR,Bengaluru,10:15,10:18,11:19,11:24,64,60,70,0.8571,Family,3,5,On Time,,,2790,167400
FL04880,01-10-2024,Akasa Air,QP 564,Boeing 737 MAX 8,HYD,Hyderabad,COK,Kochi,21:46,21:50,23:22,23:36,96,172,189,0.9101,Student,4,14,On Time,,,4720,811840
FL04937,01-10-2024,Air India,AI 503,Boeing 787-8,BLR,Bengaluru,GAU,Guwahati,14:42,14:42,18:18,18:27,216,231,256,0.9023,Business,0,9,On Time,,,14040,3243240
FL00526,02-10-2024,Air India,AI 291,Airbus A321,GAU,Guwahati,AMD,Ahmedabad,17:45,17:47,21:13,21:16,208,148,190,0.7789,Family,2,3,On Time,,,12570,1860360
FL00680,02-10-2024,Air India,AI 362,Airbus A321,HYD,Hyderabad,AMD,Ahmedabad,12:28,12:33,14:05,14:12,97,171,190,0.9,Leisure,5,7,On Time,,,5600,957600
FL02375,02-10-2024,IndiGo,6E 484,ATR 72,CCU,Kolkata,GAU,Guwahati,08:25,08:27,09:43,09:43,78,60,70,0.8571,Family,2,0,On Time,,,2770,166200
FL02929,02-10-2024,IndiGo,6E 989,ATR 72,DEL,Delhi,BOM,Mumbai,17:51,17:58,19:52,20:00,121,51,70,0.7286,Leisure,7,8,On Time,,,5890,300390
FL03617,02-10-2024,IndiGo,6E 806,Airbus A321neo,COK,Kochi,BLR,Bengaluru,21:14,21:20,22:16,22:25,62,137,220,0.6227,Student,6,9,On Time,,,1800,246600
FL04540,02-10-2024,Akasa Air,QP 471,Boeing 737 MAX 8,BOM,Mumbai,DEL,Delhi,05:57,06:02,08:12,08:16,135,147,189,0.7778,Leisure,5,4,On Time,,,5830,857010
FL00314,03-10-2024,SpiceJet,SG 192,Boeing 737-800,PNQ,Pune,BLR,Bengaluru,09:00,09:02,10:35,10:35,95,98,189,0.5185,Leisure,2,0,On Time,,,3390,332220
FL00315,03-10-2024,Air India Express,IX 201,Boeing 737-800,HYD,Hyderabad,CCU,Kolkata,07:49,07:58,10:02,10:16,133,128,180,0.7111,Business,9,14,On Time,,,5520,706560
FL00569,03-10-2024,IndiGo,6E 588,Airbus A320neo,BLR,Bengaluru,DEL,Delhi,06:06,06:11,09:03,09:12,177,114,180,0.6333,Family,5,9,On Time,,,9410,1072740
FL01028,03-10-2024,Akasa Air,QP 383,Boeing 737 MAX 8,BOM,Mumbai,HYD,Hyderabad,20:41,20:43,22:08,22:14,87,145,189,0.7672,Business,2,6,On Time,,,3640,527800
FL02369,03-10-2024,Air India,AI 257,Boeing 787-8,GAU,Guwahati,PNQ,Pune,13:55,14:31,17:16,17:44,201,148,256,0.5781,Business,36,28,Delayed,Weather,,10940,1619120
FL03335,03-10-2024,Air India,AI 641,Airbus A321,BLR,Bengaluru,HYD,Hyderabad,10:00,10:06,11:09,11:14,69,160,190,0.8421,Senior Citizen,6,5,On Time,,,2930,468800
FL03853,03-10-2024,IndiGo,6E 981,Airbus A320neo,BOM,Mumbai,COK,Kochi,12:52,12:58,14:46,14:50,114,125,180,0.6944,Family,6,4,On Time,,,5010,626250
FL04049,03-10-2024,Air India,AI 926,Airbus A320,CJB,Coimbatore,AMD,Ahmedabad,06:45,07:17,09:15,09:42,150,113,174,0.6494,Business,32,27,Delayed,Crew,,7430,839590
FL01178,04-10-2024,Air India Express,IX 431,Boeing 737-8,HYD,Hyderabad,PNQ,Pune,13:28,16:10,14:44,17:36,76,115,189,0.6085,Business,162,172,Delayed,Security,,2310,265650
FL01974,04-10-2024,IndiGo,6E 926,Airbus A320neo,NAG,Nagpur,AMD,Ahmedabad,13:34,13:36,15:07,15:10,93,162,180,0.9,Senior Citizen,2,3,On Time,,,5000,810000
FL02239,04-10-2024,SpiceJet,SG 615,Boeing 737-800,MAA,Chennai,GOI,Goa,18:05,18:11,19:33,19:36,88,174,189,0.9206,Family,6,3,On Time,,,4330,753420
FL02243,04-10-2024,Air India,AI 204,Airbus A320,AMD,Ahmedabad,BOM,Mumbai,19:50,19:50,21:00,21:00,70,111,174,0.6379,Business,0,0,On Time,,,2550,283050
FL02475,04-10-2024,Air India,AI 298,Airbus A320,HYD,Hyderabad,LKO,Lucknow,10:45,10:46,12:53,12:53,128,109,174,0.6264,Leisure,1,0,On Time,,,5440,592960
FL02523,04-10-2024,SpiceJet,SG 678,Boeing 737-800,MAA,Chennai,COK,Kochi,21:50,21:54,23:10,23:14,80,145,189,0.7672,Leisure,4,4,On Time,,,3170,459650
FL00011,05-10-2024,Air India Express,IX 106,Boeing 737-800,BLR,Bengaluru,MAA,Chennai,08:12,08:13,09:07,09:14,55,158,180,0.8778,Student,1,7,On Time,,,1800,284400
FL00034,05-10-2024,IndiGo,6E 138,ATR 72,CCU,Kolkata,HYD,Hyderabad,14:07,14:40,16:26,16:55,139,58,70,0.8286,Family,33,29,Delayed,Weather,,8200,475600
FL01348,05-10-2024,IndiGo,6E 411,Airbus A320neo,AMD,Ahmedabad,MAA,Chennai,06:27,06:34,08:53,08:59,146,147,180,0.8167,Business,7,6,On Time,,,9010,1324470
FL01554,05-10-2024,IndiGo,6E 591,Airbus A320neo,DEL,Delhi,GAU,Guwahati,12:27,12:36,14:58,15:09,151,141,180,0.7833,Family,9,11,On Time,,,8260,1164660
FL02338,05-10-2024,Air India,AI 245,Airbus A320,MAA,Chennai,LKO,Lucknow,21:36,21:42,00:20,00:22,164,143,174,0.8218,Family,6,2,On Time,,,10390,1485770
FL03871,05-10-2024,IndiGo,6E 993,Airbus A320neo,CCU,Kolkata,GAU,Guwahati,22:11,22:16,23:25,23:28,74,138,180,0.7667,Leisure,5,3,On Time,,,2610,360180
FL04081,05-10-2024,Air India,AI 942,Boeing 787-8,MAA,Chennai,PNQ,Pune,15:04,15:05,16:45,16:47,101,201,256,0.7852,Senior Citizen,1,2,On Time,,,6980,1402980
FL04967,05-10-2024,Akasa Air,QP 596,Boeing 737 MAX 8,HYD,Hyderabad,GOI,Goa,08:06,10:13,09:27,11:36,81,134,189,0.709,Senior Citizen,127,129,Delayed,Air Traffic,,2880,385920
FL00166,06-10-2024,SpiceJet,SG 153,Boeing 737-800,AMD,Ahmedabad,COK,Kochi,15:44,15:47,18:24,18:32,160,171,189,0.9048,Leisure,3,8,On Time,,,8980,1535580
FL00522,06-10-2024,Air India Express,IX 258,Boeing 737-800,BLR,Bengaluru,COK,Kochi,19:56,20:04,21:04,21:04,68,136,180,0.7556,Senior Citizen,8,0,On Time,,,2100,285600
FL00932,06-10-2024,Akasa Air,QP 357,Boeing 737 MAX 8,BLR,Bengaluru,COK,Kochi,19:36,19:40,20:34,20:41,58,128,189,0.6772,Business,4,7,On Time,,,2040,261120
FL01503,06-10-2024,Air India,AI 707,Boeing 787-8,COK,Kochi,HYD,Hyderabad,06:13,06:16,07:51,07:55,98,227,256,0.8867,Senior Citizen,3,4,On Time,,,5060,1148620
FL01627,06-10-2024,IndiGo,6E 661,Airbus A320neo,PNQ,Pune,BLR,Bengaluru,14:58,16:53,16:29,18:16,91,138,180,0.7667,Business,115,107,Delayed,Weather,,3790,523020
FL02839,06-10-2024,Air India,AI 437,Airbus A320,AMD,Ahmedabad,GOI,Goa,21:13,00:08,22:58,02:11,105,121,174,0.6954,Leisure,175,193,Delayed,Ground Operations,,4980,602580
FL03985,06-10-2024,SpiceJet,SG 217,Boeing 737-800,COK,Kochi,PNQ,Pune,08:17,08:23,10:15,10:17,118,146,189,0.7725,Business,6,2,On Time,,,5250,766500
FL04411,06-10-2024,IndiGo,6E 590,ATR 72,HYD,Hyderabad,MAA,Chennai,16:42,16:48,17:55,18:06,73,69,70,0.9857,Leisure,6,11,On Time,,,3210,221490
FL04434,06-10-2024,Akasa Air,QP 448,Boeing 737 MAX 8,MAA,Chennai,COK,Kochi,06:41,06:45,07:58,08:03,77,160,189,0.8466,Leisure,4,5,On Time,,,3250,520000
FL00187,07-10-2024,Air India,AI 149,Airbus A321,DEL,Delhi,HYD,Hyderabad,11:41,11:44,13:58,14:05,137,188,190,0.9895,Senior Citizen,3,7,On Time,,,8580,1613040
FL00288,07-10-2024,SpiceJet,SG 188,Boeing 737-800,CCU,Kolkata,CJB,Coimbatore,18:22,20:20,21:17,23:07,175,127,189,0.672,Leisure,118,110,Delayed,Air Traffic,,8800,1117600
FL00634,07-10-2024,Air India Express,IX 278,Boeing 737-8,DEL,Delhi,LKO,Lucknow,05:28,05:35,06:30,06:37,62,135,189,0.7143,Leisure,7,7,On Time,,,2080,280800
FL01327,07-10-2024,Air India Express,IX 469,Boeing 737-800,JAI,Jaipur,CCU,Kolkata,14:17,14:25,16:44,16:56,147,140,180,0.7778,Leisure,8,12,On Time,,,7010,981400
FL02020,07-10-2024,IndiGo,6E 976,Airbus A321neo,CCU,Kolkata,CJB,Coimbatore,09:54,09:58,13:07,13:08,193,137,220,0.6227,Leisure,4,1,On Time,,,8760,1200120
FL02479,07-10-2024,SpiceJet,SG 669,Boeing 737-800,MAA,Chennai,BLR,Bengaluru,19:32,19:37,20:33,20:33,61,146,189,0.7725,Leisure,5,0,On Time,,,1800,262800
FL04704,07-10-2024,IndiGo,6E 817,Airbus A321neo,BLR,Bengaluru,LKO,Lucknow,13:33,13:36,16:18,16:18,165,144,220,0.6545,Student,3,0,On Time,,,8390,1208160
FL00249,08-10-2024,IndiGo,6E 334,Airbus A321neo,BOM,Mumbai,BLR,Bengaluru,14:57,14:57,16:28,16:28,91,141,220,0.6409,Student,0,0,On Time,,,4290,604890
FL01340,08-10-2024,IndiGo,6E 403,ATR 72,AMD,Ahmedabad,BLR,Bengaluru,20:57,20:59,23:12,23:12,135,45,70,0.6429,Leisure,2,0,On Time,,,6370,286650
FL03065,08-10-2024,IndiGo,6E 312,ATR 72,NAG,Nagpur,HYD,Hyderabad,05:08,07:54,06:23,08:53,75,43,70,0.6143,Leisure,166,150,Delayed,Technical Issue,,2180,93740
FL03905,08-10-2024,IndiGo,6E 214,Airbus A321neo,NAG,Nagpur,COK,Kochi,15:45,15:51,18:03,18:17,138,166,220,0.7545,Family,6,14,On Time,,,6200,1029200
FL00385,09-10-2024,Akasa Air,QP 185,Boeing 737 MAX 8,BLR,Bengaluru,CCU,Kolkata,11:29,11:38,14:06,14:08,157,125,189,0.6614,Business,9,2,On Time,,,7540,942500
FL02546,09-10-2024,Akasa Air,QP 777,Boeing 737 MAX 8,HYD,Hyderabad,BOM,Mumbai,07:16,08:51,08:44,10:10,88,128,189,0.6772,Family,95,86,Delayed,Crew,,3000,384000
FL02850,09-10-2024,Air India,AI 444,Airbus A321,AMD,Ahmedabad,BOM,Mumbai,05:08,05:09,06:17,06:20,69,171,190,0.9,Senior Citizen,1,3,On Time,,,2770,473670
FL03140,09-10-2024,Akasa Air,QP 927,Boeing 737 MAX 8,HYD,Hyderabad,BLR,Bengaluru,20:04,22:18,21:09,23:26,65,123,189,0.6508,Business,134,137,Delayed,Technical Issue,,2250,276750
FL04408,09-10-2024,Air India Express,IX 516,Boeing 737-8,BOM,Mumbai,MAA,Chennai,12:45,13:30,14:46,15:17,121,138,189,0.7302,Family,45,31,Delayed,Weather,,5050,696900
FL00874,10-10-2024,IndiGo,6E 812,ATR 72,BOM,Mumbai,AMD,Ahmedabad,15:30,15:33,16:40,16:41,70,59,70,0.8429,Student,3,1,On Time,,,2720,160480
FL00886,10-10-2024,IndiGo,6E 818,Airbus A320neo,DEL,Delhi,COK,Kochi,17:31,17:37,20:54,21:00,203,97,180,0.5389,Student,6,6,On Time,,,9860,956420
FL01362,10-10-2024,Air India,AI 659,Boeing 787-8,PNQ,Pune,BLR,Bengaluru,10:30,11:50,12:00,13:11,90,156,256,0.6094,Family,80,71,Delayed,Weather,,3390,528840
FL02028,10-10-2024,Air India,AI 927,Airbus A320,BLR,Bengaluru,COK,Kochi,06:17,06:23,07:09,07:17,52,113,174,0.6494,Student,6,8,On Time,,,2150,242950
FL02332,10-10-2024,Air India Express,IX 755,Boeing 737-8,LKO,Lucknow,AMD,Ahmedabad,18:57,19:05,20:51,21:02,114,132,189,0.6984,Senior Citizen,8,11,On Time,,,4460,588720
FL02538,10-10-2024,Air India,AI 329,Airbus A320,GOI,Goa,NAG,Nagpur,17:16,18:04,18:54,19:27,98,119,174,0.6839,Leisure,48,33,Delayed,Air Traffic,,5030,598570
FL03030,10-10-2024,IndiGo,6E 280,Airbus A320neo,COK,Kochi,MAA,Chennai,19:32,19:35,20:48,20:48,76,131,180,0.7278,Senior Citizen,3,0,On Time,,,2310,302610
FL00317,11-10-2024,IndiGo,6E 387,Airbus A321neo,DEL,Delhi,CCU,Kolkata,15:09,15:17,17:35,17:35,146,153,220,0.6955,Senior Citizen,8,0,On Time,,,6950,1063350
FL00859,11-10-2024,Air India Express,IX 352,Boeing 737-8,CCU,Kolkata,CJB,Coimbatore,19:20,20:22,22:28,23:22,188,147,189,0.7778,Student,62,54,Delayed,Ground Operations,,9590,1409730
FL01296,11-10-2024,Akasa Air,QP 442,Boeing 737 MAX 8,GOI,Goa,CCU,Kolkata,18:21,18:30,21:28,21:40,187,172,189,0.9101,Senior Citizen,9,12,On Time,,,10480,1802560
FL01460,11-10-2024,IndiGo,6E 504,ATR 72,AMD,Ahmedabad,BLR,Bengaluru,06:17,06:18,08:33,08:33,136,54,70,0.7714,Student,1,0,On Time,,,6950,375300
FL01614,11-10-2024,Akasa Air,QP 537,Boeing 737 MAX 8,BOM,Mumbai,HYD,Hyderabad,15:34,18:17,16:51,19:29,77,137,189,0.7249,Leisure,163,158,Delayed,Air Traffic,,3230,442510
FL01982,11-10-2024,IndiGo,6E 937,Airbus A320neo,CJB,Coimbatore,BOM,Mumbai,07:28,08:25,09:29,10:23,121,123,180,0.6833,Student,57,54,Delayed,Air Traffic,,5030,618690
FL02125,11-10-2024,SpiceJet,SG 590,Bombardier Q400,BLR,Bengaluru,CJB,Coimbatore,08:11,08:12,09:01,09:01,50,54,78,0.6923,Leisure,1,0,On Time,,,1800,97200
FL02253,11-10-2024,Akasa Air,QP 713,Boeing 737 MAX 8,JAI,Jaipur,AMD,Ahmedabad,16:11,16:16,17:28,17:36,77,155,189,0.8201,Student,5,8,On Time,,,3060,474300
FL02905,11-10-2024,IndiGo,6E 968,Airbus A321neo,NAG,Nagpur,GOI,Goa,21:43,21:50,23:18,23:29,95,192,220,0.8727,Senior Citizen,7,11,On Time,,,4490,862080
FL04039,11-10-2024,Akasa Air,QP 349,Boeing 737 MAX 8,HYD,Hyderabad,PNQ,Pune,18:28,18:29,19:30,19:30,62,127,189,0.672,Senior Citizen,1,0,On Time,,,2520,320040
FL04426,11-10-2024,Air India,AI 302,Boeing 787-8,GOI,Goa,HYD,Hyderabad,20:49,20:53,22:09,22:11,80,226,256,0.8828,Business,4,2,On Time,,,3600,813600
FL00094,12-10-2024,Air India Express,IX 144,Boeing 737-8,HYD,Hyderabad,PNQ,Pune,20:21,20:45,21:26,21:38,65,123,189,0.6508,Business,24,12,Delayed,Crew,,2800,344400
FL01272,12-10-2024,IndiGo,6E 334,ATR 72,BLR,Bengaluru,HYD,Hyderabad,09:48,09:55,11:02,11:16,74,49,70,0.7,Leisure,7,14,On Time,,,2920,143080
FL02851,12-10-2024,Air India Express,IX 913,Boeing 737-800,CCU,Kolkata,LKO,Lucknow,19:43,19:50,21:31,21:32,108,147,180,0.8167,Business,7,1,On Time,,,4990,733530
FL03041,12-10-2024,SpiceJet,SG 789,Bombardier Q400,BOM,Mumbai,GOI,Goa,18:28,18:34,19:36,19:36,68,58,78,0.7436,Leisure,6,0,On Time,,,1960,113680
FL03524,12-10-2024,IndiGo,6E 730,Airbus A320neo,MAA,Chennai,BOM,Mumbai,13:59,15:25,15:54,17:20,115,142,180,0.7889,Business,86,86,Delayed,Other,,6050,859100
FL03669,12-10-2024,Air India Express,IX 317,Boeing 737-8,COK,Kochi,PNQ,Pune,13:45,13:50,15:45,15:55,120,141,189,0.746,Leisure,5,10,On Time,,,5150,726150
FL01712,13-10-2024,IndiGo,6E 715,ATR 72,JAI,Jaipur,LKO,Lucknow,19:50,21:49,21:11,23:27,81,63,70,0.9,Business,119,136,Delayed,Technical Issue,,2740,172620
FL02692,13-10-2024,Air India,AI 399,Airbus A320,MAA,Chennai,BLR,Bengaluru,09:21,11:08,10:09,11:58,48,161,174,0.9253,Leisure,107,109,Delayed,Air Traffic,,1920,309120
FL03690,13-10-2024,IndiGo,6E 865,ATR 72,GOI,Goa,CJB,Coimbatore,11:57,11:57,13:22,13:22,85,59,70,0.8429,Senior Citizen,0,0,On Time,,,3370,198830
FL04447,13-10-2024,Air India Express,IX 532,Boeing 737-800,CCU,Kolkata,GOI,Goa,20:55,21:57,23:51,03:26,176,124,180,0.6889,Family,62,215,Diverted,Crew,,8760,1086240
FL00379,14-10-2024,Air India,AI 224,Airbus A320,BLR,Bengaluru,HYD,Hyderabad,15:29,15:36,16:36,16:50,67,145,174,0.8333,Family,7,14,On Time,,,2920,423400
FL02486,14-10-2024,Air India Express,IX 795,Boeing 737-8,GOI,Goa,MAA,Chennai,09:30,09:37,11:02,11:08,92,137,189,0.7249,Business,7,6,On Time,,,3650,500050
FL02901,14-10-2024,IndiGo,6E 965,ATR 72,HYD,Hyderabad,PNQ,Pune,11:25,11:31,12:36,12:40,71,53,70,0.7571,Leisure,6,4,On Time,,,2590,137270
FL04144,14-10-2024,Akasa Air,QP 375,Boeing 737 MAX 8,PNQ,Pune,GOI,Goa,18:53,19:02,19:59,20:06,66,144,189,0.7619,Senior Citizen,9,7,On Time,,,1890,272160
FL00307,15-10-2024,Air India,AI 187,Airbus A321,CJB,Coimbatore,GAU,Guwahati,09:40,09:46,13:24,13:38,224,121,190,0.6368,Leisure,6,14,On Time,,,13950,1687950
FL00734,15-10-2024,SpiceJet,SG 295,Boeing 737-800,GAU,Guwahati,DEL,Delhi,15:47,15:55,18:19,18:30,152,150,189,0.7937,Business,8,11,On Time,,,8780,1317000
FL01214,15-10-2024,IndiGo,6E 276,Airbus A320neo,COK,Kochi,PNQ,Pune,10:23,11:05,12:16,13:07,113,141,180,0.7833,Leisure,42,51,Delayed,Crew,,4850,683850
FL02126,15-10-2024,Akasa Air,QP 669,Boeing 737 MAX 8,CJB,Coimbatore,LKO,Lucknow,15:27,15:30,18:30,18:30,183,149,189,0.7884,Business,3,0,On Time,,,9110,1357390
FL02313,15-10-2024,IndiGo,6E 419,Airbus A321neo,MAA,Chennai,DEL,Delhi,20:39,23:29,23:40,02:28,181,172,220,0.7818,Senior Citizen,170,168,Delayed,Air Traffic,,10230,1759560
FL02790,15-10-2024,IndiGo,6E 866,Airbus A321neo,BLR,Bengaluru,CCU,Kolkata,12:54,12:55,15:37,15:37,163,153,220,0.6955,Leisure,1,0,On Time,,,6730,1029690
FL04124,15-10-2024,Air India,AI 961,Airbus A320,HYD,Hyderabad,CCU,Kolkata,18:42,18:42,20:53,20:54,131,156,174,0.8966,Family,0,1,On Time,,,7860,1226160
FL04237,15-10-2024,SpiceJet,SG 276,Boeing 737-800,HYD,Hyderabad,PNQ,Pune,15:50,15:52,17:09,17:11,79,140,189,0.7407,Business,2,2,On Time,,,2780,389200
FL01424,16-10-2024,IndiGo,6E 466,Airbus A321neo,GOI,Goa,HYD,Hyderabad,08:02,08:04,09:16,09:20,74,169,220,0.7682,Business,2,4,On Time,,,2940,496860
FL02245,16-10-2024,Akasa Air,QP 711,Boeing 737 MAX 8,MAA,Chennai,PNQ,Pune,12:40,12:42,14:33,14:33,113,108,189,0.5714,Leisure,2,0,On Time,,,4410,476280
FL03576,16-10-2024,Akasa Air,QP 227,Boeing 737 MAX 8,CCU,Kolkata,HYD,Hyderabad,20:05,20:12,22:17,22:27,132,115,189,0.6085,Family,7,10,On Time,,,5500,632500
FL03914,16-10-2024,IndiGo,6E 221,Airbus A320neo,MAA,Chennai,DEL,Delhi,07:06,08:24,10:17,11:27,191,128,180,0.7111,Family,78,70,Delayed,Air Traffic,,9020,1154560
FL00047,17-10-2024,Air India Express,IX 123,Boeing 737-800,BLR,Bengaluru,MAA,Chennai,17:33,17:37,18:29,18:34,56,158,180,0.8778,Family,4,5,On Time,,,1800,284400
FL00533,17-10-2024,IndiGo,6E 564,Airbus A321neo,CCU,Kolkata,HYD,Hyderabad,11:58,12:00,14:13,14:15,135,184,220,0.8364,Student,2,2,On Time,,,6180,1137120
FL02249,17-10-2024,Air India,AI 211,Airbus A321,GOI,Goa,HYD,Hyderabad,15:28,15:28,16:41,16:41,73,147,190,0.7737,Family,0,0,On Time,,,3110,457170
FL02703,17-10-2024,Air India Express,IX 866,Boeing 737-8,CCU,Kolkata,NAG,Nagpur,05:35,05:38,07:40,07:43,125,129,189,0.6825,Business,3,3,On Time,,,4980,642420
FL03196,17-10-2024,Air India,AI 580,Boeing 787-8,CCU,Kolkata,HYD,Hyderabad,13:10,14:05,15:23,16:30,133,188,256,0.7344,Leisure,55,67,Delayed,Late Arrival of Aircraft,,7560,1421280
FL04879,17-10-2024,IndiGo,6E 962,Airbus A320neo,BOM,Mumbai,LKO,Lucknow,08:56,11:08,11:12,13:20,136,152,180,0.8444,Business,132,128,Delayed,Technical Issue,,6320,960640
FL04913,17-10-2024,Air India,AI 492,Airbus A321,LKO,Lucknow,JAI,Jaipur,14:35,14:39,15:59,16:08,84,119,190,0.6263,Leisure,4,9,On Time,,,2680,318920
FL01108,18-10-2024,Air India,AI 554,Airbus A320,BOM,Mumbai,MAA,Chennai,14:27,,16:19,,112,0,174,0,Leisure,0,0,Cancelled,,Operational Issue,6350,0
FL01300,18-10-2024,Air India Express,IX 464,Boeing 737-800,CJB,Coimbatore,BOM,Mumbai,08:47,08:48,10:44,10:44,117,178,180,0.9889,Senior Citizen,1,0,On Time,,,6080,1082240
FL02075,18-10-2024,Air India,AI 950,Airbus A321,GOI,Goa,CCU,Kolkata,14:11,14:13,17:05,17:06,174,159,190,0.8368,Senior Citizen,2,1,On Time,,,8130,1292670
FL03648,18-10-2024,Akasa Air,QP 245,Boeing 737 MAX 8,BLR,Bengaluru,COK,Kochi,17:24,17:32,18:20,18:24,56,133,189,0.7037,Leisure,8,4,On Time,,,2160,287280
FL04921,18-10-2024,Air India,AI 497,Airbus A320,BLR,Bengaluru,BOM,Mumbai,14:04,14:09,15:53,15:56,109,170,174,0.977,Family,5,3,On Time,,,6300,1071000
FL01287,19-10-2024,SpiceJet,SG 429,Boeing 737-800,CCU,Kolkata,DEL,Delhi,15:34,15:42,17:54,18:06,140,149,189,0.7884,Family,8,12,On Time,,,8490,1265010
FL01426,19-10-2024,Air India Express,IX 492,Boeing 737-800,DEL,Delhi,HYD,Hyderabad,14:10,15:54,16:36,18:22,146,132,180,0.7333,Business,104,106,Delayed,Security,,6430,848760
FL03098,19-10-2024,IndiGo,6E 340,Airbus A321neo,CCU,Kolkata,MAA,Chennai,09:40,09:42,12:14,12:18,154,166,220,0.7545,Family,2,4,On Time,,,7830,1299780
FL03587,19-10-2024,Air India,AI 726,Airbus A321,BOM,Mumbai,COK,Kochi,06:47,09:13,08:51,11:10,124,145,190,0.7632,Business,146,139,Delayed,Technical Issue,,6890,999050
FL03816,19-10-2024,SpiceJet,SG 962,Bombardier Q400,HYD,Hyderabad,BOM,Mumbai,12:29,12:38,13:50,14:00,81,77,78,0.9872,Leisure,9,10,On Time,,,3890,299530
FL03854,19-10-2024,IndiGo,6E 982,Airbus A320neo,COK,Kochi,PNQ,Pune,13:44,13:52,15:39,15:49,115,165,180,0.9167,Leisure,8,10,On Time,,,6980,1151700
FL04141,19-10-2024,Air India,AI 971,Airbus A321,MAA,Chennai,HYD,Hyderabad,19:33,19:42,20:46,20:56,73,153,190,0.8053,Family,9,10,On Time,,,3310,506430
FL00547,20-10-2024,Air India,AI 297,Airbus A320,CJB,Coimbatore,BLR,Bengaluru,19:01,19:02,19:48,19:49,47,141,174,0.8103,Senior Citizen,1,1,On Time,,,1800,253800
FL00676,20-10-2024,Air India,AI 359,Boeing 787-8,GAU,Guwahati,HYD,Hyderabad,11:34,12:06,14:27,14:54,173,152,256,0.5938,Business,32,27,Delayed,Other,,9620,1462240
FL01006,20-10-2024,IndiGo,6E 897,Airbus A320neo,MAA,Chennai,CJB,Coimbatore,12:39,,13:46,,67,0,180,0,Leisure,0,0,Cancelled,,Operational Issue,2050,0
FL01192,20-10-2024,IndiGo,6E 255,ATR 72,BOM,Mumbai,COK,Kochi,16:44,16:46,18:49,18:49,125,56,70,0.8,Leisure,2,0,On Time,,,6860,384160
FL01311,20-10-2024,IndiGo,6E 371,Airbus A321neo,BOM,Mumbai,AMD,Ahmedabad,20:53,20:57,21:59,21:59,66,154,220,0.7,Family,4,0,On Time,,,2710,417340
FL01546,20-10-2024,Air India Express,IX 522,Boeing 737-8,JAI,Jaipur,CCU,Kolkata,13:26,13:27,15:51,15:53,145,156,189,0.8254,Leisure,1,2,On Time,,,7850,1224600
FL02081,20-10-2024,SpiceJet,SG 582,Bombardier Q400,GOI,Goa,PNQ,Pune,08:55,09:59,10:00,11:15,65,56,78,0.7179,Business,64,75,Delayed,Crew,,1800,100800
FL02163,20-10-2024,IndiGo,6E 297,Airbus A320neo,COK,Kochi,BLR,Bengaluru,10:38,10:40,11:40,11:47,62,142,180,0.7889,Leisure,2,7,On Time,,,2020,286840
FL02699,20-10-2024,Akasa Air,QP 810,Boeing 737 MAX 8,BOM,Mumbai,HYD,Hyderabad,17:28,17:36,18:48,18:53,80,167,189,0.8836,Leisure,8,5,On Time,,,4050,676350
FL03021,20-10-2024,SpiceJet,SG 784,Bombardier Q400,BLR,Bengaluru,DEL,Delhi,08:27,08:34,11:24,11:26,177,62,78,0.7949,Leisure,7,2,On Time,,,9280,575360
FL03350,20-10-2024,Air India Express,IX 239,Boeing 737-800,DEL,Delhi,PNQ,Pune,09:43,09:49,11:48,11:55,125,127,180,0.7056,Business,6,7,On Time,,,5240,665480
FL03499,20-10-2024,IndiGo,6E 709,Airbus A321neo,COK,Kochi,DEL,Delhi,18:40,18:42,22:00,22:02,200,162,220,0.7364,Leisure,2,2,On Time,,,10730,1738260
FL04036,20-10-2024,Air India Express,IX 420,Boeing 737-8,BLR,Bengaluru,CJB,Coimbatore,14:56,14:57,15:53,15:58,57,147,189,0.7778,Business,1,5,On Time,,,1800,264600
FL04071,20-10-2024,Air India Express,IX 427,Boeing 737-800,BLR,Bengaluru,HYD,Hyderabad,15:04,15:10,16:03,16:12,59,178,180,0.9889,Leisure,6,9,On Time,,,2580,459240
FL00276,21-10-2024,IndiGo,6E 365,Airbus A320neo,GOI,Goa,DEL,Delhi,16:37,16:40,19:21,19:21,164,87,180,0.4833,Leisure,3,0,On Time,,,7070,615090
FL00739,21-10-2024,Air India Express,IX 307,Boeing 737-800,GAU,Guwahati,PNQ,Pune,14:08,14:09,17:28,17:28,200,105,180,0.5833,Business,1,0,On Time,,,10580,1110900
FL00877,21-10-2024,IndiGo,6E 813,Airbus A321neo,COK,Kochi,GOI,Goa,08:18,08:18,09:43,09:44,85,151,220,0.6864,Business,0,1,On Time,,,3380,510380
FL00887,21-10-2024,Air India,AI 459,Airbus A321,BLR,Bengaluru,PNQ,Pune,06:53,06:54,08:30,08:35,97,122,190,0.6421,Business,1,5,On Time,,,3840,468480
FL01171,21-10-2024,IndiGo,6E 239,Airbus A320neo,CJB,Coimbatore,MAA,Chennai,12:33,12:33,13:45,13:46,72,125,180,0.6944,Student,0,1,On Time,,,2010,251250
FL02026,21-10-2024,Air India,AI 926,Airbus A321,CCU,Kolkata,HYD,Hyderabad,15:08,15:09,17:12,17:13,124,152,190,0.8,Business,1,1,On Time,,,6270,953040
FL02657,21-10-2024,IndiGo,6E 739,Airbus A321neo,GOI,Goa,MAA,Chennai,14:54,14:58,16:37,16:45,103,162,220,0.7364,Leisure,4,8,On Time,,,3500,567000
FL02663,21-10-2024,Air India,AI 388,Boeing 787-8,PNQ,Pune,MAA,Chennai,15:05,15:14,16:48,17:02,103,174,256,0.6797,Student,9,14,On Time,,,5350,930900
FL02729,21-10-2024,Air India,AI 408,Airbus A320,COK,Kochi,AMD,Ahmedabad,19:10,19:19,21:48,21:48,158,109,174,0.6264,Business,9,0,On Time,,,7690,838210
FL04889,21-10-2024,Akasa Air,QP 571,Boeing 737 MAX 8,DEL,Delhi,CCU,Kolkata,05:45,05:52,08:06,08:15,141,120,189,0.6349,Student,7,9,On Time,,,7070,848400
FL00847,22-10-2024,Air India Express,IX 343,Boeing 737-8,NAG,Nagpur,MAA,Chennai,20:24,20:31,22:14,22:23,110,128,189,0.6772,Family,7,9,On Time,,,3960,506880
FL01625,22-10-2024,Akasa Air,QP 542,Boeing 737 MAX 8,DEL,Delhi,BLR,Bengaluru,19:39,19:45,22:27,22:36,168,138,189,0.7302,Student,6,9,On Time,,,7710,1063980
FL01690,22-10-2024,Air India Express,IX 562,Boeing 737-8,MAA,Chennai,AMD,Ahmedabad,20:49,23:26,23:14,02:06,145,123,189,0.6508,Family,157,172,Delayed,Crew,,6880,846240
FL02566,22-10-2024,IndiGo,6E 668,Airbus A321neo,LKO,Lucknow,PNQ,Pune,05:41,05:50,07:44,07:48,123,143,220,0.65,Family,9,4,On Time,,,6120,875160
FL03915,22-10-2024,SpiceJet,SG 990,Boeing 737-800,MAA,Chennai,BLR,Bengaluru,13:58,14:07,14:56,15:05,58,154,189,0.8148,Senior Citizen,9,9,On Time,,,1800,277200
FL03960,22-10-2024,IndiGo,6E 241,ATR 72,COK,Kochi,CJB,Coimbatore,19:44,19:49,20:29,20:31,45,50,70,0.7143,Family,5,2,On Time,,,1800,90000
FL04059,22-10-2024,IndiGo,6E 313,Airbus A321neo,DEL,Delhi,MAA,Chennai,21:23,21:24,00:25,00:30,182,217,220,0.9864,Family,1,5,On Time,,,10510,2280670
FL04845,22-10-2024,IndiGo,6E 933,Airbus A320neo,BLR,Bengaluru,HYD,Hyderabad,08:35,09:40,09:39,10:47,64,131,180,0.7278,Leisure,65,68,Delayed,Technical Issue,,2230,292130
FL00660,23-10-2024,Air India,AI 357,Airbus A320,AMD,Ahmedabad,JAI,Jaipur,20:53,20:59,22:19,22:28,86,110,174,0.6322,Student,6,9,On Time,,,2700,297000
FL00833,23-10-2024,IndiGo,6E 779,ATR 72,HYD,Hyderabad,MAA,Chennai,10:04,10:11,11:06,11:13,62,52,70,0.7429,Student,7,7,On Time,,,3010,156520
FL01400,23-10-2024,SpiceJet,SG 456,Boeing 737-800,GOI,Goa,AMD,Ahmedabad,14:30,14:35,16:11,16:19,101,137,189,0.7249,Leisure,5,8,On Time,,,4320,591840
FL01730,23-10-2024,IndiGo,6E 731,Airbus A320neo,COK,Kochi,HYD,Hyderabad,14:05,14:09,15:47,15:51,102,174,180,0.9667,Family,4,4,On Time,,,5190,903060
FL02662,23-10-2024,IndiGo,6E 745,Airbus A320neo,CJB,Coimbatore,AMD,Ahmedabad,08:22,08:31,10:50,11:00,148,138,180,0.7667,Family,9,10,On Time,,,7180,990840
FL04164,23-10-2024,Air India Express,IX 453,Boeing 737-8,COK,Kochi,HYD,Hyderabad,11:16,11:21,12:51,12:51,95,124,189,0.6561,Leisure,5,0,On Time,,,3600,446400
FL04320,23-10-2024,Air India,AI 256,Boeing 787-8,BOM,Mumbai,BLR,Bengaluru,21:22,21:31,22:54,23:00,92,188,256,0.7344,Business,9,6,On Time,,,4730,889240
FL04506,23-10-2024,Air India Express,IX 558,Boeing 737-800,PNQ,Pune,BOM,Mumbai,18:53,19:52,19:38,20:29,45,119,180,0.6611,Leisure,59,51,Delayed,Weather,,1800,214200
FL04600,23-10-2024,Air India Express,IX 582,Boeing 737-800,CCU,Kolkata,GOI,Goa,10:48,10:56,13:42,13:51,174,140,180,0.7778,Leisure,8,9,On Time,,,8290,1160600
FL04772,23-10-2024,Air India Express,IX 641,Boeing 737-8,AMD,Ahmedabad,JAI,Jaipur,17:45,17:53,18:54,19:01,69,145,189,0.7672,Family,8,7,On Time,,,2260,327700
FL00220,24-10-2024,Air India Express,IX 175,Boeing 737-800,BOM,Mumbai,MAA,Chennai,19:02,21:38,21:04,23:29,122,115,180,0.6389,Senior Citizen,156,145,Delayed,Ground Operations,,4410,507150
FL00584,24-10-2024,Air India,AI 318,Boeing 787-8,AMD,Ahmedabad,HYD,Hyderabad,13:42,,15:27,,105,0,256,0,Family,0,0,Cancelled,,Operational Issue,4660,0
FL01187,24-10-2024,SpiceJet,SG 423,Boeing 737-800,AMD,Ahmedabad,HYD,Hyderabad,16:53,16:59,18:38,18:48,105,154,189,0.8148,Leisure,6,10,On Time,,,4350,669900
FL01273,24-10-2024,SpiceJet,SG 428,Boeing 737-800,COK,Kochi,CCU,Kolkata,14:01,14:09,17:11,17:20,190,139,189,0.7354,Student,8,9,On Time,,,10650,1480350
FL02673,24-10-2024,IndiGo,6E 757,Airbus A321neo,NAG,Nagpur,HYD,Hyderabad,17:36,18:16,18:42,21:43,66,141,220,0.6409,Senior Citizen,40,181,Diverted,Ground Operations,,2100,296100
FL00978,25-10-2024,IndiGo,6E 876,Airbus A321neo,HYD,Hyderabad,CCU,Kolkata,12:40,12:43,14:48,14:49,128,168,220,0.7636,Leisure,3,1,On Time,,,6480,1088640
FL01067,25-10-2024,SpiceJet,SG 393,Boeing 737-800,MAA,Chennai,JAI,Jaipur,17:41,17:48,20:29,20:38,168,139,189,0.7354,Leisure,7,9,On Time,,,9220,1281580
FL01070,25-10-2024,IndiGo,6E 941,Airbus A320neo,BOM,Mumbai,COK,Kochi,07:23,07:25,09:16,09:16,113,159,180,0.8833,Family,2,0,On Time,,,6530,1038270
FL01659,25-10-2024,IndiGo,6E 681,ATR 72,GOI,Goa,HYD,Hyderabad,05:46,05:54,07:02,07:10,76,59,70,0.8429,Leisure,8,8,On Time,,,3240,191160
FL03898,25-10-2024,IndiGo,6E 209,Airbus A321neo,HYD,Hyderabad,DEL,Delhi,08:25,08:27,10:51,10:55,146,172,220,0.7818,Leisure,2,4,On Time,,,6890,1185080
FL04695,25-10-2024,Akasa Air,QP 512,Boeing 737 MAX 8,CCU,Kolkata,GAU,Guwahati,10:24,10:25,11:33,11:34,69,156,189,0.8254,Family,1,1,On Time,,,2860,446160
FL04697,25-10-2024,IndiGo,6E 814,Airbus A320neo,MAA,Chennai,PNQ,Pune,10:04,10:09,12:02,12:05,118,124,180,0.6889,Senior Citizen,5,3,On Time,,,5160,639840
FL00651,26-10-2024,Air India Express,IX 285,Boeing 737-8,LKO,Lucknow,PNQ,Pune,14:26,14:33,16:38,16:49,132,124,189,0.6561,Family,7,11,On Time,,,5830,722920
FL01262,26-10-2024,Akasa Air,QP 437,Boeing 737 MAX 8,BOM,Mumbai,COK,Kochi,08:24,08:33,10:32,10:41,128,172,189,0.9101,Leisure,9,9,On Time,,,6190,1064680
FL01583,26-10-2024,IndiGo,6E 606,Airbus A321neo,AMD,Ahmedabad,LKO,Lucknow,19:34,19:41,21:15,21:25,101,182,220,0.8273,Business,7,10,On Time,,,5640,1026480
FL01656,26-10-2024,Air India,AI 781,Boeing 787-8,HYD,Hyderabad,GOI,Goa,07:33,07:37,08:50,08:59,77,196,256,0.7656,Business,4,9,On Time,,,2810,550760
FL02492,26-10-2024,IndiGo,6E 592,Airbus A321neo,CJB,Coimbatore,NAG,Nagpur,13:19,13:24,15:33,15:39,134,173,220,0.7864,Leisure,5,6,On Time,,,7530,1302690
FL02878,26-10-2024,IndiGo,6E 941,Airbus A321neo,GOI,Goa,BLR,Bengaluru,20:17,20:24,21:32,21:40,75,184,220,0.8364,Family,7,8,On Time,,,3130,575920
FL03583,26-10-2024,Air India Express,IX 289,Boeing 737-8,CCU,Kolkata,PNQ,Pune,20:55,21:00,23:43,23:49,168,123,189,0.6508,Family,5,6,On Time,,,7500,922500
FL04826,26-10-2024,Akasa Air,QP 553,Boeing 737 MAX 8,DEL,Delhi,PNQ,Pune,16:06,16:11,18:14,18:17,128,136,189,0.7196,Leisure,5,3,On Time,,,6400,870400
FL01030,27-10-2024,SpiceJet,SG 382,Boeing 737-800,BOM,Mumbai,JAI,Jaipur,07:34,07:34,09:31,09:34,117,146,189,0.7725,Family,0,3,On Time,,,4930,719780
FL01594,27-10-2024,Air India Express,IX 531,Boeing 737-800,GOI,Goa,COK,Kochi,19:16,19:57,20:32,21:12,76,107,180,0.5944,Student,41,40,Delayed,Ground Operations,,3020,323140
FL01637,27-10-2024,Akasa Air,QP 544,Boeing 737 MAX 8,BOM,Mumbai,MAA,Chennai,19:00,19:09,21:06,21:06,126,156,189,0.8254,Family,9,0,On Time,,,5640,879840
FL02323,27-10-2024,IndiGo,6E 427,Airbus A321neo,HYD,Hyderabad,NAG,Nagpur,10:45,10:45,11:44,11:44,59,156,220,0.7091,Family,0,0,On Time,,,2430,379080
FL02590,27-10-2024,Akasa Air,QP 782,Boeing 737 MAX 8,MAA,Chennai,HYD,Hyderabad,13:17,13:24,14:22,14:34,65,149,189,0.7884,Leisure,7,12,On Time,,,2490,371010
FL03424,27-10-2024,Air India,AI 664,Boeing 787-8,CJB,Coimbatore,BOM,Mumbai,19:48,19:57,21:46,21:56,118,220,256,0.8594,Leisure,9,10,On Time,,,6730,1480600
FL04296,27-10-2024,SpiceJet,SG 288,Bombardier Q400,HYD,Hyderabad,NAG,Nagpur,14:14,16:34,15:23,17:45,69,70,78,0.8974,Senior Citizen,140,142,Delayed,Weather,,2330,163100
FL00471,28-10-2024,IndiGo,6E 521,Airbus A321neo,PNQ,Pune,BOM,Mumbai,17:56,17:59,18:41,18:44,45,157,220,0.7136,Senior Citizen,3,3,On Time,,,1800,282600
FL00933,28-10-2024,Air India Express,IX 368,Boeing 737-8,HYD,Hyderabad,BOM,Mumbai,13:01,15:43,14:26,16:57,85,141,189,0.746,Family,162,151,Delayed,Late Arrival of Aircraft,,3190,449790
FL01373,28-10-2024,IndiGo,6E 428,Airbus A321neo,CJB,Coimbatore,BLR,Bengaluru,21:19,21:20,22:10,22:10,51,154,220,0.7,Leisure,1,0,On Time,,,1800,277200
FL02448,28-10-2024,Air India,AI 291,Airbus A321,HYD,Hyderabad,AMD,Ahmedabad,16:49,16:53,18:37,18:45,108,125,190,0.6579,Senior Citizen,4,8,On Time,,,4750,593750
FL04168,28-10-2024,Akasa Air,QP 384,Boeing 737 MAX 8,BOM,Mumbai,MAA,Chennai,20:53,20:56,22:55,23:06,122,159,189,0.8413,Senior Citizen,3,11,On Time,,,6810,1082790
FL04277,28-10-2024,Air India Express,IX 481,Boeing 737-8,JAI,Jaipur,LKO,Lucknow,09:42,09:49,10:58,11:05,76,148,189,0.7831,Student,7,7,On Time,,,3290,486920
FL00082,29-10-2024,IndiGo,6E 173,Airbus A321neo,COK,Kochi,HYD,Hyderabad,05:18,05:21,06:51,06:57,93,141,220,0.6409,Student,3,6,On Time,,,3740,527340
FL03327,29-10-2024,SpiceJet,SG 860,Bombardier Q400,AMD,Ahmedabad,BOM,Mumbai,18:43,18:52,19:53,20:01,70,64,78,0.8205,Student,9,8,On Time,,,2290,146560
FL00670,30-10-2024,IndiGo,6E 656,Airbus A321neo,JAI,Jaipur,BOM,Mumbai,11:10,11:14,13:05,13:09,115,167,220,0.7591,Leisure,4,4,On Time,,,4900,818300
FL01571,30-10-2024,Akasa Air,QP 524,Boeing 737 MAX 8,AMD,Ahmedabad,BOM,Mumbai,14:07,14:57,15:23,16:11,76,132,189,0.6984,Business,50,48,Delayed,Ground Operations,,2250,297000
FL02598,30-10-2024,Air India,AI 363,Airbus A320,AMD,Ahmedabad,BOM,Mumbai,12:41,15:26,13:53,16:43,72,122,174,0.7011,Family,165,170,Delayed,Ground Operations,,2190,267180
FL04076,30-10-2024,IndiGo,6E 322,Airbus A321neo,BOM,Mumbai,MAA,Chennai,18:29,18:31,20:27,20:31,118,193,220,0.8773,Family,2,4,On Time,,,5500,1061500
FL04920,30-10-2024,Air India,AI 494,Airbus A320,LKO,Lucknow,JAI,Jaipur,16:02,16:09,17:11,17:19,69,126,174,0.7241,Senior Citizen,7,8,On Time,,,2820,355320
FL00072,31-10-2024,SpiceJet,SG 126,Bombardier Q400,HYD,Hyderabad,CCU,Kolkata,17:53,18:02,20:07,20:21,134,51,78,0.6538,Leisure,9,14,On Time,,,5620,286620
FL00481,31-10-2024,SpiceJet,SG 232,Bombardier Q400,DEL,Delhi,HYD,Hyderabad,16:24,16:30,18:45,18:53,141,75,78,0.9615,Family,6,8,On Time,,,6640,498000
FL00844,31-10-2024,Akasa Air,QP 335,Boeing 737 MAX 8,COK,Kochi,BLR,Bengaluru,17:42,20:21,18:35,21:11,53,155,189,0.8201,Leisure,159,156,Delayed,Weather,,1930,299150
FL00881,31-10-2024,IndiGo,6E 817,Airbus A320neo,HYD,Hyderabad,BOM,Mumbai,05:00,05:07,06:23,06:31,83,148,180,0.8222,Leisure,7,8,On Time,,,3820,565360
FL01038,31-10-2024,Air India,AI 534,Airbus A321,BLR,Bengaluru,GAU,Guwahati,16:32,17:21,19:56,20:54,204,140,190,0.7368,Business,49,58,Delayed,Technical Issue,,11720,1640800
FL01282,31-10-2024,Air India,AI 615,Airbus A321,BLR,Bengaluru,GOI,Goa,11:35,11:39,12:47,12:47,72,152,190,0.8,Leisure,4,0,On Time,,,3220,489440
FL01809,31-10-2024,IndiGo,6E 800,Airbus A320neo,MAA,Chennai,BLR,Bengaluru,20:13,20:15,21:03,21:04,50,130,180,0.7222,Leisure,2,1,On Time,,,1800,234000
FL01883,31-10-2024,Air India,AI 878,Airbus A320,HYD,Hyderabad,CJB,Coimbatore,20:17,20:18,21:50,21:54,93,123,174,0.7069,Family,1,4,On Time,,,3840,472320
FL04666,31-10-2024,Air India,AI 375,Boeing 787-8,AMD,Ahmedabad,GOI,Goa,17:23,17:30,19:11,19:17,108,189,256,0.7383,Student,7,6,On Time,,,4550,859950
FL04807,31-10-2024,Air India,AI 433,Boeing 787-8,PNQ,Pune,CJB,Coimbatore,09:50,09:52,11:41,11:48,111,188,256,0.7344,Leisure,2,7,On Time,,,5290,994520
FL01096,01-11-2024,Akasa Air,QP 394,Boeing 737 MAX 8,HYD,Hyderabad,GOI,Goa,05:28,05:33,06:36,06:45,68,156,189,0.8254,Business,5,9,On Time,,,3060,477360
FL01630,01-11-2024,Air India Express,IX 541,Boeing 737-800,AMD,Ahmedabad,BOM,Mumbai,19:44,21:59,20:51,22:49,67,114,180,0.6333,Leisure,135,118,Delayed,Air Traffic,,2300,262200
FL02724,01-11-2024,SpiceJet,SG 713,Bombardier Q400,HYD,Hyderabad,CJB,Coimbatore,12:15,14:51,14:02,16:39,107,69,78,0.8846,Senior Citizen,156,157,Delayed,Late Arrival of Aircraft,,4210,290490
FL02867,01-11-2024,IndiGo,6E 929,Airbus A320neo,DEL,Delhi,BLR,Bengaluru,10:11,10:20,13:04,13:16,173,139,180,0.7722,Leisure,9,12,On Time,,,10840,1506760
FL03067,01-11-2024,Akasa Air,QP 901,Boeing 737 MAX 8,BOM,Mumbai,MAA,Chennai,10:07,10:12,12:12,12:12,125,151,189,0.7989,Student,5,0,On Time,,,5790,874290
FL03474,01-11-2024,IndiGo,6E 685,Airbus A320neo,DEL,Delhi,HYD,Hyderabad,11:53,11:54,14:04,14:09,131,161,180,0.8944,Leisure,1,5,On Time,,,8450,1360450
FL04730,01-11-2024,Air India,AI 401,Airbus A320,NAG,Nagpur,HYD,Hyderabad,11:34,11:34,12:40,12:40,66,122,174,0.7011,Business,0,0,On Time,,,2760,336720
FL00248,02-11-2024,IndiGo,6E 332,Airbus A320neo,BLR,Bengaluru,BOM,Mumbai,12:57,13:29,14:40,15:09,103,156,180,0.8667,Leisure,32,29,Delayed,Late Arrival of Aircraft,,4860,758160
FL00480,02-11-2024,SpiceJet,SG 231,Boeing 737-800,CJB,Coimbatore,NAG,Nagpur,05:50,05:56,07:48,08:00,118,145,189,0.7672,Leisure,6,12,On Time,,,6290,912050
FL00626,02-11-2024,Air India Express,IX 276,Boeing 737-800,COK,Kochi,GOI,Goa,14:15,,15:34,,79,0,180,0,Leisure,0,0,Cancelled,,Operational Issue,4160,0
FL01636,02-11-2024,Air India,AI 766,Boeing 787-8,BLR,Bengaluru,AMD,Ahmedabad,21:08,21:12,23:15,23:19,127,168,256,0.6562,Leisure,4,4,On Time,,,7020,1179360
FL01708,02-11-2024,IndiGo,6E 714,Airbus A320neo,CCU,Kolkata,COK,Kochi,21:12,21:13,00:21,00:21,189,160,180,0.8889,Family,1,0,On Time,,,12790,2046400
FL01849,02-11-2024,IndiGo,6E 828,Airbus A320neo,BLR,Bengaluru,BOM,Mumbai,13:49,13:54,15:22,15:28,93,158,180,0.8778,Business,5,6,On Time,,,5060,799480
FL02601,02-11-2024,Air India Express,IX 836,Boeing 737-8,CJB,Coimbatore,GAU,Guwahati,14:16,14:36,18:01,18:11,225,175,189,0.9259,Senior Citizen,20,10,Delayed,Late Arrival of Aircraft,,12210,2136750
FL03876,02-11-2024,IndiGo,6E 994,Airbus A321neo,HYD,Hyderabad,BOM,Mumbai,05:12,05:17,06:34,06:40,82,176,220,0.8,Leisure,5,6,On Time,,,3490,614240
FL04507,02-11-2024,Akasa Air,QP 468,Boeing 737 MAX 8,COK,Kochi,BLR,Bengaluru,15:17,15:17,16:27,16:27,70,155,189,0.8201,Leisure,0,0,On Time,,,2320,359600
FL04825,02-11-2024,Air India,AI 444,Airbus A320,HYD,Hyderabad,LKO,Lucknow,07:22,07:22,09:27,09:27,125,152,174,0.8736,Business,0,0,On Time,,,6670,1013840
FL04976,02-11-2024,Air India Express,IX 677,Boeing 737-8,BOM,Mumbai,HYD,Hyderabad,19:17,19:20,20:46,20:46,89,177,189,0.9365,Leisure,3,0,On Time,,,3490,617730
FL00792,03-11-2024,Akasa Air,QP 326,Boeing 737 MAX 8,PNQ,Pune,CJB,Coimbatore,08:59,08:59,10:45,10:45,106,135,189,0.7143,Leisure,0,0,On Time,,,4720,637200
FL00944,03-11-2024,Air India,AI 486,Airbus A320,GOI,Goa,JAI,Jaipur,10:11,10:20,12:38,12:51,147,135,174,0.7759,Business,9,13,On Time,,,7830,1057050
FL01943,03-11-2024,IndiGo,6E 900,Airbus A321neo,CCU,Kolkata,GAU,Guwahati,13:27,13:30,14:35,14:40,68,165,220,0.75,Family,3,5,On Time,,,2870,473550
FL02159,03-11-2024,IndiGo,6E 292,Airbus A321neo,BLR,Bengaluru,DEL,Delhi,06:19,06:22,09:20,09:20,181,199,220,0.9045,Leisure,3,0,On Time,,,9950,1980050
FL02177,03-11-2024,Air India,AI 991,Airbus A321,BOM,Mumbai,HYD,Hyderabad,17:27,17:28,18:50,19:01,83,150,190,0.7895,Senior Citizen,1,11,On Time,,,4120,618000
FL03501,03-11-2024,Akasa Air,QP 203,Boeing 737 MAX 8,DEL,Delhi,HYD,Hyderabad,11:46,11:55,14:03,14:15,137,172,189,0.9101,Senior Citizen,9,12,On Time,,,7740,1331280
FL03833,03-11-2024,Air India,AI 838,Airbus A321,BOM,Mumbai,DEL,Delhi,21:58,22:01,00:08,00:17,130,150,190,0.7895,Business,3,9,On Time,,,7520,1128000
FL04522,03-11-2024,IndiGo,6E 681,ATR 72,PNQ,Pune,BOM,Mumbai,08:40,08:44,09:25,09:39,45,65,70,0.9286,Leisure,4,14,On Time,,,1800,117000
FL04828,03-11-2024,IndiGo,6E 915,Airbus A320neo,MAA,Chennai,NAG,Nagpur,10:47,10:47,12:30,12:30,103,123,180,0.6833,Student,0,0,On Time,,,4770,586710
FL02015,04-11-2024,IndiGo,6E 971,Airbus A320neo,BLR,Bengaluru,COK,Kochi,13:00,13:02,14:05,14:07,65,131,180,0.7278,Senior Citizen,2,2,On Time,,,2110,276410
FL02861,04-11-2024,Air India,AI 449,Airbus A320,COK,Kochi,NAG,Nagpur,21:23,23:31,23:32,01:43,129,102,174,0.5862,Student,128,131,Delayed,Technical Issue,,6250,637500
FL02865,04-11-2024,Air India,AI 450,Boeing 787-8,AMD,Ahmedabad,JAI,Jaipur,14:54,14:56,16:14,16:14,80,189,256,0.7383,Business,2,0,On Time,,,2810,531090
FL03799,04-11-2024,IndiGo,6E 949,Airbus A321neo,BOM,Mumbai,COK,Kochi,17:06,17:12,19:09,19:14,123,167,220,0.7591,Business,6,5,On Time,,,5390,900130
FL04462,04-11-2024,Air India,AI 312,Airbus A320,DEL,Delhi,HYD,Hyderabad,20:23,20:27,22:47,22:53,144,166,174,0.954,Business,4,6,On Time,,,8680,1440880
FL04757,04-11-2024,IndiGo,6E 859,Airbus A320neo,AMD,Ahmedabad,GAU,Guwahati,15:43,15:52,19:02,19:15,199,138,180,0.7667,Family,9,13,On Time,,,11160,1540080
FL00124,05-11-2024,IndiGo,6E 214,Airbus A320neo,CCU,Kolkata,CJB,Coimbatore,11:53,11:56,14:57,14:57,184,119,180,0.6611,Leisure,3,0,On Time,,,10340,1230460
FL00286,05-11-2024,IndiGo,6E 371,Airbus A321neo,BOM,Mumbai,HYD,Hyderabad,15:52,15:58,17:20,17:24,88,174,220,0.7909,Leisure,6,4,On Time,,,3820,664680
FL00312,05-11-2024,Air India,AI 189,Airbus A321,BLR,Bengaluru,COK,Kochi,11:22,11:22,12:23,12:23,61,139,190,0.7316,Senior Citizen,0,0,On Time,,,2190,304410
FL00740,05-11-2024,IndiGo,6E 702,ATR 72,HYD,Hyderabad,GOI,Goa,14:54,15:02,16:11,16:18,77,52,70,0.7429,Leisure,8,7,On Time,,,2680,139360
FL01145,05-11-2024,IndiGo,6E 209,Airbus A320neo,COK,Kochi,GAU,Guwahati,16:17,16:25,20:10,20:21,233,136,180,0.7556,Family,8,11,On Time,,,13250,1802000
FL02223,05-11-2024,Air India Express,IX 722,Boeing 737-800,CCU,Kolkata,HYD,Hyderabad,05:30,,07:52,,142,0,180,0,Business,0,0,Cancelled,,Operational Issue,5530,0
FL02413,05-11-2024,SpiceJet,SG 658,Boeing 737-800,BOM,Mumbai,DEL,Delhi,11:31,11:31,13:41,13:41,130,140,189,0.7407,Student,0,0,On Time,,,6240,873600
FL03206,05-11-2024,Air India,AI 582,Airbus A321,HYD,Hyderabad,AMD,Ahmedabad,16:33,16:34,18:21,18:21,108,111,190,0.5842,Family,1,0,On Time,,,4230,469530
FL03634,05-11-2024,IndiGo,6E 815,Airbus A321neo,PNQ,Pune,BLR,Bengaluru,20:28,20:30,22:00,22:06,92,149,220,0.6773,Leisure,2,6,On Time,,,3650,543850
FL04150,05-11-2024,Akasa Air,QP 378,Boeing 737 MAX 8,BOM,Mumbai,HYD,Hyderabad,05:37,05:43,06:58,07:05,81,127,189,0.672,Student,6,7,On Time,,,3250,412750
FL04655,05-11-2024,IndiGo,6E 783,Airbus A320neo,JAI,Jaipur,LKO,Lucknow,18:48,18:56,19:56,20:00,68,114,180,0.6333,Senior Citizen,8,4,On Time,,,2560,291840
FL00486,06-11-2024,Air India Express,IX 250,Boeing 737-8,GAU,Guwahati,COK,Kochi,07:28,07:33,11:27,11:39,239,139,189,0.7354,Leisure,5,12,On Time,,,10300,1431700
FL01349,06-11-2024,Air India,AI 653,Airbus A320,MAA,Chennai,NAG,Nagpur,10:59,12:24,12:43,13:49,104,109,174,0.6264,Business,85,66,Delayed,Air Traffic,,5190,565710
FL01962,06-11-2024,IndiGo,6E 913,Airbus A320neo,BOM,Mumbai,LKO,Lucknow,15:48,15:56,17:56,18:10,128,132,180,0.7333,Student,8,14,On Time,,,6680,881760
FL02171,06-11-2024,Air India,AI 987,Boeing 787-8,CCU,Kolkata,DEL,Delhi,06:16,06:16,08:36,08:36,140,196,256,0.7656,Leisure,0,0,On Time,,,6850,1342600
FL02946,06-11-2024,Air India,AI 478,Airbus A321,BLR,Bengaluru,COK,Kochi,16:32,16:35,17:36,17:37,64,133,190,0.7,Family,3,1,On Time,,,1940,258020
FL03658,06-11-2024,Air India,AI 754,Boeing 787-8,MAA,Chennai,GAU,Guwahati,16:52,16:57,20:01,20:03,189,201,256,0.7852,Family,5,2,On Time,,,10540,2118540
FL00232,07-11-2024,Akasa Air,QP 146,Boeing 737 MAX 8,GAU,Guwahati,AMD,Ahmedabad,21:36,21:36,00:52,00:54,196,151,189,0.7989,Leisure,0,2,On Time,,,9090,1372590
FL00366,07-11-2024,IndiGo,6E 425,Airbus A320neo,NAG,Nagpur,AMD,Ahmedabad,05:36,05:43,06:59,07:07,83,93,180,0.5167,Student,7,8,On Time,,,3190,296670
FL00839,07-11-2024,IndiGo,6E 789,Airbus A320neo,MAA,Chennai,AMD,Ahmedabad,07:18,07:26,09:42,09:50,144,144,180,0.8,Family,8,8,On Time,,,8180,1177920
FL01035,07-11-2024,Akasa Air,QP 384,Boeing 737 MAX 8,CJB,Coimbatore,GOI,Goa,20:59,21:02,22:18,22:19,79,141,189,0.746,Leisure,3,1,On Time,,,3470,489270
FL01210,07-11-2024,IndiGo,6E 271,Airbus A320neo,JAI,Jaipur,CCU,Kolkata,09:02,09:46,11:24,12:10,142,111,180,0.6167,Business,44,46,Delayed,Air Traffic,,6040,670440
FL02368,07-11-2024,IndiGo,6E 471,ATR 72,GOI,Goa,HYD,Hyderabad,14:47,14:56,16:08,16:16,81,34,70,0.4857,Senior Citizen,9,8,On Time,,,2450,83300
FL02512,07-11-2024,IndiGo,6E 608,Airbus A320neo,CCU,Kolkata,JAI,Jaipur,19:45,19:48,22:11,22:11,146,164,180,0.9111,Leisure,3,0,On Time,,,8390,1375960
FL03880,07-11-2024,IndiGo,6E 998,Airbus A321neo,MAA,Chennai,GAU,Guwahati,16:37,16:42,19:53,19:58,196,121,220,0.55,Leisure,5,5,On Time,,,9170,1109570
FL04073,07-11-2024,Air India,AI 934,Airbus A320,PNQ,Pune,COK,Kochi,13:28,13:31,15:07,15:10,99,137,174,0.7874,Leisure,3,3,On Time,,,5340,731580
FL00687,08-11-2024,Akasa Air,QP 288,Boeing 737 MAX 8,DEL,Delhi,JAI,Jaipur,07:57,08:03,08:47,08:54,50,149,189,0.7884,Business,6,7,On Time,,,1800,268200
FL02034,08-11-2024,IndiGo,6E 986,Airbus A321neo,BOM,Mumbai,MAA,Chennai,20:47,20:55,22:48,22:52,121,218,220,0.9909,Leisure,8,4,On Time,,,6300,1373400
FL02281,08-11-2024,IndiGo,6E 399,Airbus A320neo,AMD,Ahmedabad,HYD,Hyderabad,21:42,21:48,23:29,23:39,107,124,180,0.6889,Leisure,6,10,On Time,,,4500,558000
FL02652,08-11-2024,Akasa Air,QP 803,Boeing 737 MAX 8,BLR,Bengaluru,MAA,Chennai,16:15,16:21,17:07,17:14,52,172,189,0.9101,Leisure,6,7,On Time,,,1800,309600
FL02900,08-11-2024,IndiGo,6E 963,Airbus A321neo,HYD,Hyderabad,BOM,Mumbai,21:07,21:16,22:25,22:28,78,171,220,0.7773,Student,9,3,On Time,,,3870,661770
FL03288,08-11-2024,SpiceJet,SG 847,Bombardier Q400,GAU,Guwahati,PNQ,Pune,21:25,21:29,00:47,00:56,202,59,78,0.7564,Leisure,4,9,On Time,,,11820,697380
FL03666,08-11-2024,IndiGo,6E 848,Airbus A320neo,PNQ,Pune,MAA,Chennai,22:22,22:22,00:15,00:20,113,112,180,0.6222,Leisure,0,5,On Time,,,4900,548800
FL04461,08-11-2024,Air India Express,IX 541,Boeing 737-8,LKO,Lucknow,MAA,Chennai,14:21,,16:59,,158,0,189,0,Senior Citizen,0,0,Cancelled,,Technical Issue,7910,0
FL01112,09-11-2024,Air India,AI 557,Airbus A321,HYD,Hyderabad,JAI,Jaipur,07:53,08:17,09:57,10:24,124,139,190,0.7316,Senior Citizen,24,27,Delayed,Crew,,6440,895160
FL01238,09-11-2024,Akasa Air,QP 430,Boeing 737 MAX 8,PNQ,Pune,AMD,Ahmedabad,09:38,09:40,10:58,11:02,80,139,189,0.7354,Senior Citizen,2,4,On Time,,,3240,450360
FL01481,09-11-2024,Air India Express,IX 506,Boeing 737-800,GOI,Goa,DEL,Delhi,22:20,22:23,00:54,01:02,154,153,180,0.85,Business,3,8,On Time,,,8220,1257660
FL02626,09-11-2024,Air India,AI 372,Airbus A321,DEL,Delhi,AMD,Ahmedabad,12:38,12:43,14:08,14:08,90,144,190,0.7579,Student,5,0,On Time,,,4520,650880
FL04267,09-11-2024,Akasa Air,QP 415,Boeing 737 MAX 8,MAA,Chennai,PNQ,Pune,07:11,07:15,09:01,09:13,110,155,189,0.8201,Student,4,12,On Time,,,5400,837000
FL01125,10-11-2024,SpiceJet,SG 403,Boeing 737-800,DEL,Delhi,JAI,Jaipur,09:05,09:13,09:52,10:01,47,173,189,0.9153,Family,8,9,On Time,,,1800,311400
FL02065,10-11-2024,IndiGo,6E 209,Airbus A320neo,HYD,Hyderabad,GOI,Goa,17:17,18:59,18:41,20:13,84,110,180,0.6111,Leisure,102,92,Delayed,Air Traffic,,2880,316800
FL03376,10-11-2024,SpiceJet,SG 869,Boeing 737-800,COK,Kochi,HYD,Hyderabad,11:33,11:39,13:12,13:16,99,148,189,0.7831,Senior Citizen,6,4,On Time,,,4530,670440
FL03696,10-11-2024,IndiGo,6E 877,Airbus A321neo,MAA,Chennai,LKO,Lucknow,09:13,09:20,11:54,12:08,161,158,220,0.7182,Student,7,14,On Time,,,7810,1233980
FL03851,10-11-2024,Air India,AI 851,Airbus A320,HYD,Hyderabad,GAU,Guwahati,12:50,12:54,15:53,15:55,183,151,174,0.8678,Leisure,4,2,On Time,,,10980,1657980
FL03992,10-11-2024,IndiGo,6E 261,Airbus A320neo,BOM,Mumbai,GAU,Guwahati,17:16,17:16,20:39,20:44,203,117,180,0.65,Student,0,5,On Time,,,10410,1217970
FL00250,11-11-2024,SpiceJet,SG 168,Boeing 737-800,GOI,Goa,NAG,Nagpur,09:27,12:10,11:02,13:27,95,146,189,0.7725,Family,163,145,Delayed,Ground Operations,,4390,640940
FL01138,11-11-2024,SpiceJet,SG 410,Boeing 737-800,BLR,Bengaluru,DEL,Delhi,14:09,14:18,17:00,17:07,171,159,189,0.8413,Leisure,9,7,On Time,,,8820,1402380
FL01347,11-11-2024,Air India Express,IX 471,Boeing 737-800,NAG,Nagpur,GOI,Goa,16:43,19:07,18:23,21:01,100,168,180,0.9333,Leisure,144,158,Delayed,Air Traffic,,4650,781200
FL01504,11-11-2024,Air India,AI 709,Airbus A320,LKO,Lucknow,MAA,Chennai,05:47,05:50,08:27,08:38,160,132,174,0.7586,Leisure,3,11,On Time,,,8900,1174800
FL02164,11-11-2024,Air India Express,IX 703,Boeing 737-8,GOI,Goa,CCU,Kolkata,05:54,05:54,08:45,08:45,171,117,189,0.619,Student,0,0,On Time,,,7780,910260
FL02168,11-11-2024,SpiceJet,SG 597,Boeing 737-800,BLR,Bengaluru,DEL,Delhi,15:56,16:04,18:46,18:48,170,144,189,0.7619,Family,8,2,On Time,,,9940,1431360
FL03683,11-11-2024,IndiGo,6E 858,Airbus A321neo,GOI,Goa,BLR,Bengaluru,11:39,11:47,12:54,12:59,75,151,220,0.6864,Student,8,5,On Time,,,2570,388070
FL03951,11-11-2024,SpiceJet,SG 999,Boeing 737-800,HYD,Hyderabad,DEL,Delhi,06:13,06:13,08:29,08:29,136,161,189,0.8519,Student,0,0,On Time,,,7430,1196230
FL04842,11-11-2024,IndiGo,6E 929,ATR 72,BLR,Bengaluru,HYD,Hyderabad,17:52,17:53,18:57,18:57,65,60,70,0.8571,Student,1,0,On Time,,,2610,156600
FL02355,12-11-2024,IndiGo,6E 462,Airbus A320neo,MAA,Chennai,LKO,Lucknow,20:53,20:56,23:31,23:33,158,143,180,0.7944,Leisure,3,2,On Time,,,8850,1265550
FL03131,12-11-2024,Air India Express,IX 984,Boeing 737-800,PNQ,Pune,HYD,Hyderabad,15:56,18:29,17:07,19:15,71,137,180,0.7611,Family,153,128,Delayed,Technical Issue,,2590,354830
FL04133,12-11-2024,Akasa Air,QP 372,Boeing 737 MAX 8,MAA,Chennai,BLR,Bengaluru,14:03,14:05,14:56,14:56,53,187,189,0.9894,Leisure,2,0,On Time,,,1800,336600
FL00477,13-11-2024,Air India,AI 271,Boeing 787-8,BLR,Bengaluru,HYD,Hyderabad,07:32,07:37,08:52,08:57,80,197,256,0.7695,Family,5,5,On Time,,,2660,524020
FL01495,13-11-2024,Air India Express,IX 514,Boeing 737-800,JAI,Jaipur,COK,Kochi,09:10,09:18,12:28,12:37,198,133,180,0.7389,Leisure,8,9,On Time,,,8170,1086610
FL02335,13-11-2024,IndiGo,6E 444,Airbus A321neo,HYD,Hyderabad,LKO,Lucknow,16:23,16:23,18:24,18:24,121,107,220,0.4864,Leisure,0,0,On Time,,,4780,511460
FL02636,13-11-2024,Air India Express,IX 848,Boeing 737-8,DEL,Delhi,BOM,Mumbai,15:44,15:49,17:54,18:07,130,145,189,0.7672,Family,5,13,On Time,,,5390,781550
FL03817,13-11-2024,Air India,AI 837,Airbus A321,LKO,Lucknow,DEL,Delhi,20:44,20:48,21:55,22:00,71,144,190,0.7579,Business,4,5,On Time,,,2800,403200
FL04708,13-11-2024,IndiGo,6E 823,Airbus A320neo,NAG,Nagpur,DEL,Delhi,17:45,17:50,19:23,19:33,98,131,180,0.7278,Business,5,10,On Time,,,4370,572470
FL04815,13-11-2024,IndiGo,6E 906,Airbus A321neo,CJB,Coimbatore,BOM,Mumbai,11:23,11:31,13:24,13:29,121,165,220,0.75,Business,8,5,On Time,,,5970,985050
FL01380,14-11-2024,IndiGo,6E 436,Airbus A321neo,MAA,Chennai,COK,Kochi,20:51,20:52,22:17,22:18,86,182,220,0.8273,Business,1,1,On Time,,,2240,407680
FL01609,14-11-2024,IndiGo,6E 640,Airbus A321neo,BOM,Mumbai,HYD,Hyderabad,10:36,10:39,11:59,12:06,83,152,220,0.6909,Student,3,7,On Time,,,3120,474240
FL02260,14-11-2024,Akasa Air,QP 716,Boeing 737 MAX 8,DEL,Delhi,PNQ,Pune,22:18,22:24,00:26,00:32,128,128,189,0.6772,Business,6,6,On Time,,,4960,634880
FL03700,14-11-2024,IndiGo,6E 882,ATR 72,BOM,Mumbai,HYD,Hyderabad,05:58,06:05,07:25,07:39,87,47,70,0.6714,Student,7,14,On Time,,,3580,168260
FL04844,14-11-2024,Air India,AI 459,Airbus A320,PNQ,Pune,BLR,Bengaluru,21:18,21:26,22:57,23:02,99,151,174,0.8678,Business,8,5,On Time,,,4610,696110
FL00497,15-11-2024,IndiGo,6E 537,ATR 72,CJB,Coimbatore,DEL,Delhi,18:13,18:20,21:26,21:32,193,57,70,0.8143,Student,7,6,On Time,,,12040,686280
FL00748,15-11-2024,Akasa Air,QP 314,Boeing 737 MAX 8,NAG,Nagpur,GOI,Goa,21:24,21:28,23:02,23:13,98,173,189,0.9153,Business,4,11,On Time,,,5360,927280
FL01283,15-11-2024,Air India,AI 618,Airbus A321,HYD,Hyderabad,GAU,Guwahati,13:47,16:12,16:39,19:14,172,144,190,0.7579,Family,145,155,Delayed,Late Arrival of Aircraft,,9930,1429920
FL01381,15-11-2024,Air India Express,IX 477,Boeing 737-800,AMD,Ahmedabad,BOM,Mumbai,16:34,18:11,17:50,19:29,76,133,180,0.7389,Business,97,99,Delayed,Technical Issue,,2220,295260
FL02308,15-11-2024,Akasa Air,QP 724,Boeing 737 MAX 8,GOI,Goa,HYD,Hyderabad,14:48,14:50,16:07,16:11,79,167,189,0.8836,Business,2,4,On Time,,,3140,524380
FL02852,15-11-2024,SpiceJet,SG 741,Boeing 737-800,JAI,Jaipur,HYD,Hyderabad,14:02,14:07,16:09,16:13,127,187,189,0.9894,Family,5,4,On Time,,,6850,1280950
FL02858,15-11-2024,IndiGo,6E 924,Airbus A320neo,BLR,Bengaluru,CCU,Kolkata,15:28,15:33,18:07,18:10,159,158,180,0.8778,Leisure,5,3,On Time,,,8490,1341420
FL03724,15-11-2024,Air India Express,IX 330,Boeing 737-8,AMD,Ahmedabad,GAU,Guwahati,20:14,21:35,23:28,00:51,194,144,189,0.7619,Family,81,83,Delayed,Security,,9490,1366560
FL03815,15-11-2024,Air India,AI 836,Airbus A320,NAG,Nagpur,PNQ,Pune,13:49,13:57,15:08,15:21,79,165,174,0.9483,Business,8,13,On Time,,,3550,585750
FL03920,15-11-2024,SpiceJet,SG 991,Boeing 737-800,AMD,Ahmedabad,LKO,Lucknow,17:16,17:18,19:04,19:04,108,156,189,0.8254,Leisure,2,0,On Time,,,5470,853320
FL04517,15-11-2024,Air India,AI 326,Airbus A321,LKO,Lucknow,PNQ,Pune,05:00,05:04,07:15,07:21,135,166,190,0.8737,Leisure,4,6,On Time,,,7760,1288160
FL04777,15-11-2024,Akasa Air,QP 534,Boeing 737 MAX 8,BOM,Mumbai,HYD,Hyderabad,11:00,11:07,12:19,12:33,79,162,189,0.8571,Business,7,14,On Time,,,3900,631800
FL00119,16-11-2024,Air India,AI 129,Airbus A321,DEL,Delhi,AMD,Ahmedabad,15:24,15:28,17:07,17:13,103,184,190,0.9684,Family,4,6,On Time,,,5520,1015680
FL00722,16-11-2024,IndiGo,6E 688,ATR 72,DEL,Delhi,GOI,Goa,12:19,15:08,14:50,17:49,151,59,70,0.8429,Business,169,179,Delayed,Late Arrival of Aircraft,,8930,526870
FL01610,16-11-2024,IndiGo,6E 642,Airbus A321neo,DEL,Delhi,BLR,Bengaluru,16:14,18:46,19:13,21:29,179,149,220,0.6773,Business,152,136,Delayed,Air Traffic,,9700,1445300
FL01838,16-11-2024,SpiceJet,SG 522,Boeing 737-800,PNQ,Pune,BOM,Mumbai,06:40,08:08,07:25,08:20,45,150,189,0.7937,Leisure,88,55,Diverted,Air Traffic,,1800,270000
FL02842,16-11-2024,IndiGo,6E 909,Airbus A320neo,BLR,Bengaluru,GOI,Goa,08:02,09:15,09:09,10:39,67,127,180,0.7056,Leisure,73,90,Delayed,Ground Operations,,2900,368300
FL03290,16-11-2024,SpiceJet,SG 849,Boeing 737-800,BLR,Bengaluru,COK,Kochi,08:02,08:10,09:06,09:20,64,179,189,0.9471,Family,8,14,On Time,,,2220,397380
FL03476,16-11-2024,Air India,AI 687,Airbus A321,BLR,Bengaluru,MAA,Chennai,20:22,22:16,21:14,23:24,52,158,190,0.8316,Leisure,114,130,Delayed,Ground Operations,,1800,284400
FL03526,16-11-2024,IndiGo,6E 736,Airbus A320neo,JAI,Jaipur,BOM,Mumbai,13:34,13:42,15:22,15:32,108,143,180,0.7944,Senior Citizen,8,10,On Time,,,4960,709280
FL03969,16-11-2024,IndiGo,6E 245,Airbus A320neo,GAU,Guwahati,COK,Kochi,16:31,18:57,20:22,22:58,231,102,180,0.5667,Leisure,146,156,Delayed,Air Traffic,,11320,1154640
FL04370,16-11-2024,SpiceJet,SG 320,Boeing 737-800,GOI,Goa,BLR,Bengaluru,10:16,10:22,11:25,11:31,69,108,189,0.5714,Business,6,6,On Time,,,2770,299160
FL04871,16-11-2024,Air India,AI 476,Boeing 787-8,DEL,Delhi,COK,Kochi,21:18,21:25,00:43,00:51,205,171,256,0.668,Business,7,8,On Time,,,12140,2075940
FL00177,17-11-2024,IndiGo,6E 267,Airbus A321neo,BLR,Bengaluru,DEL,Delhi,09:30,09:30,12:28,12:30,178,181,220,0.8227,Senior Citizen,0,2,On Time,,,10600,1918600
FL00550,17-11-2024,Air India,AI 300,Airbus A320,MAA,Chennai,COK,Kochi,09:42,09:42,10:52,10:52,70,171,174,0.9828,Family,0,0,On Time,,,3580,612180
FL00962,17-11-2024,IndiGo,6E 868,Airbus A321neo,BOM,Mumbai,AMD,Ahmedabad,21:41,23:54,22:43,00:42,62,193,220,0.8773,Leisure,133,119,Delayed,Ground Operations,,2400,463200
FL01467,17-11-2024,Air India,AI 696,Boeing 787-8,BLR,Bengaluru,COK,Kochi,05:22,05:23,06:30,06:30,68,201,256,0.7852,Leisure,1,0,On Time,,,2440,490440
FL02142,17-11-2024,Air India Express,IX 693,Boeing 737-8,AMD,Ahmedabad,BLR,Bengaluru,14:52,14:54,17:15,17:15,143,151,189,0.7989,Business,2,0,On Time,,,7630,1152130
FL02819,17-11-2024,IndiGo,6E 889,Airbus A320neo,CJB,Coimbatore,BLR,Bengaluru,21:44,21:45,22:34,22:41,50,128,180,0.7111,Student,1,7,On Time,,,1800,230400
FL03322,17-11-2024,IndiGo,6E 537,Airbus A320neo,CCU,Kolkata,JAI,Jaipur,22:17,23:09,00:41,01:46,144,151,180,0.8389,Business,52,65,Delayed,Air Traffic,,7210,1088710
FL04149,17-11-2024,Air India Express,IX 447,Boeing 737-800,HYD,Hyderabad,AMD,Ahmedabad,16:24,16:31,18:12,18:23,108,146,180,0.8111,Business,7,11,On Time,,,4900,715400
FL04597,17-11-2024,IndiGo,6E 746,Airbus A320neo,BOM,Mumbai,NAG,Nagpur,14:07,14:13,15:40,15:54,93,136,180,0.7556,Leisure,6,14,On Time,,,3590,488240
FL01159,18-11-2024,IndiGo,6E 229,Airbus A320neo,DEL,Delhi,BOM,Mumbai,11:40,12:33,13:51,14:28,131,125,180,0.6944,Business,53,37,Delayed,Air Traffic,,5770,721250
FL02305,18-11-2024,Air India Express,IX 748,Boeing 737-8,CCU,Kolkata,COK,Kochi,06:03,06:05,09:19,09:21,196,111,189,0.5873,Leisure,2,2,On Time,,,7710,855810
FL04809,18-11-2024,Air India,AI 434,Airbus A320,MAA,Chennai,HYD,Hyderabad,15:45,16:23,16:57,17:39,72,123,174,0.7069,Student,38,42,Delayed,Technical Issue,,2630,323490
FL00041,19-11-2024,IndiGo,6E 140,Airbus A320neo,BLR,Bengaluru,CCU,Kolkata,10:23,10:31,13:04,13:18,161,119,180,0.6611,Family,8,14,On Time,,,8540,1016260
FL00070,19-11-2024,IndiGo,6E 166,Airbus A320neo,CCU,Kolkata,DEL,Delhi,09:33,09:40,12:04,12:16,151,154,180,0.8556,Leisure,7,12,On Time,,,7330,1128820
FL00378,19-11-2024,IndiGo,6E 433,Airbus A320neo,AMD,Ahmedabad,MAA,Chennai,08:16,08:19,10:50,10:56,154,113,180,0.6278,Leisure,3,6,On Time,,,6200,700600
FL01458,19-11-2024,IndiGo,6E 503,Airbus A321neo,AMD,Ahmedabad,MAA,Chennai,17:38,17:42,20:07,20:14,149,114,220,0.5182,Leisure,4,7,On Time,,,6140,699960
FL01477,19-11-2024,IndiGo,6E 528,Airbus A321neo,GOI,Goa,MAA,Chennai,05:45,05:50,07:21,07:29,96,181,220,0.8227,Student,5,8,On Time,,,3990,722190
FL02439,19-11-2024,Air India,AI 285,Boeing 787-8,BLR,Bengaluru,MAA,Chennai,19:04,19:09,19:55,19:55,51,186,256,0.7266,Student,5,0,On Time,,,1800,334800
FL02542,19-11-2024,Air India,AI 332,Boeing 787-8,HYD,Hyderabad,JAI,Jaipur,17:04,17:09,19:09,19:11,125,253,256,0.9883,Family,5,2,On Time,,,6270,1586310
FL03858,19-11-2024,IndiGo,6E 987,Airbus A320neo,NAG,Nagpur,JAI,Jaipur,13:03,13:12,14:39,14:43,96,121,180,0.6722,Business,9,4,On Time,,,3340,404140
FL04801,19-11-2024,IndiGo,6E 893,Airbus A321neo,DEL,Delhi,PNQ,Pune,12:53,12:56,15:00,15:00,127,184,220,0.8364,Family,3,0,On Time,,,6420,1181280
FL00002,20-11-2024,Air India Express,IX 105,Boeing 737-8,PNQ,Pune,CCU,Kolkata,08:03,08:06,10:49,10:51,166,123,189,0.6508,Family,3,2,On Time,,,7280,895440
FL00149,20-11-2024,IndiGo,6E 240,ATR 72,LKO,Lucknow,NAG,Nagpur,06:26,06:32,07:40,07:43,74,45,70,0.6429,Family,6,3,On Time,,,3200,144000
FL00709,20-11-2024,Air India Express,IX 299,Boeing 737-8,DEL,Delhi,AMD,Ahmedabad,13:43,13:43,15:19,15:19,96,153,189,0.8095,Leisure,0,0,On Time,,,4040,618120
FL00996,20-11-2024,Akasa Air,QP 368,Boeing 737 MAX 8,HYD,Hyderabad,GOI,Goa,19:03,19:11,20:21,20:28,78,178,189,0.9418,Family,8,7,On Time,,,3000,534000
FL01552,20-11-2024,Akasa Air,QP 520,Boeing 737 MAX 8,BLR,Bengaluru,CCU,Kolkata,08:32,08:36,11:20,11:25,168,139,189,0.7354,Family,4,5,On Time,,,8380,1164820
FL01930,20-11-2024,Akasa Air,QP 629,Boeing 737 MAX 8,CJB,Coimbatore,HYD,Hyderabad,22:19,22:19,23:58,00:00,99,130,189,0.6878,Student,0,2,On Time,,,3890,505700
FL02843,20-11-2024,SpiceJet,SG 738,Bombardier Q400,DEL,Delhi,JAI,Jaipur,09:15,09:22,10:04,10:14,49,56,78,0.7179,Family,7,10,On Time,,,1800,100800
FL03389,20-11-2024,Air India,AI 653,Boeing 787-8,MAA,Chennai,BLR,Bengaluru,19:05,20:27,20:01,21:03,56,201,256,0.7852,Leisure,82,62,Delayed,Crew,,1800,361800
FL03471,20-11-2024,Air India Express,IX 265,Boeing 737-8,MAA,Chennai,HYD,Hyderabad,12:31,12:35,13:44,13:53,73,149,189,0.7884,Student,4,9,On Time,,,2450,365050
FL03600,20-11-2024,Air India Express,IX 300,Boeing 737-8,MAA,Chennai,BOM,Mumbai,07:03,07:08,09:08,09:22,125,123,189,0.6508,Leisure,5,14,On Time,,,4510,554730
FL03709,20-11-2024,SpiceJet,SG 941,Boeing 737-800,DEL,Delhi,CCU,Kolkata,05:25,05:31,07:49,07:54,144,155,189,0.8201,Senior Citizen,6,5,On Time,,,7470,1157850
FL04153,20-11-2024,SpiceJet,SG 253,Bombardier Q400,CCU,Kolkata,HYD,Hyderabad,09:54,10:00,12:05,12:09,131,62,78,0.7949,Business,6,4,On Time,,,6010,372620
FL04396,20-11-2024,IndiGo,6E 576,Airbus A320neo,PNQ,Pune,AMD,Ahmedabad,12:54,13:01,14:05,14:09,71,143,180,0.7944,Student,7,4,On Time,,,3070,439010
FL04765,20-11-2024,IndiGo,6E 868,Airbus A320neo,MAA,Chennai,CCU,Kolkata,18:37,18:39,21:07,21:09,150,106,180,0.5889,Student,2,2,On Time,,,5590,592540
FL00610,21-11-2024,Akasa Air,QP 256,Boeing 737 MAX 8,AMD,Ahmedabad,BLR,Bengaluru,19:27,20:23,21:38,22:40,131,137,189,0.7249,Leisure,56,62,Delayed,Security,,7020,961740
FL01039,21-11-2024,Air India,AI 535,Airbus A320,BLR,Bengaluru,HYD,Hyderabad,19:28,22:00,20:39,23:12,71,138,174,0.7931,Senior Citizen,152,153,Delayed,Crew,,2850,393300
FL01872,21-11-2024,Air India,AI 873,Airbus A321,COK,Kochi,BLR,Bengaluru,16:11,16:14,17:12,17:21,61,135,190,0.7105,Senior Citizen,3,9,On Time,,,2420,326700
FL03231,21-11-2024,Air India,AI 601,Boeing 787-8,BLR,Bengaluru,MAA,Chennai,11:14,11:16,12:03,12:06,49,188,256,0.7344,Leisure,2,3,On Time,,,1800,338400
FL03836,21-11-2024,Akasa Air,QP 284,Boeing 737 MAX 8,DEL,Delhi,NAG,Nagpur,19:08,21:59,21:03,23:43,115,132,189,0.6984,Family,171,160,Delayed,Technical Issue,,4210,555720
FL01678,22-11-2024,SpiceJet,SG 496,Boeing 737-800,LKO,Lucknow,GAU,Guwahati,14:49,14:58,16:47,16:53,118,158,189,0.836,Family,9,6,On Time,,,6410,1012780
FL01812,22-11-2024,Air India,AI 847,Boeing 787-8,BLR,Bengaluru,NAG,Nagpur,22:04,22:06,23:54,23:58,110,229,256,0.8945,Family,2,4,On Time,,,7160,1639640
FL02014,22-11-2024,IndiGo,6E 968,Airbus A321neo,AMD,Ahmedabad,HYD,Hyderabad,15:37,17:49,17:18,19:23,101,191,220,0.8682,Business,132,125,Delayed,Air Traffic,,5800,1107800
FL03062,22-11-2024,SpiceJet,SG 795,Boeing 737-800,BLR,Bengaluru,MAA,Chennai,22:04,22:04,22:58,22:59,54,159,189,0.8413,Business,0,1,On Time,,,1800,286200
FL03370,22-11-2024,Air India Express,IX 247,Boeing 737-800,BOM,Mumbai,HYD,Hyderabad,17:15,17:35,18:29,18:50,74,159,180,0.8833,Senior Citizen,20,21,Delayed,Crew,,3480,553320
FL03481,22-11-2024,IndiGo,6E 688,Airbus A321neo,DEL,Delhi,HYD,Hyderabad,17:36,17:37,19:56,19:56,140,139,220,0.6318,Senior Citizen,1,0,On Time,,,5570,774230
FL03740,22-11-2024,Air India Express,IX 332,Boeing 737-800,PNQ,Pune,BLR,Bengaluru,20:07,20:12,21:40,21:54,93,133,180,0.7389,Leisure,5,14,On Time,,,4360,579880
FL03982,22-11-2024,IndiGo,6E 254,Airbus A321neo,COK,Kochi,BLR,Bengaluru,10:51,10:53,11:45,11:46,54,178,220,0.8091,Leisure,2,1,On Time,,,2100,373800
FL04893,22-11-2024,IndiGo,6E 973,Airbus A320neo,DEL,Delhi,BLR,Bengaluru,19:15,19:17,22:07,22:15,172,160,180,0.8889,Business,2,8,On Time,,,9900,1584000
FL00015,23-11-2024,SpiceJet,SG 104,Boeing 737-800,BLR,Bengaluru,DEL,Delhi,18:58,19:02,21:47,21:52,169,142,189,0.7513,Leisure,4,5,On Time,,,8850,1256700
FL00400,23-11-2024,Akasa Air,QP 186,Boeing 737 MAX 8,DEL,Delhi,COK,Kochi,20:54,20:54,00:26,00:26,212,157,189,0.8307,Family,0,0,On Time,,,12410,1948370
FL01073,23-11-2024,Akasa Air,QP 389,Boeing 737 MAX 8,DEL,Delhi,BLR,Bengaluru,09:52,10:00,12:46,12:55,174,156,189,0.8254,Business,8,9,On Time,,,10730,1673880
FL01907,23-11-2024,Air India,AI 888,Airbus A321,AMD,Ahmedabad,JAI,Jaipur,12:43,14:52,13:59,16:08,76,134,190,0.7053,Student,129,129,Delayed,Air Traffic,,3020,404680
FL02208,23-11-2024,IndiGo,6E 338,Airbus A321neo,DEL,Delhi,COK,Kochi,16:22,18:32,19:47,21:45,205,175,220,0.7955,Leisure,130,118,Delayed,Late Arrival of Aircraft,,12940,2264500
FL04041,23-11-2024,Air India,AI 924,Airbus A321,BOM,Mumbai,HYD,Hyderabad,11:56,12:03,13:19,13:30,83,145,190,0.7632,Family,7,11,On Time,,,4040,585800
FL04747,23-11-2024,IndiGo,6E 850,ATR 72,PNQ,Pune,COK,Kochi,15:19,15:24,17:08,17:17,109,58,70,0.8286,Business,5,9,On Time,,,5950,345100
FL04869,23-11-2024,Air India,AI 473,Airbus A320,BOM,Mumbai,GOI,Goa,20:51,23:22,21:57,00:32,66,134,174,0.7701,Business,151,155,Delayed,Air Traffic,,2830,379220
FL01401,24-11-2024,Akasa Air,QP 473,Boeing 737 MAX 8,BOM,Mumbai,AMD,Ahmedabad,06:04,,07:16,,72,0,189,0,Senior Citizen,0,0,Cancelled,,Air Traffic,2640,0
FL01906,24-11-2024,Air India Express,IX 629,Boeing 737-8,GOI,Goa,LKO,Lucknow,21:01,21:09,23:36,23:39,155,126,189,0.6667,Leisure,8,3,On Time,,,6800,856800
FL02047,24-11-2024,Air India,AI 939,Airbus A321,HYD,Hyderabad,JAI,Jaipur,20:07,20:07,22:22,22:24,135,112,190,0.5895,Senior Citizen,0,2,On Time,,,6380,714560
FL02586,24-11-2024,IndiGo,6E 680,ATR 72,HYD,Hyderabad,GOI,Goa,18:52,19:00,20:13,20:18,81,38,70,0.5429,Business,8,5,On Time,,,2710,102980
FL02767,24-11-2024,IndiGo,6E 848,ATR 72,AMD,Ahmedabad,CCU,Kolkata,08:13,08:18,10:55,11:05,162,43,70,0.6143,Family,5,10,On Time,,,10110,434730
FL04297,24-11-2024,IndiGo,6E 501,Airbus A320neo,BOM,Mumbai,BLR,Bengaluru,22:24,00:48,00:06,02:21,102,137,180,0.7611,Leisure,144,135,Delayed,Late Arrival of Aircraft,,4210,576770
FL04702,24-11-2024,Air India Express,IX 621,Boeing 737-8,BOM,Mumbai,HYD,Hyderabad,15:07,15:08,16:29,16:33,82,144,189,0.7619,Family,1,4,On Time,,,3000,432000
FL00093,25-11-2024,IndiGo,6E 184,Airbus A320neo,HYD,Hyderabad,CCU,Kolkata,07:25,07:32,09:42,09:48,137,147,180,0.8167,Leisure,7,6,On Time,,,6180,908460
FL01430,25-11-2024,SpiceJet,SG 459,Boeing 737-800,BOM,Mumbai,COK,Kochi,10:13,10:22,12:18,12:26,125,122,189,0.6455,Leisure,9,8,On Time,,,4820,588040
FL01808,25-11-2024,Air India,AI 844,Airbus A321,NAG,Nagpur,PNQ,Pune,13:54,13:57,15:17,15:21,83,135,190,0.7105,Business,3,4,On Time,,,3940,531900
FL01890,25-11-2024,IndiGo,6E 865,Airbus A320neo,PNQ,Pune,BOM,Mumbai,13:33,13:33,14:18,14:22,45,134,180,0.7444,Leisure,0,4,On Time,,,1800,241200
FL02002,25-11-2024,IndiGo,6E 958,Airbus A321neo,GAU,Guwahati,BLR,Bengaluru,09:22,09:26,12:50,12:50,208,175,220,0.7955,Senior Citizen,4,0,On Time,,,10390,1818250
FL02471,25-11-2024,Air India Express,IX 787,Boeing 737-800,BOM,Mumbai,LKO,Lucknow,13:20,13:20,15:26,15:26,126,141,180,0.7833,Leisure,0,0,On Time,,,5690,802290
FL03066,25-11-2024,IndiGo,6E 315,ATR 72,BOM,Mumbai,AMD,Ahmedabad,18:39,19:08,19:45,20:31,66,57,70,0.8143,Leisure,29,46,Delayed,Air Traffic,,2710,154470
FL03574,25-11-2024,Air India Express,IX 288,Boeing 737-800,HYD,Hyderabad,CJB,Coimbatore,09:20,10:44,10:53,11:54,93,120,180,0.6667,Leisure,84,61,Delayed,Crew,,3550,426000
FL04619,25-11-2024,IndiGo,6E 765,Airbus A320neo,COK,Kochi,PNQ,Pune,15:10,15:17,17:06,17:08,116,102,180,0.5667,Business,7,2,On Time,,,4370,445740
FL04721,25-11-2024,Akasa Air,QP 517,Boeing 737 MAX 8,AMD,Ahmedabad,CCU,Kolkata,11:21,11:23,14:10,14:12,169,116,189,0.6138,Business,2,2,On Time,,,6700,777200
FL04774,25-11-2024,IndiGo,6E 877,Airbus A321neo,CCU,Kolkata,JAI,Jaipur,05:53,05:58,08:26,08:33,153,155,220,0.7045,Leisure,5,7,On Time,,,6800,1054000
FL00546,26-11-2024,Akasa Air,QP 226,Boeing 737 MAX 8,BLR,Bengaluru,CJB,Coimbatore,06:12,08:10,07:09,09:19,57,142,189,0.7513,Senior Citizen,118,130,Delayed,Late Arrival of Aircraft,,1800,255600
FL00592,26-11-2024,Akasa Air,QP 245,Boeing 737 MAX 8,GOI,Goa,MAA,Chennai,22:08,22:17,23:40,23:48,92,129,189,0.6825,Family,9,8,On Time,,,3880,500520
FL01540,26-11-2024,Akasa Air,QP 514,Boeing 737 MAX 8,AMD,Ahmedabad,GOI,Goa,06:31,06:36,08:14,08:19,103,141,189,0.746,Leisure,5,5,On Time,,,4150,585150
FL01778,26-11-2024,IndiGo,6E 779,Airbus A321neo,CCU,Kolkata,LKO,Lucknow,14:17,14:26,15:55,15:55,98,161,220,0.7318,Leisure,9,0,On Time,,,5000,805000
FL02072,26-11-2024,IndiGo,6E 216,ATR 72,BLR,Bengaluru,HYD,Hyderabad,16:37,16:42,17:35,17:43,58,56,70,0.8,Senior Citizen,5,8,On Time,,,2520,141120
FL02161,26-11-2024,IndiGo,6E 295,Airbus A320neo,COK,Kochi,MAA,Chennai,06:18,06:21,07:37,07:45,79,146,180,0.8111,Leisure,3,8,On Time,,,2850,416100
FL02672,26-11-2024,SpiceJet,SG 708,Boeing 737-800,BOM,Mumbai,JAI,Jaipur,13:21,14:27,14:59,16:18,98,138,189,0.7302,Leisure,66,79,Delayed,Other,,4640,640320
FL03044,26-11-2024,Air India Express,IX 960,Boeing 737-8,MAA,Chennai,COK,Kochi,08:24,08:30,09:34,09:39,70,173,189,0.9153,Leisure,6,5,On Time,,,2770,479210
FL03472,26-11-2024,Air India Express,IX 267,Boeing 737-800,GOI,Goa,COK,Kochi,09:32,09:33,10:53,10:54,81,153,180,0.85,Leisure,1,1,On Time,,,3380,517140
FL04632,26-11-2024,IndiGo,6E 772,ATR 72,CJB,Coimbatore,BLR,Bengaluru,10:36,10:36,11:21,11:21,45,48,70,0.6857,Family,0,0,On Time,,,1800,86400
FL00107,27-11-2024,IndiGo,6E 194,Airbus A320neo,BOM,Mumbai,GOI,Goa,17:58,18:51,18:58,19:54,60,105,180,0.5833,Family,53,56,Delayed,Weather,,1920,201600
FL01020,27-11-2024,Air India Express,IX 386,Boeing 737-800,NAG,Nagpur,PNQ,Pune,12:18,12:20,13:39,13:39,81,106,180,0.5889,Leisure,2,0,On Time,,,2420,256520
FL01191,27-11-2024,IndiGo,6E 252,Airbus A321neo,JAI,Jaipur,HYD,Hyderabad,19:12,19:14,21:07,21:11,115,166,220,0.7545,Business,2,4,On Time,,,6060,1005960
FL01750,27-11-2024,Akasa Air,QP 578,Boeing 737 MAX 8,AMD,Ahmedabad,DEL,Delhi,05:17,05:23,06:47,06:56,90,120,189,0.6349,Leisure,6,9,On Time,,,4120,494400
FL03070,27-11-2024,Air India Express,IX 962,Boeing 737-800,CJB,Coimbatore,MAA,Chennai,14:54,15:02,15:53,16:07,59,88,180,0.4889,Leisure,8,14,On Time,,,1800,158400
FL04054,27-11-2024,Akasa Air,QP 358,Boeing 737 MAX 8,GOI,Goa,HYD,Hyderabad,19:04,19:11,20:09,20:20,65,114,189,0.6032,Business,7,11,On Time,,,2620,298680
FL04209,27-11-2024,IndiGo,6E 426,ATR 72,BLR,Bengaluru,COK,Kochi,22:21,00:49,23:25,01:57,64,67,70,0.9571,Student,148,152,Delayed,Crew,,2280,152760
FL04213,27-11-2024,IndiGo,6E 432,Airbus A320neo,BOM,Mumbai,COK,Kochi,14:49,14:49,16:42,16:42,113,145,180,0.8056,Leisure,0,0,On Time,,,6300,913500
FL00010,28-11-2024,IndiGo,6E 115,Airbus A320neo,MAA,Chennai,DEL,Delhi,14:34,14:39,17:23,17:29,169,158,180,0.8778,Family,5,6,On Time,,,10300,1627400
FL00945,28-11-2024,SpiceJet,SG 341,Bombardier Q400,DEL,Delhi,CCU,Kolkata,14:24,14:25,16:51,16:55,147,65,78,0.8333,Business,1,4,On Time,,,7440,483600
FL01289,28-11-2024,Air India,AI 621,Airbus A320,HYD,Hyderabad,MAA,Chennai,22:12,22:16,23:22,23:25,70,148,174,0.8506,Business,4,3,On Time,,,3710,549080
FL01833,28-11-2024,Air India,AI 855,Airbus A321,BLR,Bengaluru,PNQ,Pune,05:51,06:34,07:26,08:13,95,127,190,0.6684,Family,43,47,Delayed,Crew,,4070,516890
FL02589,28-11-2024,Air India,AI 361,Airbus A320,COK,Kochi,CJB,Coimbatore,10:20,10:20,11:05,11:05,45,129,174,0.7414,Family,0,0,On Time,,,1800,232200
FL03623,28-11-2024,Akasa Air,QP 236,Boeing 737 MAX 8,BLR,Bengaluru,DEL,Delhi,18:17,18:18,21:19,21:19,182,162,189,0.8571,Leisure,1,0,On Time,,,9030,1462860
FL03753,28-11-2024,SpiceJet,SG 950,Boeing 737-800,GOI,Goa,MAA,Chennai,11:09,13:32,12:41,14:51,92,121,189,0.6402,Family,143,130,Delayed,Weather,,3540,428340
FL04080,28-11-2024,Air India,AI 940,Airbus A321,HYD,Hyderabad,MAA,Chennai,12:13,12:17,13:33,13:39,80,127,190,0.6684,Business,4,6,On Time,,,2510,318770
FL04159,28-11-2024,Air India Express,IX 450,Boeing 737-8,BLR,Bengaluru,MAA,Chennai,16:22,16:23,17:17,17:17,55,173,189,0.9153,Student,1,0,On Time,,,1800,311400
FL02053,29-11-2024,IndiGo,6E 202,Airbus A321neo,HYD,Hyderabad,AMD,Ahmedabad,05:17,05:17,07:05,07:05,108,157,220,0.7136,Leisure,0,0,On Time,,,4910,770870
FL02222,29-11-2024,Air India,AI 999,Boeing 787-8,BLR,Bengaluru,BOM,Mumbai,21:26,21:30,23:06,23:08,100,205,256,0.8008,Family,4,2,On Time,,,5570,1141850
FL02832,29-11-2024,Air India,AI 436,Airbus A321,PNQ,Pune,NAG,Nagpur,08:08,08:15,09:30,09:30,82,124,190,0.6526,Leisure,7,0,On Time,,,2860,354640
FL03115,29-11-2024,IndiGo,6E 361,ATR 72,BOM,Mumbai,MAA,Chennai,21:48,21:51,23:47,23:49,119,60,70,0.8571,Senior Citizen,3,2,On Time,,,5930,355800
FL03461,29-11-2024,IndiGo,6E 667,Airbus A321neo,GAU,Guwahati,LKO,Lucknow,21:05,21:14,23:04,23:16,119,175,220,0.7955,Leisure,9,12,On Time,,,7060,1235500
FL00253,30-11-2024,SpiceJet,SG 173,Boeing 737-800,BLR,Bengaluru,PNQ,Pune,20:27,20:34,21:51,22:02,84,121,189,0.6402,Leisure,7,11,On Time,,,3810,461010
FL00396,30-11-2024,Air India,AI 236,Airbus A321,MAA,Chennai,BOM,Mumbai,06:36,06:38,08:34,08:42,118,173,190,0.9105,Family,2,8,On Time,,,5860,1013780
FL00684,30-11-2024,Akasa Air,QP 286,Boeing 737 MAX 8,COK,Kochi,MAA,Chennai,20:04,20:07,21:06,21:07,62,106,189,0.5608,Family,3,1,On Time,,,2620,277720
FL02655,30-11-2024,IndiGo,6E 737,ATR 72,BLR,Bengaluru,HYD,Hyderabad,13:50,13:57,14:53,15:00,63,62,70,0.8857,Family,7,7,On Time,,,2550,158100
FL03088,30-11-2024,IndiGo,6E 330,Airbus A320neo,BOM,Mumbai,JAI,Jaipur,09:34,09:34,11:25,11:26,111,149,180,0.8278,Business,0,1,On Time,,,5630,838870
FL03124,30-11-2024,SpiceJet,SG 803,Boeing 737-800,BLR,Bengaluru,DEL,Delhi,11:00,11:02,13:56,14:01,176,176,189,0.9312,Leisure,2,5,On Time,,,9720,1710720
FL03998,30-11-2024,Air India,AI 911,Airbus A321,MAA,Chennai,PNQ,Pune,21:03,21:21,22:52,23:04,109,161,190,0.8474,Business,18,12,Delayed,Weather,,5990,964390
FL04018,30-11-2024,IndiGo,6E 280,Airbus A321neo,HYD,Hyderabad,GAU,Guwahati,16:24,16:29,19:14,19:17,170,178,220,0.8091,Business,5,3,On Time,,,9570,1703460
FL04688,30-11-2024,Air India,AI 385,Airbus A320,LKO,Lucknow,DEL,Delhi,13:59,14:04,15:11,15:16,72,112,174,0.6437,Leisure,5,5,On Time,,,2350,263200
FL00111,01-12-2024,IndiGo,6E 197,ATR 72,BOM,Mumbai,JAI,Jaipur,22:21,22:23,00:09,00:13,108,54,70,0.7714,Business,2,4,On Time,,,5580,301320
FL00729,01-12-2024,Akasa Air,QP 305,Boeing 737 MAX 8,GAU,Guwahati,HYD,Hyderabad,18:38,18:39,21:30,21:36,172,139,189,0.7354,Family,1,6,On Time,,,8660,1203740
FL00783,01-12-2024,IndiGo,6E 730,Airbus A320neo,MAA,Chennai,PNQ,Pune,15:16,15:24,16:56,17:03,100,140,180,0.7778,Business,8,7,On Time,,,5750,805000
FL01942,01-12-2024,Air India,AI 894,Boeing 787-8,MAA,Chennai,NAG,Nagpur,08:39,08:40,10:21,10:21,102,244,256,0.9531,Leisure,1,0,On Time,,,5010,1222440
FL02212,01-12-2024,IndiGo,6E 344,Airbus A320neo,GOI,Goa,HYD,Hyderabad,07:39,07:42,08:46,08:48,67,133,180,0.7389,Student,3,2,On Time,,,3150,418950
FL03379,01-12-2024,Akasa Air,QP 971,Boeing 737 MAX 8,MAA,Chennai,DEL,Delhi,14:42,14:42,17:37,17:45,175,153,189,0.8095,Business,0,8,On Time,,,9560,1462680
FL04502,01-12-2024,SpiceJet,SG 351,Boeing 737-800,PNQ,Pune,BLR,Bengaluru,11:00,11:02,12:27,12:31,87,135,189,0.7143,Family,2,4,On Time,,,4080,550800
FL04663,01-12-2024,Akasa Air,QP 498,Boeing 737 MAX 8,BLR,Bengaluru,AMD,Ahmedabad,14:13,14:17,16:26,16:40,133,149,189,0.7884,Business,4,14,On Time,,,6750,1005750
FL01090,02-12-2024,Air India,AI 547,Airbus A320,AMD,Ahmedabad,CCU,Kolkata,06:30,06:34,09:27,09:29,177,124,174,0.7126,Business,4,2,On Time,,,8460,1049040
FL01423,02-12-2024,Air India Express,IX 491,Boeing 737-8,PNQ,Pune,AMD,Ahmedabad,15:48,15:52,17:05,17:15,77,143,189,0.7566,Family,4,10,On Time,,,2670,381810
FL02025,02-12-2024,Air India Express,IX 657,Boeing 737-800,BOM,Mumbai,BLR,Bengaluru,17:12,17:15,18:52,18:52,100,145,180,0.8056,Leisure,3,0,On Time,,,4400,638000
FL02603,02-12-2024,SpiceJet,SG 694,Boeing 737-800,CCU,Kolkata,BOM,Mumbai,07:32,07:37,10:17,10:17,165,128,189,0.6772,Leisure,5,0,On Time,,,7620,975360
FL02915,02-12-2024,IndiGo,6E 980,Airbus A320neo,GAU,Guwahati,BOM,Mumbai,13:54,13:56,17:19,17:19,205,145,180,0.8056,Student,2,0,On Time,,,12030,1744350
FL00399,03-12-2024,SpiceJet,SG 216,Bombardier Q400,PNQ,Pune,NAG,Nagpur,08:44,08:49,10:06,10:12,82,63,78,0.8077,Student,5,6,On Time,,,3280,206640
FL00458,03-12-2024,IndiGo,6E 509,Airbus A321neo,PNQ,Pune,HYD,Hyderabad,19:55,20:00,21:09,21:09,74,170,220,0.7727,Leisure,5,0,On Time,,,2530,430100
FL01002,03-12-2024,IndiGo,6E 895,ATR 72,BOM,Mumbai,HYD,Hyderabad,05:14,05:16,06:43,06:43,89,53,70,0.7571,Leisure,2,0,On Time,,,3560,188680
FL02263,03-12-2024,Air India,AI 215,Airbus A320,CCU,Kolkata,LKO,Lucknow,11:39,11:44,13:24,13:33,105,142,174,0.8161,Business,5,9,On Time,,,4920,698640
FL02860,03-12-2024,Air India,AI 447,Boeing 787-8,AMD,Ahmedabad,GOI,Goa,06:51,06:55,08:30,08:37,99,186,256,0.7266,Family,4,7,On Time,,,4750,883500
FL02872,03-12-2024,IndiGo,6E 935,ATR 72,DEL,Delhi,COK,Kochi,16:45,16:51,20:09,20:15,204,58,70,0.8286,Leisure,6,6,On Time,,,11770,682660
FL04446,03-12-2024,IndiGo,6E 628,ATR 72,BLR,Bengaluru,GAU,Guwahati,16:28,,19:51,,203,0,70,0,Business,0,0,Cancelled,,Other,9780,0
FL00057,04-12-2024,IndiGo,6E 155,Airbus A321neo,CCU,Kolkata,GAU,Guwahati,07:44,07:48,09:04,09:04,80,151,220,0.6864,Family,4,0,On Time,,,2490,375990
FL01508,04-12-2024,IndiGo,6E 553,Airbus A320neo,DEL,Delhi,PNQ,Pune,17:13,19:43,19:20,21:51,127,159,180,0.8833,Business,150,151,Delayed,Ground Operations,,6190,984210
FL02736,04-12-2024,SpiceJet,SG 717,Bombardier Q400,HYD,Hyderabad,NAG,Nagpur,19:51,19:56,20:55,20:55,64,61,78,0.7821,Business,5,0,On Time,,,2530,154330
FL04170,04-12-2024,Akasa Air,QP 385,Boeing 737 MAX 8,HYD,Hyderabad,DEL,Delhi,09:34,09:37,11:47,11:50,133,159,189,0.8413,Business,3,3,On Time,,,7460,1186140
FL04481,04-12-2024,Akasa Air,QP 460,Boeing 737 MAX 8,CJB,Coimbatore,BOM,Mumbai,16:21,16:27,18:21,18:23,120,176,189,0.9312,Leisure,6,2,On Time,,,6680,1175680
FL00760,05-12-2024,SpiceJet,SG 301,Boeing 737-800,DEL,Delhi,AMD,Ahmedabad,21:58,22:04,23:31,23:41,93,142,189,0.7513,Leisure,6,10,On Time,,,4070,577940
FL01010,05-12-2024,SpiceJet,SG 377,Boeing 737-800,JAI,Jaipur,LKO,Lucknow,20:32,20:36,21:46,21:54,74,108,189,0.5714,Leisure,4,8,On Time,,,2480,267840
FL01137,05-12-2024,Akasa Air,QP 407,Boeing 737 MAX 8,NAG,Nagpur,JAI,Jaipur,16:51,,18:21,,90,0,189,0,Leisure,0,0,Cancelled,,Technical Issue,3430,0
FL01566,05-12-2024,Air India,AI 740,Boeing 787-8,PNQ,Pune,CJB,Coimbatore,19:37,19:39,21:21,21:21,104,157,256,0.6133,Family,2,0,On Time,,,4490,704930
FL03047,05-12-2024,Air India Express,IX 961,Boeing 737-800,AMD,Ahmedabad,HYD,Hyderabad,18:40,19:36,20:28,21:20,108,130,180,0.7222,Business,56,52,Delayed,Ground Operations,,4290,557700
FL04504,05-12-2024,SpiceJet,SG 352,Boeing 737-800,BLR,Bengaluru,BOM,Mumbai,12:11,12:12,14:00,14:00,109,134,189,0.709,Leisure,1,0,On Time,,,3350,448900
FL00088,06-12-2024,Akasa Air,QP 117,Boeing 737 MAX 8,MAA,Chennai,BOM,Mumbai,06:15,06:16,08:23,08:23,128,152,189,0.8042,Leisure,1,0,On Time,,,6530,992560
FL00306,06-12-2024,Air India,AI 186,Airbus A320,PNQ,Pune,BOM,Mumbai,19:22,19:23,20:07,20:11,45,122,174,0.7011,Senior Citizen,1,4,On Time,,,1800,219600
FL01291,06-12-2024,Akasa Air,QP 441,Boeing 737 MAX 8,AMD,Ahmedabad,HYD,Hyderabad,13:51,13:56,15:39,15:42,108,133,189,0.7037,Student,5,3,On Time,,,4740,630420
FL01365,06-12-2024,Air India Express,IX 474,Boeing 737-8,LKO,Lucknow,BOM,Mumbai,16:31,17:50,18:53,19:45,142,158,189,0.836,Family,79,52,Delayed,Ground Operations,,6670,1053860
FL02371,06-12-2024,SpiceJet,SG 656,Boeing 737-800,HYD,Hyderabad,DEL,Delhi,20:44,20:45,23:08,23:08,144,148,189,0.7831,Leisure,1,0,On Time,,,6960,1030080
FL02511,06-12-2024,IndiGo,6E 607,Airbus A320neo,COK,Kochi,GOI,Goa,21:17,22:44,22:43,00:16,86,153,180,0.85,Student,87,93,Delayed,Technical Issue,,3530,540090
FL02833,06-12-2024,IndiGo,6E 898,Airbus A321neo,BOM,Mumbai,DEL,Delhi,16:04,16:26,18:16,18:45,132,180,220,0.8182,Business,22,29,Delayed,Technical Issue,,6460,1162800
FL04804,06-12-2024,IndiGo,6E 896,Airbus A321neo,AMD,Ahmedabad,COK,Kochi,18:57,19:04,21:34,21:40,157,147,220,0.6682,Leisure,7,6,On Time,,,7920,1164240
FL04857,06-12-2024,Air India,AI 469,Airbus A321,PNQ,Pune,MAA,Chennai,15:41,15:48,17:24,17:25,103,172,190,0.9053,Senior Citizen,7,1,On Time,,,6160,1059520
FL01177,07-12-2024,Air India,AI 574,Airbus A321,AMD,Ahmedabad,BOM,Mumbai,19:32,19:41,20:46,21:00,74,140,190,0.7368,Leisure,9,14,On Time,,,2810,393400
FL01358,07-12-2024,SpiceJet,SG 446,Bombardier Q400,NAG,Nagpur,MAA,Chennai,06:13,06:20,08:06,08:09,113,68,78,0.8718,Student,7,3,On Time,,,4980,338640
FL01646,07-12-2024,IndiGo,6E 670,Airbus A321neo,BOM,Mumbai,BLR,Bengaluru,08:09,11:04,09:45,12:23,96,218,220,0.9909,Leisure,175,158,Delayed,Technical Issue,,5610,1222980
FL01977,07-12-2024,IndiGo,6E 932,Airbus A321neo,GOI,Goa,NAG,Nagpur,05:26,05:35,07:13,07:26,107,192,220,0.8727,Leisure,9,13,On Time,,,5520,1059840
FL02559,07-12-2024,Air India,AI 341,Boeing 787-8,JAI,Jaipur,GOI,Goa,06:14,06:14,08:38,08:38,144,235,256,0.918,Family,0,0,On Time,,,8870,2084450
FL02637,07-12-2024,IndiGo,6E 716,ATR 72,MAA,Chennai,CJB,Coimbatore,19:46,19:55,20:50,21:02,64,58,70,0.8286,Business,9,12,On Time,,,2260,131080
FL03755,07-12-2024,IndiGo,6E 910,Airbus A320neo,BOM,Mumbai,COK,Kochi,15:15,15:21,17:14,17:26,119,139,180,0.7722,Leisure,6,12,On Time,,,5990,832610
FL03884,07-12-2024,IndiGo,6E 202,ATR 72,DEL,Delhi,HYD,Hyderabad,16:36,16:44,19:02,19:10,146,68,70,0.9714,Senior Citizen,8,8,On Time,,,8490,577320
FL04650,07-12-2024,Air India Express,IX 606,Boeing 737-800,MAA,Chennai,COK,Kochi,11:17,11:23,12:24,12:30,67,126,180,0.7,Student,6,6,On Time,,,2570,323820
FL00355,08-12-2024,Air India,AI 208,Airbus A320,GAU,Guwahati,HYD,Hyderabad,11:14,12:04,14:14,14:57,180,125,174,0.7184,Student,50,43,Delayed,Air Traffic,,9090,1136250
FL00624,08-12-2024,Air India,AI 344,Airbus A320,COK,Kochi,NAG,Nagpur,11:27,11:30,13:50,13:53,143,125,174,0.7184,Family,3,3,On Time,,,8160,1020000
FL00977,08-12-2024,Air India,AI 503,Boeing 787-8,GOI,Goa,DEL,Delhi,06:58,09:01,09:43,11:55,165,228,256,0.8906,Leisure,123,132,Delayed,Late Arrival of Aircraft,,9160,2088480
FL01322,08-12-2024,IndiGo,6E 385,ATR 72,HYD,Hyderabad,GOI,Goa,14:39,14:40,15:56,15:56,77,56,70,0.8,Senior Citizen,1,0,On Time,,,3420,191520
FL02827,08-12-2024,Akasa Air,QP 845,Boeing 737 MAX 8,GOI,Goa,MAA,Chennai,11:20,11:21,12:54,12:54,94,151,189,0.7989,Student,1,0,On Time,,,4320,652320
FL03095,08-12-2024,IndiGo,6E 334,Airbus A320neo,DEL,Delhi,COK,Kochi,14:24,14:29,17:47,17:56,203,132,180,0.7333,Family,5,9,On Time,,,12170,1606440
FL04258,08-12-2024,Air India,AI 227,Airbus A320,GAU,Guwahati,BOM,Mumbai,18:25,18:30,21:45,21:58,200,135,174,0.7759,Family,5,13,On Time,,,12430,1678050
FL04912,08-12-2024,IndiGo,6E 996,ATR 72,PNQ,Pune,BOM,Mumbai,19:19,19:26,20:04,20:11,45,48,70,0.6857,Student,7,7,On Time,,,1800,86400
FL04977,08-12-2024,IndiGo,6E 250,Airbus A321neo,AMD,Ahmedabad,BLR,Bengaluru,10:39,12:39,13:00,14:43,141,168,220,0.7636,Leisure,120,103,Delayed,Late Arrival of Aircraft,,7980,1340640
FL00027,09-12-2024,SpiceJet,SG 109,Bombardier Q400,MAA,Chennai,BLR,Bengaluru,16:27,16:31,17:19,17:21,52,68,78,0.8718,Student,4,2,On Time,,,1800,122400
FL00237,09-12-2024,Akasa Air,QP 149,Boeing 737 MAX 8,BOM,Mumbai,NAG,Nagpur,06:37,06:46,08:08,08:08,91,177,189,0.9365,Leisure,9,0,On Time,,,4010,709770
FL00884,09-12-2024,Akasa Air,QP 347,Boeing 737 MAX 8,NAG,Nagpur,GAU,Guwahati,13:43,13:47,16:10,16:17,147,171,189,0.9048,Leisure,4,7,On Time,,,7760,1326960
FL01545,09-12-2024,IndiGo,6E 584,Airbus A321neo,BLR,Bengaluru,PNQ,Pune,14:53,14:56,16:25,16:32,92,128,220,0.5818,Leisure,3,7,On Time,,,3150,403200
FL01780,09-12-2024,SpiceJet,SG 516,Bombardier Q400,AMD,Ahmedabad,MAA,Chennai,19:30,19:30,22:01,22:05,151,57,78,0.7308,Family,0,4,On Time,,,7650,436050
FL02090,09-12-2024,Air India,AI 955,Airbus A320,HYD,Hyderabad,BLR,Bengaluru,06:52,06:52,08:01,08:01,69,120,174,0.6897,Student,0,0,On Time,,,2400,288000
FL02670,09-12-2024,SpiceJet,SG 707,Bombardier Q400,CCU,Kolkata,BOM,Mumbai,13:57,13:58,16:48,16:48,171,54,78,0.6923,Business,1,0,On Time,,,8010,432540
FL03870,09-12-2024,SpiceJet,SG 971,Boeing 737-800,PNQ,Pune,HYD,Hyderabad,22:09,22:09,23:19,23:25,70,140,189,0.7407,Leisure,0,6,On Time,,,2320,324800
FL03988,09-12-2024,SpiceJet,SG 218,Boeing 737-800,CJB,Coimbatore,HYD,Hyderabad,14:44,14:44,16:08,16:09,84,158,189,0.836,Leisure,0,1,On Time,,,4030,636740
FL04614,09-12-2024,IndiGo,6E 758,Airbus A320neo,BLR,Bengaluru,MAA,Chennai,08:14,08:53,09:13,10:02,59,139,180,0.7722,Leisure,39,49,Delayed,Technical Issue,,1800,250200
FL00901,10-12-2024,IndiGo,6E 831,Airbus A320neo,JAI,Jaipur,BOM,Mumbai,20:50,23:28,22:35,01:24,105,143,180,0.7944,Student,158,169,Delayed,Technical Issue,,4940,706420
FL00984,10-12-2024,IndiGo,6E 882,ATR 72,HYD,Hyderabad,MAA,Chennai,15:53,17:53,17:08,18:46,75,68,70,0.9714,Senior Citizen,120,98,Delayed,Late Arrival of Aircraft,,3540,240720
FL01488,10-12-2024,Akasa Air,QP 504,Boeing 737 MAX 8,PNQ,Pune,MAA,Chennai,07:29,07:29,09:16,09:23,107,116,189,0.6138,Senior Citizen,0,7,On Time,,,4080,473280
FL01643,10-12-2024,IndiGo,6E 669,Airbus A320neo,BLR,Bengaluru,BOM,Mumbai,15:47,17:29,17:26,18:56,99,147,180,0.8167,Family,102,90,Delayed,Technical Issue,,4920,723240
FL01831,10-12-2024,IndiGo,6E 820,Airbus A320neo,MAA,Chennai,NAG,Nagpur,14:23,14:28,16:18,16:18,115,141,180,0.7833,Business,5,0,On Time,,,5350,754350
FL02706,10-12-2024,Akasa Air,QP 812,Boeing 737 MAX 8,CCU,Kolkata,BOM,Mumbai,07:04,07:09,09:43,09:49,159,129,189,0.6825,Leisure,5,6,On Time,,,8170,1053930
FL02971,10-12-2024,IndiGo,6E 227,Airbus A320neo,PNQ,Pune,BLR,Bengaluru,16:30,16:35,18:06,18:13,96,112,180,0.6222,Family,5,7,On Time,,,3650,408800
FL04405,10-12-2024,SpiceJet,SG 332,Boeing 737-800,AMD,Ahmedabad,BLR,Bengaluru,18:40,18:44,20:53,20:59,133,134,189,0.709,Family,4,6,On Time,,,5860,785240
FL00035,11-12-2024,SpiceJet,SG 111,Boeing 737-800,COK,Kochi,CJB,Coimbatore,16:45,16:51,17:30,17:35,45,156,189,0.8254,Family,6,5,On Time,,,1800,280800
FL00551,11-12-2024,SpiceJet,SG 248,Boeing 737-800,BLR,Bengaluru,NAG,Nagpur,16:08,16:14,17:48,17:53,100,184,189,0.9735,Business,6,5,On Time,,,5650,1039600
FL00856,11-12-2024,IndiGo,6E 797,Airbus A321neo,GOI,Goa,NAG,Nagpur,09:37,10:03,11:19,11:55,102,158,220,0.7182,Student,26,36,Delayed,Other,,5100,805800
FL01227,11-12-2024,IndiGo,6E 289,Airbus A321neo,MAA,Chennai,JAI,Jaipur,17:49,17:57,20:39,20:53,170,175,220,0.7955,Family,8,14,On Time,,,8740,1529500
FL03834,11-12-2024,Akasa Air,QP 282,Boeing 737 MAX 8,COK,Kochi,BLR,Bengaluru,14:04,14:06,15:08,15:16,64,104,189,0.5503,Leisure,2,8,On Time,,,1800,187200
FL03861,11-12-2024,Air India,AI 856,Airbus A320,BLR,Bengaluru,HYD,Hyderabad,13:40,13:44,14:48,14:56,68,124,174,0.7126,Leisure,4,8,On Time,,,2690,333560
FL00062,12-12-2024,Air India,AI 116,Airbus A321,BOM,Mumbai,AMD,Ahmedabad,12:06,12:11,13:05,13:05,59,121,190,0.6368,Student,5,0,On Time,,,2400,290400
FL02303,12-12-2024,Akasa Air,QP 723,Boeing 737 MAX 8,LKO,Lucknow,MAA,Chennai,15:23,15:23,18:03,18:05,160,144,189,0.7619,Family,0,2,On Time,,,8720,1255680
FL02674,12-12-2024,Air India,AI 392,Airbus A320,MAA,Chennai,DEL,Delhi,20:54,22:55,00:01,02:24,187,157,174,0.9023,Business,121,143,Delayed,Air Traffic,,12130,1904410
FL02936,12-12-2024,IndiGo,6E 991,ATR 72,HYD,Hyderabad,BOM,Mumbai,05:12,05:20,06:24,06:24,72,48,70,0.6857,Business,8,0,On Time,,,2760,132480
FL03546,12-12-2024,Akasa Air,QP 217,Boeing 737 MAX 8,CCU,Kolkata,DEL,Delhi,09:54,09:56,12:13,12:24,139,152,189,0.8042,Business,2,11,On Time,,,7770,1181040
FL04301,12-12-2024,SpiceJet,SG 291,Bombardier Q400,GOI,Goa,HYD,Hyderabad,15:38,15:43,16:55,17:02,77,48,78,0.6154,Family,5,7,On Time,,,2640,126720
FL04384,12-12-2024,IndiGo,6E 567,Airbus A320neo,NAG,Nagpur,BOM,Mumbai,21:04,21:06,22:31,22:32,87,157,180,0.8722,Leisure,2,1,On Time,,,3890,610730
FL04691,12-12-2024,SpiceJet,SG 419,Bombardier Q400,MAA,Chennai,HYD,Hyderabad,17:40,17:45,18:59,19:07,79,69,78,0.8846,Leisure,5,8,On Time,,,2140,147660
FL04998,12-12-2024,IndiGo,6E 258,Airbus A321neo,BOM,Mumbai,GOI,Goa,10:31,10:39,11:32,11:38,61,155,220,0.7045,Senior Citizen,8,6,On Time,,,2150,333250
FL00145,13-12-2024,Air India,AI 135,Airbus A320,HYD,Hyderabad,MAA,Chennai,21:23,22:57,22:32,00:02,69,129,174,0.7414,Family,94,90,Delayed,Other,,2870,370230
FL01013,13-12-2024,Air India Express,IX 384,Boeing 737-800,DEL,Delhi,BLR,Bengaluru,11:36,11:39,14:27,14:39,171,177,180,0.9833,Leisure,3,12,On Time,,,10840,1918680
FL01818,13-12-2024,IndiGo,6E 803,Airbus A320neo,BLR,Bengaluru,DEL,Delhi,11:40,11:44,14:38,14:41,178,171,180,0.95,Student,4,3,On Time,,,11610,1985310
FL01969,13-12-2024,Air India,AI 909,Airbus A320,COK,Kochi,PNQ,Pune,10:56,11:00,12:52,13:03,116,135,174,0.7759,Senior Citizen,4,11,On Time,,,6420,866700
FL02677,13-12-2024,IndiGo,6E 764,Airbus A321neo,BLR,Bengaluru,AMD,Ahmedabad,13:53,13:57,16:11,16:19,138,167,220,0.7591,Senior Citizen,4,8,On Time,,,7280,1215760
FL02996,13-12-2024,IndiGo,6E 249,Airbus A321neo,HYD,Hyderabad,MAA,Chennai,17:57,18:05,19:13,19:13,76,198,220,0.9,Leisure,8,0,On Time,,,3200,633600
FL03250,13-12-2024,IndiGo,6E 474,Airbus A320neo,DEL,Delhi,AMD,Ahmedabad,08:31,08:40,10:06,10:13,95,123,180,0.6833,Leisure,9,7,On Time,,,4570,562110
FL03533,13-12-2024,IndiGo,6E 745,Airbus A321neo,BLR,Bengaluru,DEL,Delhi,11:45,14:20,14:43,17:14,178,161,220,0.7318,Business,155,151,Delayed,Ground Operations,,9850,1585850
FL00472,14-12-2024,Air India,AI 268,Airbus A321,DEL,Delhi,GOI,Goa,18:52,18:54,21:22,21:27,150,156,190,0.8211,Business,2,5,On Time,,,8730,1361880
FL00487,14-12-2024,IndiGo,6E 531,Airbus A321neo,LKO,Lucknow,CCU,Kolkata,17:03,17:06,19:00,19:04,117,218,220,0.9909,Student,3,4,On Time,,,5860,1277480
FL01705,14-12-2024,IndiGo,6E 713,Airbus A320neo,MAA,Chennai,COK,Kochi,05:08,05:11,06:33,06:33,85,144,180,0.8,Business,3,0,On Time,,,2760,397440
FL01937,14-12-2024,SpiceJet,SG 544,Boeing 737-800,GAU,Guwahati,HYD,Hyderabad,10:58,11:02,13:58,14:07,180,128,189,0.6772,Leisure,4,9,On Time,,,9150,1171200
FL02058,14-12-2024,SpiceJet,SG 574,Boeing 737-800,BOM,Mumbai,COK,Kochi,14:57,14:57,16:56,16:56,119,143,189,0.7566,Leisure,0,0,On Time,,,5290,756470
FL03023,14-12-2024,Air India,AI 518,Airbus A320,NAG,Nagpur,COK,Kochi,10:14,10:19,12:29,12:29,135,128,174,0.7356,Business,5,0,On Time,,,8150,1043200
FL03720,14-12-2024,IndiGo,6E 900,Airbus A320neo,DEL,Delhi,CCU,Kolkata,13:26,13:26,15:49,15:51,143,161,180,0.8944,Business,0,2,On Time,,,7790,1254190
FL03912,14-12-2024,IndiGo,6E 220,Airbus A321neo,MAA,Chennai,CJB,Coimbatore,09:33,12:01,10:29,13:17,56,182,220,0.8273,Student,148,168,Delayed,Ground Operations,,2530,460460
FL04145,14-12-2024,Air India,AI 973,Boeing 787-8,DEL,Delhi,PNQ,Pune,16:38,16:46,18:50,18:56,132,205,256,0.8008,Student,8,6,On Time,,,8050,1650250
FL04154,14-12-2024,IndiGo,6E 389,Airbus A321neo,CJB,Coimbatore,BLR,Bengaluru,15:41,15:41,16:35,16:35,54,171,220,0.7773,Leisure,0,0,On Time,,,1800,307800
FL04334,14-12-2024,IndiGo,6E 528,Airbus A320neo,COK,Kochi,NAG,Nagpur,19:34,19:39,21:53,22:05,139,129,180,0.7167,Senior Citizen,5,12,On Time,,,6180,797220
FL04643,14-12-2024,Air India Express,IX 603,Boeing 737-8,LKO,Lucknow,CJB,Coimbatore,13:08,15:47,16:05,18:30,177,154,189,0.8148,Family,159,145,Delayed,Air Traffic,,10180,1567720
FL04925,14-12-2024,IndiGo,6E 211,Airbus A321neo,BOM,Mumbai,BLR,Bengaluru,09:29,09:35,11:07,11:17,98,185,220,0.8409,Leisure,6,10,On Time,,,5060,936100
FL00038,15-12-2024,Air India Express,IX 116,Boeing 737-800,BLR,Bengaluru,DEL,Delhi,12:19,12:19,15:10,15:10,171,150,180,0.8333,Student,0,0,On Time,,,8740,1311000
FL00710,15-12-2024,Air India Express,IX 300,Boeing 737-800,COK,Kochi,CJB,Coimbatore,19:45,19:49,20:30,20:35,45,163,180,0.9056,Leisure,4,5,On Time,,,1800,293400
FL01228,15-12-2024,Air India Express,IX 445,Boeing 737-8,HYD,Hyderabad,BOM,Mumbai,22:27,22:33,23:58,00:05,91,157,189,0.8307,Student,6,7,On Time,,,3610,566770
FL01490,15-12-2024,Air India Express,IX 512,Boeing 737-8,CJB,Coimbatore,PNQ,Pune,18:46,18:50,20:43,20:43,117,113,189,0.5979,Leisure,4,0,On Time,,,4610,520930
FL01749,15-12-2024,IndiGo,6E 743,Airbus A321neo,MAA,Chennai,COK,Kochi,15:00,15:08,16:06,16:11,66,131,220,0.5955,Leisure,8,5,On Time,,,2760,361560
FL01995,15-12-2024,IndiGo,6E 952,Airbus A321neo,GOI,Goa,CCU,Kolkata,22:12,22:29,01:09,01:28,177,182,220,0.8273,Business,17,19,Delayed,Technical Issue,,9530,1734460
FL03831,15-12-2024,IndiGo,6E 968,Airbus A320neo,DEL,Delhi,GOI,Goa,08:46,08:47,11:19,11:27,153,148,180,0.8222,Student,1,8,On Time,,,8250,1221000
FL04243,15-12-2024,Akasa Air,QP 412,Boeing 737 MAX 8,DEL,Delhi,MAA,Chennai,12:08,12:09,15:16,15:16,188,166,189,0.8783,Leisure,1,0,On Time,,,9720,1613520
FL04367,15-12-2024,Akasa Air,QP 441,Boeing 737 MAX 8,AMD,Ahmedabad,BOM,Mumbai,18:48,21:17,19:56,22:26,68,173,189,0.9153,Family,149,150,Delayed,Late Arrival of Aircraft,,2650,458450
FL00311,16-12-2024,IndiGo,6E 384,ATR 72,MAA,Chennai,BLR,Bengaluru,10:33,10:37,11:28,11:28,55,50,70,0.7143,Leisure,4,0,On Time,,,1800,90000
FL00601,16-12-2024,Air India Express,IX 272,Boeing 737-8,CCU,Kolkata,COK,Kochi,18:23,18:30,21:44,21:54,201,147,189,0.7778,Student,7,10,On Time,,,9470,1392090
FL01480,16-12-2024,Akasa Air,QP 503,Boeing 737 MAX 8,HYD,Hyderabad,CCU,Kolkata,11:48,11:51,14:08,14:10,140,152,189,0.8042,Leisure,3,2,On Time,,,6740,1024480
FL01569,16-12-2024,Air India,AI 744,Boeing 787-8,COK,Kochi,CJB,Coimbatore,16:43,16:46,17:28,17:34,45,186,256,0.7266,Leisure,3,6,On Time,,,1800,334800
FL01923,16-12-2024,Air India Express,IX 636,Boeing 737-800,MAA,Chennai,BLR,Bengaluru,16:36,16:40,17:27,17:36,51,136,180,0.7556,Business,4,9,On Time,,,1800,244800
FL02363,16-12-2024,IndiGo,6E 469,ATR 72,GAU,Guwahati,DEL,Delhi,12:56,13:01,15:26,15:27,150,51,70,0.7286,Student,5,1,On Time,,,7630,389130
FL03264,16-12-2024,IndiGo,6E 494,ATR 72,NAG,Nagpur,HYD,Hyderabad,14:41,15:56,15:40,16:54,59,61,70,0.8714,Family,75,74,Delayed,Other,,2320,141520
FL00384,17-12-2024,Akasa Air,QP 184,Boeing 737 MAX 8,BOM,Mumbai,CJB,Coimbatore,10:22,10:22,12:26,12:27,124,157,189,0.8307,Leisure,0,1,On Time,,,5730,899610
FL01528,17-12-2024,Air India Express,IX 517,Boeing 737-8,DEL,Delhi,HYD,Hyderabad,20:18,22:33,22:26,00:34,128,187,189,0.9894,Family,135,128,Delayed,Late Arrival of Aircraft,,6390,1194930
FL01631,17-12-2024,Air India Express,IX 543,Boeing 737-8,PNQ,Pune,GOI,Goa,05:59,06:16,06:53,07:03,54,138,189,0.7302,Leisure,17,10,Delayed,Air Traffic,,1810,249780
FL03299,17-12-2024,Air India,AI 626,Airbus A320,DEL,Delhi,BOM,Mumbai,22:02,22:08,00:06,00:16,124,162,174,0.931,Senior Citizen,6,10,On Time,,,8050,1304100
FL04128,17-12-2024,Air India,AI 964,Airbus A321,COK,Kochi,LKO,Lucknow,20:31,20:35,23:55,23:55,204,138,190,0.7263,Family,4,0,On Time,,,10420,1437960
FL04272,17-12-2024,Akasa Air,QP 418,Boeing 737 MAX 8,GOI,Goa,DEL,Delhi,09:55,09:55,12:26,12:28,151,152,189,0.8042,Business,0,2,On Time,,,8000,1216000
FL04497,17-12-2024,SpiceJet,SG 346,Boeing 737-800,DEL,Delhi,GAU,Guwahati,11:45,11:52,14:16,14:17,151,124,189,0.6561,Family,7,1,On Time,,,6260,776240
FL04698,17-12-2024,Akasa Air,QP 515,Boeing 737 MAX 8,MAA,Chennai,BLR,Bengaluru,08:52,08:57,09:51,09:51,59,132,189,0.6984,Leisure,5,0,On Time,,,1800,237600
FL04798,17-12-2024,IndiGo,6E 892,Airbus A321neo,BLR,Bengaluru,NAG,Nagpur,10:41,10:48,12:26,12:28,105,182,220,0.8273,Family,7,2,On Time,,,4500,819000
FL00322,18-12-2024,Air India,AI 193,Airbus A321,PNQ,Pune,BOM,Mumbai,14:18,17:15,15:03,17:35,45,135,190,0.7105,Leisure,177,152,Delayed,Weather,,1800,243000
FL00754,18-12-2024,IndiGo,6E 712,Airbus A321neo,AMD,Ahmedabad,NAG,Nagpur,07:02,08:08,08:27,09:20,85,153,220,0.6955,Business,66,53,Delayed,Crew,,3390,518670
FL01089,18-12-2024,Akasa Air,QP 392,Boeing 737 MAX 8,HYD,Hyderabad,CCU,Kolkata,10:51,10:53,13:02,13:04,131,140,189,0.7407,Senior Citizen,2,2,On Time,,,5640,789600
FL02056,18-12-2024,Air India,AI 945,Boeing 787-8,HYD,Hyderabad,JAI,Jaipur,06:54,07:03,08:53,08:59,119,133,256,0.5195,Leisure,9,6,On Time,,,5210,692930
FL03358,18-12-2024,IndiGo,6E 565,ATR 72,BOM,Mumbai,HYD,Hyderabad,08:19,09:47,09:36,11:17,77,61,70,0.8714,Family,88,101,Delayed,Late Arrival of Aircraft,,3130,190930
FL03547,18-12-2024,SpiceJet,SG 902,Bombardier Q400,AMD,Ahmedabad,JAI,Jaipur,16:28,16:31,17:48,17:53,80,55,78,0.7051,Senior Citizen,3,5,On Time,,,2590,142450
FL04029,18-12-2024,Air India Express,IX 415,Boeing 737-8,DEL,Delhi,HYD,Hyderabad,19:14,19:16,21:36,21:39,142,157,189,0.8307,Leisure,2,3,On Time,,,6590,1034630
FL04045,18-12-2024,Akasa Air,QP 354,Boeing 737 MAX 8,HYD,Hyderabad,BOM,Mumbai,05:25,07:19,06:52,08:45,87,133,189,0.7037,Family,114,113,Delayed,Late Arrival of Aircraft,,2900,385700
FL04896,18-12-2024,Akasa Air,QP 575,Boeing 737 MAX 8,GOI,Goa,CJB,Coimbatore,16:50,16:59,18:07,18:21,77,173,189,0.9153,Leisure,9,14,On Time,,,3060,529380
FL00138,19-12-2024,Air India Express,IX 151,Boeing 737-800,DEL,Delhi,CCU,Kolkata,15:32,15:38,17:52,18:00,140,130,180,0.7222,Leisure,6,8,On Time,,,5710,742300
FL00904,19-12-2024,Air India,AI 463,Airbus A320,GOI,Goa,CCU,Kolkata,11:29,11:35,14:25,14:29,176,159,174,0.9138,Student,6,4,On Time,,,9770,1553430
FL00966,19-12-2024,IndiGo,6E 870,ATR 72,BLR,Bengaluru,CCU,Kolkata,08:31,08:31,11:08,11:08,157,54,70,0.7714,Student,0,0,On Time,,,8830,476820
FL01343,19-12-2024,IndiGo,6E 407,Airbus A320neo,LKO,Lucknow,CCU,Kolkata,21:45,22:05,23:36,23:50,111,139,180,0.7722,Business,20,14,Delayed,Technical Issue,,4910,682490
FL01536,19-12-2024,IndiGo,6E 579,Airbus A321neo,BOM,Mumbai,JAI,Jaipur,13:56,15:16,15:55,17:05,119,139,220,0.6318,Family,80,70,Delayed,Crew,,4090,568510
FL01828,19-12-2024,IndiGo,6E 813,Airbus A320neo,LKO,Lucknow,DEL,Delhi,16:21,16:23,17:18,17:18,57,122,180,0.6778,Leisure,2,0,On Time,,,2560,312320
FL02214,19-12-2024,Akasa Air,QP 705,Boeing 737 MAX 8,COK,Kochi,AMD,Ahmedabad,05:05,05:13,07:45,07:49,160,118,189,0.6243,Family,8,4,On Time,,,7990,942820
FL02445,19-12-2024,Air India,AI 289,Boeing 787-8,DEL,Delhi,PNQ,Pune,10:05,10:13,12:12,12:17,127,184,256,0.7188,Student,8,5,On Time,,,6880,1265920
FL04534,19-12-2024,IndiGo,6E 691,Airbus A320neo,MAA,Chennai,NAG,Nagpur,14:46,14:49,16:33,16:38,107,129,180,0.7167,Family,3,5,On Time,,,4600,593400
FL00573,20-12-2024,Air India,AI 309,Airbus A321,MAA,Chennai,CJB,Coimbatore,15:49,18:43,16:47,19:48,58,119,190,0.6263,Business,174,181,Delayed,Air Traffic,,2380,283220
FL01422,20-12-2024,IndiGo,6E 464,Airbus A320neo,CCU,Kolkata,MAA,Chennai,12:04,12:07,14:38,14:46,154,136,180,0.7556,Student,3,8,On Time,,,9080,1234880
FL03230,20-12-2024,Air India Express,IX 203,Boeing 737-800,PNQ,Pune,MAA,Chennai,06:15,06:50,08:02,08:32,107,159,180,0.8833,Business,35,30,Delayed,Crew,,4990,793410
FL03277,20-12-2024,Air India,AI 615,Boeing 787-8,MAA,Chennai,BLR,Bengaluru,19:58,,20:58,,60,0,256,0,Business,0,0,Cancelled,,Technical Issue,1800,0
FL03568,20-12-2024,IndiGo,6E 772,Airbus A320neo,MAA,Chennai,COK,Kochi,08:41,08:48,10:06,10:13,85,155,180,0.8611,Family,7,7,On Time,,,3070,475850
FL04120,20-12-2024,IndiGo,6E 369,ATR 72,JAI,Jaipur,AMD,Ahmedabad,07:56,07:57,09:13,09:14,77,49,70,0.7,Family,1,1,On Time,,,3020,147980
FL04754,20-12-2024,Akasa Air,QP 523,Boeing 737 MAX 8,DEL,Delhi,HYD,Hyderabad,21:18,22:47,23:29,01:16,131,156,189,0.8254,Family,89,107,Delayed,Crew,,6500,1014000
FL03530,21-12-2024,Air India,AI 711,Boeing 787-8,BLR,Bengaluru,AMD,Ahmedabad,18:28,20:35,20:51,22:53,143,244,256,0.9531,Family,127,122,Delayed,Ground Operations,,9120,2225280
FL03588,21-12-2024,Akasa Air,QP 231,Boeing 737 MAX 8,MAA,Chennai,HYD,Hyderabad,10:53,11:00,12:06,12:13,73,186,189,0.9841,Family,7,7,On Time,,,3180,591480
FL04184,21-12-2024,IndiGo,6E 406,ATR 72,CJB,Coimbatore,CCU,Kolkata,07:29,07:35,10:34,10:37,185,47,70,0.6714,Family,6,3,On Time,,,9000,423000
FL04928,21-12-2024,Akasa Air,QP 582,Boeing 737 MAX 8,DEL,Delhi,MAA,Chennai,21:30,21:31,00:31,00:31,181,166,189,0.8783,Leisure,1,0,On Time,,,10880,1806080
FL00141,22-12-2024,IndiGo,6E 232,ATR 72,PNQ,Pune,DEL,Delhi,20:12,20:19,22:21,22:29,129,59,70,0.8429,Leisure,7,8,On Time,,,7580,447220
FL01208,22-12-2024,Air India Express,IX 440,Boeing 737-8,BLR,Bengaluru,CJB,Coimbatore,18:02,18:04,18:50,18:53,48,153,189,0.8095,Family,2,3,On Time,,,1800,275400
FL01479,22-12-2024,Akasa Air,QP 501,Boeing 737 MAX 8,BLR,Bengaluru,COK,Kochi,08:38,10:38,09:35,11:35,57,145,189,0.7672,Student,120,120,Delayed,Air Traffic,,2050,297250
FL02304,22-12-2024,Air India,AI 227,Boeing 787-8,MAA,Chennai,GOI,Goa,15:47,18:15,17:19,19:47,92,169,256,0.6602,Business,148,148,Delayed,Late Arrival of Aircraft,,4630,782470
FL02415,22-12-2024,Air India Express,IX 771,Boeing 737-800,PNQ,Pune,MAA,Chennai,11:52,,13:40,,108,0,180,0,Business,0,0,Cancelled,,Crew Availability,4520,0
FL03295,22-12-2024,IndiGo,6E 510,Airbus A320neo,PNQ,Pune,NAG,Nagpur,21:54,23:00,23:08,00:23,74,150,180,0.8333,Leisure,66,75,Delayed,Air Traffic,,3900,585000
FL03684,22-12-2024,Air India Express,IX 321,Boeing 737-8,LKO,Lucknow,DEL,Delhi,07:21,07:25,08:24,08:34,63,142,189,0.7513,Senior Citizen,4,10,On Time,,,2050,291100
FL04359,22-12-2024,IndiGo,6E 552,ATR 72,COK,Kochi,GOI,Goa,06:46,08:07,08:10,09:29,84,52,70,0.7429,Leisure,81,79,Delayed,Late Arrival of Aircraft,,3810,198120
FL04963,22-12-2024,IndiGo,6E 242,Airbus A320neo,BOM,Mumbai,PNQ,Pune,16:50,16:53,17:35,17:39,45,160,180,0.8889,Student,3,4,On Time,,,1800,288000
FL00222,23-12-2024,Air India Express,IX 178,Boeing 737-8,COK,Kochi,BOM,Mumbai,17:37,17:41,19:40,19:46,123,130,189,0.6878,Student,4,6,On Time,,,4680,608400
FL00622,24-12-2024,Air India,AI 341,Airbus A321,HYD,Hyderabad,BOM,Mumbai,13:51,14:00,15:12,15:17,81,165,190,0.8684,Student,9,5,On Time,,,4110,678150
FL00746,24-12-2024,Air India,AI 399,Airbus A321,DEL,Delhi,JAI,Jaipur,18:18,18:21,19:16,19:16,58,108,190,0.5684,Student,3,0,On Time,,,1800,194400
FL01078,24-12-2024,Air India,AI 544,Airbus A320,HYD,Hyderabad,PNQ,Pune,19:49,19:53,21:09,21:11,80,110,174,0.6322,Family,4,2,On Time,,,2830,311300
FL02007,24-12-2024,IndiGo,6E 964,ATR 72,GOI,Goa,AMD,Ahmedabad,20:33,20:42,22:26,22:40,113,50,70,0.7143,Leisure,9,14,On Time,,,4600,230000
FL02357,24-12-2024,SpiceJet,SG 641,Boeing 737-800,AMD,Ahmedabad,BLR,Bengaluru,17:13,19:14,19:22,21:38,129,127,189,0.672,Leisure,121,136,Delayed,Air Traffic,,7000,889000
FL03254,24-12-2024,IndiGo,6E 481,Airbus A320neo,JAI,Jaipur,BOM,Mumbai,15:44,15:52,17:18,17:20,94,126,180,0.7,Business,8,2,On Time,,,4270,538020
FL04448,24-12-2024,Air India Express,IX 535,Boeing 737-8,CCU,Kolkata,MAA,Chennai,14:04,15:10,16:35,17:34,151,175,189,0.9259,Leisure,66,59,Delayed,Technical Issue,,8570,1499750
FL04579,24-12-2024,IndiGo,6E 731,Airbus A320neo,BOM,Mumbai,MAA,Chennai,16:17,16:18,18:20,18:27,123,128,180,0.7111,Family,1,7,On Time,,,5700,729600
FL00142,25-12-2024,Akasa Air,QP 132,Boeing 737 MAX 8,COK,Kochi,BOM,Mumbai,17:20,18:51,19:15,20:49,115,169,189,0.8942,Business,91,94,Delayed,Technical Issue,,6600,1115400
FL00558,25-12-2024,IndiGo,6E 580,Airbus A321neo,HYD,Hyderabad,MAA,Chennai,05:50,05:53,06:59,07:09,69,156,220,0.7091,Business,3,10,On Time,,,2540,396240
FL00959,25-12-2024,Air India,AI 493,Boeing 787-8,PNQ,Pune,COK,Kochi,06:45,07:39,08:40,09:31,115,188,256,0.7344,Business,54,51,Delayed,Ground Operations,,5230,983240
FL01149,25-12-2024,IndiGo,6E 213,Airbus A320neo,GAU,Guwahati,JAI,Jaipur,13:38,13:45,16:30,16:39,172,126,180,0.7,Family,7,9,On Time,,,8260,1040760
FL03183,25-12-2024,IndiGo,6E 416,Airbus A320neo,CCU,Kolkata,BOM,Mumbai,14:56,15:04,17:45,17:59,169,103,180,0.5722,Student,8,14,On Time,,,7990,822970
FL03776,25-12-2024,IndiGo,6E 930,ATR 72,BOM,Mumbai,GAU,Guwahati,14:25,14:29,17:49,17:52,204,60,70,0.8571,Family,4,3,On Time,,,12280,736800
FL04791,25-12-2024,Akasa Air,QP 541,Boeing 737 MAX 8,BLR,Bengaluru,MAA,Chennai,21:22,21:25,22:26,22:28,64,148,189,0.7831,Family,3,2,On Time,,,1800,266400
FL00359,26-12-2024,Air India Express,IX 214,Boeing 737-800,HYD,Hyderabad,PNQ,Pune,19:13,19:16,20:23,20:30,70,140,180,0.7778,Leisure,3,7,On Time,,,2560,358400
FL01822,26-12-2024,IndiGo,6E 809,Airbus A321neo,NAG,Nagpur,HYD,Hyderabad,19:27,19:28,20:29,20:29,62,154,220,0.7,Leisure,1,0,On Time,,,2020,311080
FL02613,26-12-2024,IndiGo,6E 700,ATR 72,PNQ,Pune,COK,Kochi,11:37,11:46,13:31,13:37,114,53,70,0.7571,Leisure,9,6,On Time,,,5140,272420
FL02665,26-12-2024,IndiGo,6E 748,Airbus A321neo,BOM,Mumbai,PNQ,Pune,12:33,12:37,13:19,13:24,46,152,220,0.6909,Business,4,5,On Time,,,1800,273600
FL02802,26-12-2024,Air India Express,IX 898,Boeing 737-8,GOI,Goa,COK,Kochi,09:47,09:48,11:22,11:25,95,110,189,0.582,Family,1,3,On Time,,,2370,260700
FL03294,26-12-2024,IndiGo,6E 508,Airbus A321neo,DEL,Delhi,BOM,Mumbai,16:34,16:34,18:47,18:50,133,175,220,0.7955,Family,0,3,On Time,,,6300,1102500
FL00126,27-12-2024,IndiGo,6E 219,Airbus A321neo,DEL,Delhi,COK,Kochi,21:12,21:12,00:36,00:36,204,162,220,0.7364,Family,0,0,On Time,,,11660,1888920
FL00509,27-12-2024,IndiGo,6E 548,ATR 72,GOI,Goa,HYD,Hyderabad,13:46,13:52,15:17,15:19,91,44,70,0.6286,Family,6,2,On Time,,,2610,114840
FL00560,27-12-2024,Akasa Air,QP 233,Boeing 737 MAX 8,BOM,Mumbai,PNQ,Pune,14:45,14:51,15:30,15:35,45,161,189,0.8519,Business,6,5,On Time,,,1800,289800
FL01270,27-12-2024,IndiGo,6E 329,Airbus A321neo,DEL,Delhi,MAA,Chennai,06:10,06:15,09:14,09:17,184,193,220,0.8773,Leisure,5,3,On Time,,,9550,1843150
FL01570,27-12-2024,Air India,AI 747,Airbus A321,GAU,Guwahati,DEL,Delhi,19:08,19:12,21:48,21:51,160,153,190,0.8053,Leisure,4,3,On Time,,,8010,1225530
FL01830,27-12-2024,IndiGo,6E 817,ATR 72,AMD,Ahmedabad,JAI,Jaipur,18:21,20:43,19:33,21:54,72,57,70,0.8143,Student,142,141,Delayed,Air Traffic,,3190,181830
FL01921,27-12-2024,Air India Express,IX 633,Boeing 737-800,AMD,Ahmedabad,NAG,Nagpur,20:50,20:59,22:27,22:33,97,137,180,0.7611,Family,9,6,On Time,,,3950,541150
FL02616,27-12-2024,Akasa Air,QP 794,Boeing 737 MAX 8,GOI,Goa,PNQ,Pune,16:08,16:10,17:10,17:13,62,146,189,0.7725,Family,2,3,On Time,,,1890,275940
FL03979,27-12-2024,SpiceJet,SG 212,Boeing 737-800,AMD,Ahmedabad,HYD,Hyderabad,11:49,11:54,13:37,13:40,108,141,189,0.746,Senior Citizen,5,3,On Time,,,5760,812160
FL04190,27-12-2024,Akasa Air,QP 392,Boeing 737 MAX 8,PNQ,Pune,MAA,Chennai,16:11,16:19,18:02,18:10,111,156,189,0.8254,Student,8,8,On Time,,,5490,856440
FL04498,27-12-2024,IndiGo,6E 668,Airbus A321neo,BOM,Mumbai,HYD,Hyderabad,21:48,21:49,23:10,23:10,82,169,220,0.7682,Student,1,0,On Time,,,3770,637130
FL04544,27-12-2024,SpiceJet,SG 374,Boeing 737-800,CCU,Kolkata,HYD,Hyderabad,06:28,07:05,08:32,09:20,124,148,189,0.7831,Leisure,37,48,Delayed,Technical Issue,,7190,1064120
FL00907,28-12-2024,Air India Express,IX 358,Boeing 737-8,PNQ,Pune,BOM,Mumbai,05:19,07:52,06:04,08:37,45,157,189,0.8307,Student,153,153,Delayed,Air Traffic,,1800,282600
FL01725,28-12-2024,IndiGo,6E 727,Airbus A320neo,MAA,Chennai,BLR,Bengaluru,18:02,20:30,18:54,21:40,52,134,180,0.7444,Business,148,166,Delayed,Late Arrival of Aircraft,,1800,241200
FL02098,28-12-2024,IndiGo,6E 242,Airbus A321neo,HYD,Hyderabad,MAA,Chennai,18:42,18:43,19:57,19:57,75,193,220,0.8773,Business,1,0,On Time,,,2960,571280
FL03056,28-12-2024,IndiGo,6E 304,ATR 72,COK,Kochi,MAA,Chennai,14:54,15:59,16:05,18:25,71,42,70,0.6,Leisure,65,140,Diverted,Late Arrival of Aircraft,,3130,131460
FL03355,28-12-2024,Akasa Air,QP 969,Boeing 737 MAX 8,CCU,Kolkata,MAA,Chennai,16:37,16:41,18:58,19:02,141,154,189,0.8148,Family,4,4,On Time,,,7650,1178100
FL04007,28-12-2024,Akasa Air,QP 341,Boeing 737 MAX 8,BOM,Mumbai,HYD,Hyderabad,21:49,21:57,23:15,23:20,86,183,189,0.9683,Business,8,5,On Time,,,3950,722850
FL04475,28-12-2024,IndiGo,6E 654,Airbus A321neo,HYD,Hyderabad,PNQ,Pune,07:21,07:30,08:27,08:34,66,171,220,0.7773,Family,9,7,On Time,,,2850,487350
FL00678,29-12-2024,Akasa Air,QP 280,Boeing 737 MAX 8,COK,Kochi,HYD,Hyderabad,06:20,06:26,08:06,08:14,106,141,189,0.746,Senior Citizen,6,8,On Time,,,4380,617580
FL01321,29-12-2024,IndiGo,6E 384,ATR 72,BLR,Bengaluru,MAA,Chennai,22:25,23:41,23:18,00:25,53,59,70,0.8429,Leisure,76,67,Delayed,Crew,,1800,106200
FL01332,29-12-2024,SpiceJet,SG 442,Bombardier Q400,NAG,Nagpur,LKO,Lucknow,17:16,17:17,18:36,18:42,80,66,78,0.8462,Senior Citizen,1,6,On Time,,,3850,254100
FL01474,29-12-2024,IndiGo,6E 520,Airbus A321neo,COK,Kochi,BLR,Bengaluru,09:26,09:30,10:28,10:35,62,168,220,0.7636,Business,4,7,On Time,,,1840,309120
FL02319,29-12-2024,Air India,AI 234,Airbus A320,MAA,Chennai,COK,Kochi,13:00,13:07,14:07,14:18,67,140,174,0.8046,Business,7,11,On Time,,,3570,499800
FL02632,29-12-2024,Air India Express,IX 847,Boeing 737-8,AMD,Ahmedabad,BOM,Mumbai,19:06,19:09,20:14,20:14,68,139,189,0.7354,Family,3,0,On Time,,,1960,272440
FL02749,29-12-2024,IndiGo,6E 825,ATR 72,BLR,Bengaluru,NAG,Nagpur,14:07,14:08,15:58,15:58,111,53,70,0.7571,Leisure,1,0,On Time,,,6090,322770
FL03298,29-12-2024,IndiGo,6E 514,Airbus A321neo,BLR,Bengaluru,JAI,Jaipur,06:26,07:55,09:02,10:25,156,114,220,0.5182,Leisure,89,83,Delayed,Weather,,7460,850440
FL03507,29-12-2024,IndiGo,6E 716,Airbus A320neo,COK,Kochi,BLR,Bengaluru,10:09,10:16,11:07,11:21,58,155,180,0.8611,Student,7,14,On Time,,,2170,336350
FL03935,29-12-2024,Akasa Air,QP 307,Boeing 737 MAX 8,GOI,Goa,PNQ,Pune,05:41,05:44,06:33,06:40,52,115,189,0.6085,Family,3,7,On Time,,,1800,207000
FL03939,29-12-2024,Air India Express,IX 392,Boeing 737-800,MAA,Chennai,HYD,Hyderabad,05:43,05:46,07:07,07:14,84,132,180,0.7333,Student,3,7,On Time,,,2850,376200
FL04592,29-12-2024,SpiceJet,SG 388,Boeing 737-800,BOM,Mumbai,BLR,Bengaluru,11:44,11:47,13:24,13:32,100,119,189,0.6296,Student,3,8,On Time,,,3980,473620
FL00581,30-12-2024,Akasa Air,QP 242,Boeing 737 MAX 8,AMD,Ahmedabad,DEL,Delhi,10:28,10:34,12:04,12:18,96,121,189,0.6402,Business,6,14,On Time,,,4070,492470
FL01269,30-12-2024,IndiGo,6E 326,Airbus A321neo,DEL,Delhi,CCU,Kolkata,05:19,06:07,07:40,08:46,141,136,220,0.6182,Leisure,48,66,Delayed,Weather,,6340,862240
FL01558,30-12-2024,SpiceJet,SG 471,Bombardier Q400,BOM,Mumbai,PNQ,Pune,06:21,06:25,07:08,07:12,47,54,78,0.6923,Student,4,4,On Time,,,1800,97200
FL02330,30-12-2024,Air India,AI 240,Airbus A320,MAA,Chennai,BLR,Bengaluru,19:24,19:31,20:17,20:24,53,129,174,0.7414,Senior Citizen,7,7,On Time,,,1800,232200
FL02500,30-12-2024,IndiGo,6E 600,Airbus A320neo,DEL,Delhi,HYD,Hyderabad,08:34,08:38,10:49,10:58,135,166,180,0.9222,Family,4,9,On Time,,,7290,1210140
FL03490,30-12-2024,SpiceJet,SG 893,Boeing 737-800,AMD,Ahmedabad,BLR,Bengaluru,09:55,10:00,12:05,12:05,130,120,189,0.6349,Family,5,0,On Time,,,5000,600000
FL03557,30-12-2024,Air India,AI 717,Boeing 787-8,PNQ,Pune,GOI,Goa,06:34,06:41,07:31,07:39,57,188,256,0.7344,Family,7,8,On Time,,,2080,391040
FL03967,30-12-2024,Air India,AI 904,Airbus A321,CCU,Kolkata,DEL,Delhi,20:24,20:33,22:45,22:53,141,119,190,0.6263,Senior Citizen,9,8,On Time,,,6740,802060
FL04901,30-12-2024,Akasa Air,QP 576,Boeing 737 MAX 8,BLR,Bengaluru,MAA,Chennai,16:12,16:15,17:11,17:12,59,144,189,0.7619,Student,3,1,On Time,,,1800,259200
FL01819,31-12-2024,IndiGo,6E 806,Airbus A321neo,BOM,Mumbai,MAA,Chennai,06:26,06:30,08:25,08:34,119,176,220,0.8,Business,4,9,On Time,,,5410,952160
FL01853,31-12-2024,IndiGo,6E 837,Airbus A320neo,AMD,Ahmedabad,BLR,Bengaluru,07:07,07:14,09:21,09:26,134,128,180,0.7111,Family,7,5,On Time,,,6490,830720
FL02552,31-12-2024,IndiGo,6E 649,Airbus A320neo,PNQ,Pune,AMD,Ahmedabad,13:20,13:20,14:31,14:31,71,124,180,0.6889,Family,0,0,On Time,,,2850,353400
FL04114,31-12-2024,IndiGo,6E 360,Airbus A321neo,MAA,Chennai,AMD,Ahmedabad,16:17,16:26,18:38,18:43,141,149,220,0.6773,Student,9,5,On Time,,,7030,1047470
FL00090,01-01-2025,Air India,AI 126,Airbus A321,BLR,Bengaluru,CJB,Coimbatore,08:18,08:22,09:10,09:10,52,139,190,0.7316,Family,4,0,On Time,,,1800,250200
FL00203,01-01-2025,Air India,AI 152,Boeing 787-8,BOM,Mumbai,GOI,Goa,05:29,05:33,06:39,06:46,70,202,256,0.7891,Student,4,7,On Time,,,2450,494900
FL01127,01-01-2025,IndiGo,6E 990,ATR 72,BLR,Bengaluru,COK,Kochi,18:20,18:28,19:19,19:27,59,50,70,0.7143,Business,8,8,On Time,,,2090,104500
FL02358,01-01-2025,IndiGo,6E 465,Airbus A321neo,BOM,Mumbai,COK,Kochi,15:44,15:47,17:48,17:48,124,198,220,0.9,Student,3,0,On Time,,,6660,1318680
FL02676,01-01-2025,IndiGo,6E 762,Airbus A321neo,CCU,Kolkata,MAA,Chennai,18:38,18:46,21:04,21:09,146,192,220,0.8727,Leisure,8,5,On Time,,,8980,1724160
FL03603,01-01-2025,Air India,AI 735,Airbus A320,HYD,Hyderabad,DEL,Delhi,06:28,06:28,08:45,08:45,137,108,174,0.6207,Leisure,0,0,On Time,,,6710,724680
FL04761,01-01-2025,IndiGo,6E 863,Airbus A320neo,LKO,Lucknow,COK,Kochi,22:07,00:55,01:11,04:21,184,131,180,0.7278,Family,168,190,Delayed,Weather,,10080,1320480
FL04818,01-01-2025,SpiceJet,SG 443,Bombardier Q400,DEL,Delhi,BOM,Mumbai,19:15,19:16,21:29,21:38,134,70,78,0.8974,Family,1,9,On Time,,,6880,481600
FL01687,02-01-2025,IndiGo,6E 700,Airbus A320neo,NAG,Nagpur,MAA,Chennai,10:49,10:56,12:41,12:45,112,125,180,0.6944,Leisure,7,4,On Time,,,4220,527500
FL02067,02-01-2025,IndiGo,6E 212,Airbus A320neo,AMD,Ahmedabad,HYD,Hyderabad,09:01,09:09,10:47,10:59,106,122,180,0.6778,Business,8,12,On Time,,,4690,572180
FL02170,02-01-2025,Air India,AI 985,Airbus A320,DEL,Delhi,HYD,Hyderabad,11:40,11:49,13:59,14:13,139,162,174,0.931,Student,9,14,On Time,,,7750,1255500
FL02173,02-01-2025,IndiGo,6E 305,Airbus A321neo,AMD,Ahmedabad,PNQ,Pune,08:49,08:55,09:59,09:59,70,187,220,0.85,Business,6,0,On Time,,,2900,542300
FL02717,02-01-2025,Air India,AI 406,Boeing 787-8,CCU,Kolkata,AMD,Ahmedabad,15:40,15:44,18:28,18:38,168,168,256,0.6562,Business,4,10,On Time,,,8380,1407840
FL03345,02-01-2025,IndiGo,6E 561,Airbus A320neo,JAI,Jaipur,BOM,Mumbai,16:08,16:09,17:54,17:54,106,145,180,0.8056,Leisure,1,0,On Time,,,5250,761250
FL04137,02-01-2025,Air India,AI 969,Airbus A320,MAA,Chennai,NAG,Nagpur,21:51,21:55,23:42,23:47,111,145,174,0.8333,Student,4,5,On Time,,,5250,761250
FL04535,02-01-2025,SpiceJet,SG 364,Boeing 737-800,GAU,Guwahati,GOI,Goa,19:12,19:14,22:52,22:52,220,159,189,0.8413,Business,2,0,On Time,,,11110,1766490
FL00278,03-01-2025,Air India,AI 172,Boeing 787-8,AMD,Ahmedabad,HYD,Hyderabad,17:24,18:00,19:16,22:14,112,195,256,0.7617,Senior Citizen,36,178,Diverted,Security,,6260,1220700
FL00438,03-01-2025,SpiceJet,SG 225,Boeing 737-800,BLR,Bengaluru,BOM,Mumbai,19:29,,21:13,,104,0,189,0,Leisure,0,0,Cancelled,,Crew Availability,3880,0
FL00504,03-01-2025,Air India,AI 281,Airbus A321,PNQ,Pune,BOM,Mumbai,15:00,15:06,15:45,15:57,45,135,190,0.7105,Business,6,12,On Time,,,1800,243000
FL00576,03-01-2025,Air India Express,IX 269,Boeing 737-800,BOM,Mumbai,MAA,Chennai,12:52,12:56,14:55,15:07,123,135,180,0.75,Business,4,12,On Time,,,4580,618300
FL01175,03-01-2025,Air India,AI 568,Airbus A320,MAA,Chennai,BLR,Bengaluru,11:34,11:34,12:28,12:29,54,168,174,0.9655,Business,0,1,On Time,,,2160,362880
FL02063,03-01-2025,Air India Express,IX 668,Boeing 737-800,BLR,Bengaluru,GOI,Goa,08:17,08:17,09:27,09:27,70,154,180,0.8556,Family,0,0,On Time,,,2680,412720
FL02070,03-01-2025,Air India Express,IX 669,Boeing 737-800,AMD,Ahmedabad,BLR,Bengaluru,12:13,12:17,14:29,14:32,136,140,180,0.7778,Business,4,3,On Time,,,6340,887600
FL02135,03-01-2025,Akasa Air,QP 675,Boeing 737 MAX 8,HYD,Hyderabad,BOM,Mumbai,05:46,05:48,07:06,07:16,80,159,189,0.8413,Leisure,2,10,On Time,,,3910,621690
FL03562,03-01-2025,IndiGo,6E 768,Airbus A321neo,BLR,Bengaluru,COK,Kochi,05:03,05:07,06:05,06:08,62,218,220,0.9909,Leisure,4,3,On Time,,,2330,507940
FL04762,03-01-2025,Air India,AI 416,Airbus A321,DEL,Delhi,CCU,Kolkata,12:32,12:37,14:54,15:00,142,178,190,0.9368,Family,5,6,On Time,,,9170,1632260
FL00210,04-01-2025,IndiGo,6E 291,Airbus A320neo,DEL,Delhi,LKO,Lucknow,11:39,11:43,12:41,12:48,62,155,180,0.8611,Student,4,7,On Time,,,2640,409200
FL01506,04-01-2025,IndiGo,6E 550,Airbus A320neo,DEL,Delhi,COK,Kochi,12:15,12:20,15:43,15:52,208,136,180,0.7556,Family,5,9,On Time,,,11810,1606160
FL01688,04-01-2025,IndiGo,6E 703,Airbus A321neo,LKO,Lucknow,AMD,Ahmedabad,16:17,16:23,18:08,18:08,111,161,220,0.7318,Business,6,0,On Time,,,5240,843640
FL01881,04-01-2025,Air India,AI 876,Airbus A320,DEL,Delhi,GOI,Goa,05:17,07:07,08:05,09:47,168,149,174,0.8563,Leisure,110,102,Delayed,Air Traffic,,10130,1509370
FL02481,04-01-2025,Akasa Air,QP 766,Boeing 737 MAX 8,CCU,Kolkata,DEL,Delhi,17:33,17:34,19:57,19:59,144,152,189,0.8042,Senior Citizen,1,2,On Time,,,7700,1170400
FL02975,04-01-2025,IndiGo,6E 231,Airbus A320neo,GOI,Goa,HYD,Hyderabad,05:34,05:40,06:53,07:03,79,145,180,0.8056,Family,6,10,On Time,,,2890,419050
FL03329,04-01-2025,IndiGo,6E 540,Airbus A321neo,GOI,Goa,COK,Kochi,20:39,20:47,22:07,22:16,88,170,220,0.7727,Family,8,9,On Time,,,4230,719100
FL03409,04-01-2025,IndiGo,6E 616,Airbus A321neo,LKO,Lucknow,CCU,Kolkata,05:52,05:59,07:37,07:47,105,154,220,0.7,Business,7,10,On Time,,,5050,777700
FL03525,04-01-2025,IndiGo,6E 733,Airbus A320neo,BOM,Mumbai,COK,Kochi,20:02,20:11,22:09,22:16,127,143,180,0.7944,Leisure,9,7,On Time,,,6270,896610
FL04587,04-01-2025,Air India Express,IX 576,Boeing 737-8,HYD,Hyderabad,BLR,Bengaluru,11:06,11:15,12:07,12:17,61,141,189,0.746,Leisure,9,10,On Time,,,2370,334170
FL04719,04-01-2025,IndiGo,6E 830,Airbus A321neo,JAI,Jaipur,CCU,Kolkata,06:10,06:10,08:38,08:42,148,199,220,0.9045,Leisure,0,4,On Time,,,9670,1924330
FL04861,04-01-2025,IndiGo,6E 948,ATR 72,BOM,Mumbai,AMD,Ahmedabad,12:02,12:11,13:08,13:16,66,60,70,0.8571,Leisure,9,8,On Time,,,2940,176400
FL04898,04-01-2025,IndiGo,6E 979,Airbus A320neo,GOI,Goa,CCU,Kolkata,19:23,21:16,22:19,00:17,176,132,180,0.7333,Senior Citizen,113,118,Delayed,Ground Operations,,10130,1337160
FL00745,05-01-2025,Akasa Air,QP 313,Boeing 737 MAX 8,PNQ,Pune,JAI,Jaipur,17:16,17:41,19:08,19:37,112,147,189,0.7778,Student,25,29,Delayed,Technical Issue,,5390,792330
FL00809,05-01-2025,IndiGo,6E 760,Airbus A320neo,DEL,Delhi,GOI,Goa,18:58,19:01,21:35,21:36,157,122,180,0.6778,Student,3,1,On Time,,,8840,1078480
FL01476,05-01-2025,IndiGo,6E 526,Airbus A320neo,DEL,Delhi,PNQ,Pune,07:21,09:11,09:39,11:40,138,145,180,0.8056,Family,110,121,Delayed,Technical Issue,,7090,1028050
FL02268,05-01-2025,IndiGo,6E 388,Airbus A320neo,PNQ,Pune,BOM,Mumbai,07:49,07:55,08:34,08:43,45,126,180,0.7,Leisure,6,9,On Time,,,1800,226800
FL02541,05-01-2025,IndiGo,6E 638,Airbus A320neo,NAG,Nagpur,COK,Kochi,15:27,15:29,17:51,17:51,144,129,180,0.7167,Family,2,0,On Time,,,6650,857850
FL03180,05-01-2025,SpiceJet,SG 812,Boeing 737-800,HYD,Hyderabad,GAU,Guwahati,08:06,08:09,10:57,10:57,171,127,189,0.672,Leisure,3,0,On Time,,,9350,1187450
FL03375,05-01-2025,SpiceJet,SG 867,Bombardier Q400,PNQ,Pune,BOM,Mumbai,17:11,17:18,17:56,18:02,45,62,78,0.7949,Senior Citizen,7,6,On Time,,,1800,111600
FL04764,05-01-2025,IndiGo,6E 866,ATR 72,BLR,Bengaluru,CJB,Coimbatore,08:06,09:25,08:56,10:15,50,66,70,0.9429,Leisure,79,79,Delayed,Late Arrival of Aircraft,,1800,118800
FL04813,05-01-2025,Akasa Air,QP 549,Boeing 737 MAX 8,PNQ,Pune,BOM,Mumbai,08:01,,08:46,,45,0,189,0,Family,0,0,Cancelled,,Other,1800,0
FL00470,06-01-2025,IndiGo,6E 518,Airbus A321neo,BOM,Mumbai,BLR,Bengaluru,17:19,17:19,19:03,19:06,104,175,220,0.7955,Student,0,3,On Time,,,4240,742000
FL01033,06-01-2025,SpiceJet,SG 385,Boeing 737-800,BOM,Mumbai,MAA,Chennai,20:46,22:13,22:48,00:05,122,153,189,0.8095,Business,87,77,Delayed,Air Traffic,,5410,827730
FL03846,06-01-2025,IndiGo,6E 975,Airbus A321neo,COK,Kochi,PNQ,Pune,13:08,13:12,14:56,14:58,108,167,220,0.7591,Family,4,2,On Time,,,5150,860050
FL04135,06-01-2025,Air India Express,IX 443,Boeing 737-8,DEL,Delhi,HYD,Hyderabad,07:12,07:21,09:28,09:42,136,187,189,0.9894,Business,9,14,On Time,,,7180,1342660
FL04244,06-01-2025,IndiGo,6E 461,Airbus A320neo,BLR,Bengaluru,PNQ,Pune,06:27,06:35,07:59,08:13,92,127,180,0.7056,Student,8,14,On Time,,,3800,482600
FL01970,07-01-2025,IndiGo,6E 923,Airbus A320neo,COK,Kochi,BLR,Bengaluru,07:15,08:21,08:07,09:08,52,141,180,0.7833,Student,66,61,Delayed,Technical Issue,,2310,325710
FL02540,07-01-2025,Air India Express,IX 812,Boeing 737-8,BLR,Bengaluru,GOI,Goa,15:36,15:41,16:43,16:43,67,111,189,0.5873,Leisure,5,0,On Time,,,2420,268620
FL03744,07-01-2025,Air India Express,IX 337,Boeing 737-8,AMD,Ahmedabad,MAA,Chennai,14:36,16:02,17:06,18:38,150,133,189,0.7037,Leisure,86,92,Delayed,Air Traffic,,6310,839230
FL03933,07-01-2025,Air India,AI 895,Airbus A321,BOM,Mumbai,PNQ,Pune,10:23,10:27,11:08,11:14,45,142,190,0.7474,Leisure,4,6,On Time,,,1800,255600
FL04031,07-01-2025,IndiGo,6E 292,ATR 72,HYD,Hyderabad,MAA,Chennai,09:45,09:45,11:00,11:09,75,65,70,0.9286,Senior Citizen,0,9,On Time,,,3070,199550
FL04134,07-01-2025,Air India,AI 965,Airbus A320,COK,Kochi,MAA,Chennai,19:28,20:26,20:47,21:48,79,156,174,0.8966,Business,58,61,Delayed,Crew,,3190,497640
FL04420,07-01-2025,IndiGo,6E 604,Airbus A320neo,CJB,Coimbatore,HYD,Hyderabad,06:33,06:42,08:03,08:16,90,152,180,0.8444,Student,9,13,On Time,,,4090,621680
FL02198,08-01-2025,IndiGo,6E 334,ATR 72,LKO,Lucknow,PNQ,Pune,21:51,21:52,00:03,00:03,132,47,70,0.6714,Business,1,0,On Time,,,6160,289520
FL02690,08-01-2025,Air India Express,IX 861,Boeing 737-800,HYD,Hyderabad,AMD,Ahmedabad,21:17,21:18,23:01,23:01,104,133,180,0.7389,Leisure,1,0,On Time,,,3990,530670
FL02721,08-01-2025,IndiGo,6E 800,Airbus A320neo,BLR,Bengaluru,DEL,Delhi,08:48,08:50,11:47,11:52,179,175,180,0.9722,Leisure,2,5,On Time,,,9020,1578500
FL03413,08-01-2025,Air India Express,IX 254,Boeing 737-800,PNQ,Pune,BLR,Bengaluru,10:50,10:57,12:20,12:28,90,176,180,0.9778,Leisure,7,8,On Time,,,4280,753280
FL03752,08-01-2025,Air India,AI 804,Boeing 787-8,MAA,Chennai,BOM,Mumbai,22:15,22:21,00:18,00:18,123,208,256,0.8125,Leisure,6,0,On Time,,,6400,1331200
FL03911,08-01-2025,Air India Express,IX 384,Boeing 737-8,HYD,Hyderabad,AMD,Ahmedabad,21:04,21:11,22:46,22:52,102,139,189,0.7354,Student,7,6,On Time,,,4180,581020
FL04266,08-01-2025,Air India Express,IX 476,Boeing 737-800,AMD,Ahmedabad,HYD,Hyderabad,18:16,18:18,19:58,20:07,102,132,180,0.7333,Business,2,9,On Time,,,4130,545160
FL04339,08-01-2025,IndiGo,6E 532,Airbus A320neo,COK,Kochi,HYD,Hyderabad,12:01,12:03,13:49,13:57,108,108,180,0.6,Leisure,2,8,On Time,,,4520,488160
FL04373,08-01-2025,SpiceJet,SG 323,Boeing 737-800,AMD,Ahmedabad,DEL,Delhi,17:00,17:04,18:38,18:45,98,161,189,0.8519,Leisure,4,7,On Time,,,4020,647220
FL04620,08-01-2025,IndiGo,6E 768,Airbus A320neo,AMD,Ahmedabad,MAA,Chennai,11:49,11:57,14:08,14:11,139,123,180,0.6833,Business,8,3,On Time,,,8170,1004910
FL00500,09-01-2025,Akasa Air,QP 209,Boeing 737 MAX 8,BLR,Bengaluru,PNQ,Pune,17:10,17:16,18:44,18:49,94,146,189,0.7725,Leisure,6,5,On Time,,,4150,605900
FL00721,09-01-2025,IndiGo,6E 686,Airbus A320neo,GOI,Goa,BOM,Mumbai,14:27,14:29,15:30,15:35,63,143,180,0.7944,Leisure,2,5,On Time,,,2250,321750
FL03767,09-01-2025,Air India Express,IX 347,Boeing 737-800,GOI,Goa,CCU,Kolkata,22:18,22:25,01:21,01:26,183,116,180,0.6444,Leisure,7,5,On Time,,,7670,889720
FL00172,10-01-2025,IndiGo,6E 260,Airbus A320neo,PNQ,Pune,BOM,Mumbai,14:22,14:27,15:07,15:07,45,130,180,0.7222,Family,5,0,On Time,,,1800,234000
FL00304,10-01-2025,Air India,AI 185,Boeing 787-8,HYD,Hyderabad,MAA,Chennai,20:37,20:41,21:45,21:51,68,213,256,0.832,Business,4,6,On Time,,,3580,762540
FL00648,10-01-2025,Akasa Air,QP 267,Boeing 737 MAX 8,DEL,Delhi,NAG,Nagpur,21:15,21:24,23:00,23:11,105,123,189,0.6508,Student,9,11,On Time,,,3890,478470
FL00840,10-01-2025,Air India Express,IX 337,Boeing 737-800,BLR,Bengaluru,BOM,Mumbai,11:09,11:11,12:52,12:52,103,124,180,0.6889,Business,2,0,On Time,,,4080,505920
FL02032,10-01-2025,Air India Express,IX 660,Boeing 737-800,BLR,Bengaluru,MAA,Chennai,07:16,07:22,08:14,08:18,58,130,180,0.7222,Leisure,6,4,On Time,,,1800,234000
FL02778,10-01-2025,IndiGo,6E 861,Airbus A320neo,LKO,Lucknow,HYD,Hyderabad,21:00,21:05,23:06,23:15,126,154,180,0.8556,Business,5,9,On Time,,,5660,871640
FL03560,10-01-2025,Air India Express,IX 280,Boeing 737-800,LKO,Lucknow,HYD,Hyderabad,12:54,13:00,15:06,15:12,132,161,180,0.8944,Family,6,6,On Time,,,6250,1006250
FL03722,10-01-2025,IndiGo,6E 901,Airbus A321neo,MAA,Chennai,NAG,Nagpur,17:54,17:56,19:43,19:50,109,135,220,0.6136,Student,2,7,On Time,,,4780,645300
FL00730,11-01-2025,SpiceJet,SG 292,Bombardier Q400,HYD,Hyderabad,DEL,Delhi,21:08,21:13,23:32,23:38,144,75,78,0.9615,Student,5,6,On Time,,,6990,524250
FL00860,11-01-2025,Air India,AI 448,Airbus A321,BLR,Bengaluru,COK,Kochi,05:33,05:37,06:38,06:41,65,126,190,0.6632,Family,4,3,On Time,,,1990,250740
FL01132,11-01-2025,IndiGo,6E 999,Airbus A321neo,PNQ,Pune,BLR,Bengaluru,21:30,21:36,22:58,23:02,88,173,220,0.7864,Leisure,6,4,On Time,,,3850,666050
FL01438,11-01-2025,IndiGo,6E 479,Airbus A321neo,HYD,Hyderabad,BOM,Mumbai,22:08,22:13,23:26,23:26,78,182,220,0.8273,Senior Citizen,5,0,On Time,,,2860,520520
FL01827,11-01-2025,Air India,AI 853,Boeing 787-8,DEL,Delhi,BLR,Bengaluru,13:38,13:44,16:31,16:39,173,192,256,0.75,Leisure,6,8,On Time,,,9000,1728000
FL02564,11-01-2025,SpiceJet,SG 684,Boeing 737-800,MAA,Chennai,HYD,Hyderabad,19:52,20:00,21:07,21:18,75,140,189,0.7407,Family,8,11,On Time,,,2660,372400
FL03407,11-01-2025,IndiGo,6E 613,Airbus A321neo,BOM,Mumbai,CJB,Coimbatore,08:48,08:49,10:45,10:52,117,187,220,0.85,Business,1,7,On Time,,,5350,1000450
FL03893,11-01-2025,SpiceJet,SG 986,Boeing 737-800,AMD,Ahmedabad,NAG,Nagpur,11:08,11:16,12:36,12:41,88,135,189,0.7143,Business,8,5,On Time,,,3380,456300
FL04512,11-01-2025,SpiceJet,SG 359,Bombardier Q400,MAA,Chennai,HYD,Hyderabad,19:31,19:40,20:41,20:51,70,57,78,0.7308,Senior Citizen,9,10,On Time,,,2700,153900
FL00958,12-01-2025,Air India,AI 491,Airbus A321,DEL,Delhi,LKO,Lucknow,15:39,15:39,16:39,16:39,60,124,190,0.6526,Leisure,0,0,On Time,,,2560,317440
FL02955,12-01-2025,SpiceJet,SG 774,Boeing 737-800,JAI,Jaipur,BLR,Bengaluru,08:17,,11:05,,168,0,189,0,Leisure,0,0,Cancelled,,Technical Issue,8640,0
FL03233,12-01-2025,Air India Express,IX 206,Boeing 737-8,NAG,Nagpur,DEL,Delhi,17:57,18:03,19:37,19:42,100,159,189,0.8413,Family,6,5,On Time,,,4910,780690
FL04110,12-01-2025,Air India Express,IX 437,Boeing 737-800,HYD,Hyderabad,GOI,Goa,10:57,12:54,12:16,14:32,79,156,180,0.8667,Business,117,136,Delayed,Other,,2880,449280
FL04811,12-01-2025,SpiceJet,SG 440,Bombardier Q400,HYD,Hyderabad,BOM,Mumbai,05:30,05:30,06:55,06:58,85,71,78,0.9103,Family,0,3,On Time,,,3480,247080
FL00183,13-01-2025,IndiGo,6E 270,Airbus A321neo,DEL,Delhi,BOM,Mumbai,11:25,14:25,13:30,16:46,125,172,220,0.7818,Family,180,196,Delayed,Late Arrival of Aircraft,,5580,959760
FL01475,13-01-2025,IndiGo,6E 523,Airbus A320neo,BOM,Mumbai,HYD,Hyderabad,14:15,14:17,15:34,15:34,79,129,180,0.7167,Business,2,0,On Time,,,2950,380550
FL01622,13-01-2025,IndiGo,6E 658,Airbus A320neo,BLR,Bengaluru,GOI,Goa,16:31,16:37,17:43,17:47,72,163,180,0.9056,Family,6,4,On Time,,,2810,458030
FL02000,13-01-2025,Air India,AI 918,Airbus A320,AMD,Ahmedabad,GOI,Goa,07:08,,09:00,,112,0,174,0,Leisure,0,0,Cancelled,,Weather,4850,0
FL02111,13-01-2025,Air India,AI 969,Airbus A320,NAG,Nagpur,LKO,Lucknow,17:58,18:04,19:18,19:20,80,128,174,0.7356,Senior Citizen,6,2,On Time,,,3480,445440
FL02474,13-01-2025,IndiGo,6E 582,Airbus A321neo,MAA,Chennai,COK,Kochi,15:40,15:44,16:54,17:02,74,110,220,0.5,Leisure,4,8,On Time,,,2460,270600
FL03554,13-01-2025,SpiceJet,SG 904,Bombardier Q400,AMD,Ahmedabad,BLR,Bengaluru,14:19,14:20,16:32,16:32,133,67,78,0.859,Leisure,1,0,On Time,,,7270,487090
FL03917,13-01-2025,IndiGo,6E 224,ATR 72,CCU,Kolkata,PNQ,Pune,17:59,17:59,20:48,20:48,169,59,70,0.8429,Leisure,0,0,On Time,,,9950,587050
FL04127,13-01-2025,IndiGo,6E 374,Airbus A320neo,BLR,Bengaluru,PNQ,Pune,06:04,06:10,07:32,07:34,88,138,180,0.7667,Business,6,2,On Time,,,3070,423660
FL04196,13-01-2025,Akasa Air,QP 395,Boeing 737 MAX 8,BOM,Mumbai,PNQ,Pune,12:58,13:00,13:43,13:43,45,137,189,0.7249,Family,2,0,On Time,,,1800,246600
FL04349,13-01-2025,SpiceJet,SG 304,Bombardier Q400,AMD,Ahmedabad,DEL,Delhi,22:29,22:34,23:54,00:01,85,43,78,0.5513,Business,5,7,On Time,,,3690,158670
FL04393,13-01-2025,Air India,AI 295,Boeing 787-8,CCU,Kolkata,NAG,Nagpur,09:04,09:13,10:57,11:09,113,214,256,0.8359,Leisure,9,12,On Time,,,6510,1393140
FL04875,13-01-2025,IndiGo,6E 959,Airbus A320neo,BLR,Bengaluru,BOM,Mumbai,05:52,07:59,07:37,09:34,105,162,180,0.9,Family,127,117,Delayed,Air Traffic,,5000,810000
FL00148,14-01-2025,IndiGo,6E 238,Airbus A321neo,MAA,Chennai,GOI,Goa,15:04,15:08,16:36,16:41,92,179,220,0.8136,Family,4,5,On Time,,,4300,769700
FL00505,14-01-2025,Akasa Air,QP 212,Boeing 737 MAX 8,LKO,Lucknow,HYD,Hyderabad,14:27,14:36,16:30,16:39,123,156,189,0.8254,Senior Citizen,9,9,On Time,,,5530,862680
FL00843,14-01-2025,IndiGo,6E 792,ATR 72,BLR,Bengaluru,GOI,Goa,18:29,18:32,19:35,19:40,66,43,70,0.6143,Family,3,5,On Time,,,1920,82560
FL01357,14-01-2025,Air India,AI 656,Boeing 787-8,HYD,Hyderabad,BLR,Bengaluru,15:01,15:05,16:06,16:13,65,243,256,0.9492,Business,4,7,On Time,,,3030,736290
FL02370,14-01-2025,IndiGo,6E 474,Airbus A321neo,NAG,Nagpur,DEL,Delhi,11:34,11:42,13:13,13:24,99,152,220,0.6909,Student,8,11,On Time,,,4290,652080
FL02635,14-01-2025,IndiGo,6E 714,Airbus A320neo,BOM,Mumbai,HYD,Hyderabad,08:45,08:54,10:05,10:13,80,77,180,0.4278,Leisure,9,8,On Time,,,2930,225610
FL03340,14-01-2025,IndiGo,6E 552,Airbus A320neo,AMD,Ahmedabad,COK,Kochi,06:35,06:44,09:18,09:27,163,140,180,0.7778,Leisure,9,9,On Time,,,6730,942200
FL03521,14-01-2025,Air India,AI 705,Airbus A320,COK,Kochi,CJB,Coimbatore,14:11,14:11,14:56,14:56,45,130,174,0.7471,Family,0,0,On Time,,,1800,234000
FL04311,14-01-2025,IndiGo,6E 512,Airbus A321neo,BLR,Bengaluru,MAA,Chennai,19:58,20:06,20:52,21:01,54,168,220,0.7636,Leisure,8,9,On Time,,,1800,302400
FL00356,15-01-2025,Air India Express,IX 210,Boeing 737-800,NAG,Nagpur,BOM,Mumbai,14:31,14:38,16:05,16:09,94,113,180,0.6278,Family,7,4,On Time,,,2880,325440
FL00900,15-01-2025,IndiGo,6E 828,Airbus A320neo,DEL,Delhi,GOI,Goa,16:58,17:01,19:41,19:47,163,136,180,0.7556,Family,3,6,On Time,,,7180,976480
FL01216,15-01-2025,IndiGo,6E 280,ATR 72,BOM,Mumbai,AMD,Ahmedabad,16:50,16:58,18:04,18:12,74,41,70,0.5857,Leisure,8,8,On Time,,,2420,99220
FL01366,15-01-2025,SpiceJet,SG 449,Boeing 737-800,HYD,Hyderabad,PNQ,Pune,06:17,07:20,07:31,08:32,74,100,189,0.5291,Student,63,61,Delayed,Weather,,2430,243000
FL01776,15-01-2025,IndiGo,6E 777,ATR 72,HYD,Hyderabad,JAI,Jaipur,08:06,08:11,09:56,09:58,110,52,70,0.7429,Leisure,5,2,On Time,,,5300,275600
FL02016,15-01-2025,IndiGo,6E 974,Airbus A320neo,CJB,Coimbatore,BOM,Mumbai,18:05,18:10,20:05,20:17,120,174,180,0.9667,Leisure,5,12,On Time,,,5710,993540
FL02256,15-01-2025,SpiceJet,SG 618,Bombardier Q400,DEL,Delhi,PNQ,Pune,06:00,06:08,08:15,08:22,135,40,78,0.5128,Family,8,7,On Time,,,5100,204000
FL02307,15-01-2025,IndiGo,6E 417,ATR 72,DEL,Delhi,LKO,Lucknow,20:56,21:03,22:03,22:14,67,48,70,0.6857,Senior Citizen,7,11,On Time,,,2440,117120
FL02496,15-01-2025,SpiceJet,SG 673,Boeing 737-800,AMD,Ahmedabad,GOI,Goa,11:14,11:20,12:54,12:58,100,125,189,0.6614,Student,6,4,On Time,,,3490,436250
FL03973,15-01-2025,IndiGo,6E 247,Airbus A321neo,JAI,Jaipur,DEL,Delhi,22:17,22:23,23:02,23:08,45,167,220,0.7591,Leisure,6,6,On Time,,,1800,300600
FL04381,15-01-2025,Air India,AI 287,Airbus A320,MAA,Chennai,PNQ,Pune,12:58,12:58,14:45,14:45,107,100,174,0.5747,Leisure,0,0,On Time,,,4380,438000
FL00289,16-01-2025,Air India,AI 175,Boeing 787-8,HYD,Hyderabad,BOM,Mumbai,20:43,20:46,22:07,22:12,84,221,256,0.8633,Family,3,5,On Time,,,3930,868530
FL01696,16-01-2025,Akasa Air,QP 558,Boeing 737 MAX 8,BLR,Bengaluru,LKO,Lucknow,20:39,20:39,23:26,23:26,167,117,189,0.619,Student,0,0,On Time,,,7830,916110
FL03403,16-01-2025,IndiGo,6E 609,Airbus A321neo,COK,Kochi,MAA,Chennai,13:11,13:14,14:26,14:26,75,155,220,0.7045,Leisure,3,0,On Time,,,2700,418500
FL03894,16-01-2025,Air India,AI 877,Airbus A320,BLR,Bengaluru,COK,Kochi,10:11,10:15,11:05,11:05,54,144,174,0.8276,Leisure,4,0,On Time,,,1980,285120
FL04161,16-01-2025,Air India,AI 978,Airbus A321,HYD,Hyderabad,BLR,Bengaluru,14:11,15:54,15:28,17:26,77,109,190,0.5737,Leisure,103,118,Delayed,Technical Issue,,2380,259420
FL00537,17-01-2025,Air India Express,IX 265,Boeing 737-8,HYD,Hyderabad,DEL,Delhi,10:09,10:16,12:25,12:28,136,165,189,0.873,Senior Citizen,7,3,On Time,,,7140,1178100
FL02760,17-01-2025,IndiGo,6E 844,ATR 72,COK,Kochi,BOM,Mumbai,09:19,09:24,11:15,11:20,116,52,70,0.7429,Leisure,5,5,On Time,,,6270,326040
FL02862,17-01-2025,Akasa Air,QP 854,Boeing 737 MAX 8,DEL,Delhi,CCU,Kolkata,19:24,,21:52,,148,0,189,0,Business,0,0,Cancelled,,Technical Issue,6500,0
FL03337,17-01-2025,IndiGo,6E 550,ATR 72,JAI,Jaipur,DEL,Delhi,12:40,12:40,13:34,13:34,54,65,70,0.9286,Student,0,0,On Time,,,1800,117000
FL03785,17-01-2025,Akasa Air,QP 273,Boeing 737 MAX 8,AMD,Ahmedabad,MAA,Chennai,08:52,08:52,11:32,11:32,160,126,189,0.6667,Family,0,0,On Time,,,6050,762300
FL04491,17-01-2025,Akasa Air,QP 466,Boeing 737 MAX 8,HYD,Hyderabad,NAG,Nagpur,19:58,20:04,21:08,21:16,70,137,189,0.7249,Senior Citizen,6,8,On Time,,,2440,334280
FL04699,17-01-2025,Air India,AI 387,Airbus A320,BOM,Mumbai,AMD,Ahmedabad,18:14,19:13,19:18,20:36,64,143,174,0.8218,Leisure,59,78,Delayed,Technical Issue,,2310,330330
FL01259,18-01-2025,Air India,AI 610,Airbus A321,MAA,Chennai,GOI,Goa,08:41,08:47,10:11,10:12,90,153,190,0.8053,Leisure,6,1,On Time,,,5190,794070
FL01680,18-01-2025,IndiGo,6E 696,ATR 72,MAA,Chennai,COK,Kochi,15:21,15:25,16:43,16:53,82,57,70,0.8143,Family,4,10,On Time,,,3150,179550
FL01864,18-01-2025,Akasa Air,QP 607,Boeing 737 MAX 8,HYD,Hyderabad,BLR,Bengaluru,20:41,20:49,21:45,21:58,64,160,189,0.8466,Family,8,13,On Time,,,2740,438400
FL02185,18-01-2025,Air India Express,IX 705,Boeing 737-8,DEL,Delhi,JAI,Jaipur,18:14,18:16,19:01,19:01,47,156,189,0.8254,Leisure,2,0,On Time,,,1800,280800
FL02460,18-01-2025,IndiGo,6E 559,ATR 72,PNQ,Pune,HYD,Hyderabad,10:53,10:58,12:05,12:12,72,54,70,0.7714,Family,5,7,On Time,,,3160,170640
FL01823,19-01-2025,Akasa Air,QP 596,Boeing 737 MAX 8,MAA,Chennai,GAU,Guwahati,15:03,15:07,18:13,18:17,190,164,189,0.8677,Family,4,4,On Time,,,13860,2273040
FL01869,19-01-2025,IndiGo,6E 848,ATR 72,PNQ,Pune,HYD,Hyderabad,15:29,15:30,16:42,16:48,73,66,70,0.9429,Family,1,6,On Time,,,3310,218460
FL02418,19-01-2025,IndiGo,6E 518,Airbus A321neo,LKO,Lucknow,MAA,Chennai,21:15,21:15,00:04,00:05,169,184,220,0.8364,Family,0,1,On Time,,,9390,1727760
FL02545,19-01-2025,Air India,AI 334,Airbus A320,CCU,Kolkata,GAU,Guwahati,13:07,13:11,14:26,14:35,79,130,174,0.7471,Family,4,9,On Time,,,3450,448500
FL02879,19-01-2025,Air India Express,IX 921,Boeing 737-800,CJB,Coimbatore,BLR,Bengaluru,15:07,15:07,15:58,15:58,51,133,180,0.7389,Student,0,0,On Time,,,1800,239400
FL03426,19-01-2025,IndiGo,6E 636,Airbus A321neo,CCU,Kolkata,NAG,Nagpur,15:01,15:09,16:53,17:00,112,175,220,0.7955,Business,8,7,On Time,,,5340,934500
FL04142,19-01-2025,IndiGo,6E 381,Airbus A321neo,NAG,Nagpur,MAA,Chennai,18:17,18:35,20:11,20:11,114,176,220,0.8,Senior Citizen,18,0,Delayed,Ground Operations,,5030,885280
FL04455,19-01-2025,Air India Express,IX 539,Boeing 737-800,CCU,Kolkata,COK,Kochi,05:17,05:26,08:34,08:41,197,113,180,0.6278,Business,9,7,On Time,,,9630,1088190
FL00696,20-01-2025,IndiGo,6E 667,Airbus A321neo,BLR,Bengaluru,CJB,Coimbatore,21:40,21:49,22:29,22:38,49,158,220,0.7182,Leisure,9,9,On Time,,,1800,284400
FL00960,20-01-2025,SpiceJet,SG 356,Bombardier Q400,HYD,Hyderabad,BOM,Mumbai,21:40,21:43,22:58,22:58,78,57,78,0.7308,Business,3,0,On Time,,,3030,172710
FL01522,20-01-2025,IndiGo,6E 566,Airbus A321neo,MAA,Chennai,CCU,Kolkata,08:09,08:11,10:34,10:47,145,193,220,0.8773,Leisure,2,13,On Time,,,7650,1476450
FL02029,20-01-2025,IndiGo,6E 982,Airbus A320neo,COK,Kochi,GAU,Guwahati,16:38,16:46,20:28,20:34,230,97,180,0.5389,Family,8,6,On Time,,,13040,1264880
FL02738,20-01-2025,SpiceJet,SG 719,Bombardier Q400,MAA,Chennai,HYD,Hyderabad,20:50,20:56,22:06,22:19,76,59,78,0.7564,Leisure,6,13,On Time,,,3070,181130
FL03904,20-01-2025,Air India,AI 880,Airbus A321,HYD,Hyderabad,CCU,Kolkata,08:27,10:25,10:54,12:53,147,124,190,0.6526,Leisure,118,119,Delayed,Late Arrival of Aircraft,,6900,855600
FL04752,20-01-2025,IndiGo,6E 856,Airbus A321neo,LKO,Lucknow,GAU,Guwahati,09:38,09:44,11:38,11:47,120,198,220,0.9,Leisure,6,9,On Time,,,6850,1356300
FL00244,21-01-2025,IndiGo,6E 326,Airbus A320neo,BLR,Bengaluru,AMD,Ahmedabad,11:31,11:34,13:46,13:49,135,154,180,0.8556,Family,3,3,On Time,,,7490,1153460
FL00582,21-01-2025,IndiGo,6E 594,Airbus A320neo,HYD,Hyderabad,JAI,Jaipur,21:48,21:56,23:58,00:11,130,116,180,0.6444,Business,8,13,On Time,,,4860,563760
FL00951,21-01-2025,IndiGo,6E 859,Airbus A321neo,HYD,Hyderabad,CCU,Kolkata,11:33,11:37,13:50,13:56,137,191,220,0.8682,Family,4,6,On Time,,,7940,1516540
FL00979,21-01-2025,Air India,AI 505,Airbus A321,BOM,Mumbai,AMD,Ahmedabad,12:25,12:34,13:32,13:41,67,125,190,0.6579,Family,9,9,On Time,,,2110,263750
FL01024,21-01-2025,Akasa Air,QP 380,Boeing 737 MAX 8,LKO,Lucknow,MAA,Chennai,12:38,12:41,15:21,15:23,163,159,189,0.8413,Leisure,3,2,On Time,,,8170,1299030
FL01739,21-01-2025,IndiGo,6E 736,Airbus A321neo,GOI,Goa,MAA,Chennai,10:57,11:05,12:29,12:38,92,162,220,0.7364,Business,8,9,On Time,,,3990,646380
FL01748,21-01-2025,IndiGo,6E 741,Airbus A320neo,CCU,Kolkata,MAA,Chennai,18:13,18:21,20:52,20:59,159,151,180,0.8389,Student,8,7,On Time,,,7800,1177800
FL02076,21-01-2025,SpiceJet,SG 578,Bombardier Q400,MAA,Chennai,COK,Kochi,16:11,17:31,17:21,18:47,70,63,78,0.8077,Leisure,80,86,Delayed,Air Traffic,,3040,191520
FL02136,21-01-2025,Air India,AI 977,Airbus A320,PNQ,Pune,GOI,Goa,21:52,00:49,22:49,01:39,57,114,174,0.6552,Senior Citizen,177,170,Delayed,Technical Issue,,1960,223440
FL03931,21-01-2025,Akasa Air,QP 304,Boeing 737 MAX 8,COK,Kochi,LKO,Lucknow,18:34,18:37,21:55,21:55,201,147,189,0.7778,Student,3,0,On Time,,,9080,1334760
FL04254,21-01-2025,IndiGo,6E 470,Airbus A320neo,GOI,Goa,BLR,Bengaluru,14:39,,15:40,,61,0,180,0,Leisure,0,0,Cancelled,,Weather,2440,0
FL04945,21-01-2025,Akasa Air,QP 587,Boeing 737 MAX 8,HYD,Hyderabad,BOM,Mumbai,17:15,17:16,18:42,18:42,87,171,189,0.9048,Family,1,0,On Time,,,3590,613890
FL00328,22-01-2025,IndiGo,6E 399,Airbus A320neo,GAU,Guwahati,NAG,Nagpur,08:07,08:11,10:35,10:35,148,136,180,0.7556,Business,4,0,On Time,,,7540,1025440
FL02112,22-01-2025,Air India,AI 972,Boeing 787-8,COK,Kochi,MAA,Chennai,07:35,07:36,08:47,08:48,72,159,256,0.6211,Business,1,1,On Time,,,2760,438840
FL02509,22-01-2025,Akasa Air,QP 773,Boeing 737 MAX 8,PNQ,Pune,DEL,Delhi,16:16,16:25,18:25,18:29,129,176,189,0.9312,Business,9,4,On Time,,,6920,1217920
FL02702,22-01-2025,Air India Express,IX 863,Boeing 737-800,CCU,Kolkata,MAA,Chennai,21:30,21:34,00:03,00:03,153,150,180,0.8333,Business,4,0,On Time,,,6490,973500
FL04299,22-01-2025,IndiGo,6E 506,ATR 72,PNQ,Pune,HYD,Hyderabad,21:27,21:30,22:37,22:41,70,58,70,0.8286,Family,3,4,On Time,,,2610,151380
FL01155,23-01-2025,IndiGo,6E 225,Airbus A321neo,MAA,Chennai,BLR,Bengaluru,13:43,13:47,14:31,14:36,48,168,220,0.7636,Business,4,5,On Time,,,1800,302400
FL01383,23-01-2025,Air India,AI 666,Airbus A321,PNQ,Pune,MAA,Chennai,13:31,13:37,15:14,15:14,103,156,190,0.8211,Family,6,0,On Time,,,5170,806520
FL02251,23-01-2025,IndiGo,6E 368,ATR 72,CCU,Kolkata,PNQ,Pune,17:44,17:44,20:29,20:32,165,54,70,0.7714,Leisure,0,3,On Time,,,7830,422820
FL02913,23-01-2025,IndiGo,6E 977,Airbus A321neo,MAA,Chennai,BOM,Mumbai,09:44,09:51,11:49,11:58,125,168,220,0.7636,Family,7,9,On Time,,,4920,826560
FL03278,23-01-2025,SpiceJet,SG 838,Bombardier Q400,AMD,Ahmedabad,LKO,Lucknow,20:20,20:24,22:14,22:23,114,65,78,0.8333,Senior Citizen,4,9,On Time,,,4700,305500
FL03640,23-01-2025,IndiGo,6E 820,ATR 72,DEL,Delhi,BLR,Bengaluru,14:25,17:14,17:13,19:58,168,48,70,0.6857,Student,169,165,Delayed,Crew,,9050,434400
FL04490,23-01-2025,IndiGo,6E 664,Airbus A320neo,GAU,Guwahati,HYD,Hyderabad,08:38,08:45,11:32,11:35,174,151,180,0.8389,Leisure,7,3,On Time,,,9170,1384670
FL00303,24-01-2025,Air India,AI 184,Airbus A321,AMD,Ahmedabad,MAA,Chennai,13:28,13:36,15:49,15:56,141,151,190,0.7947,Senior Citizen,8,7,On Time,,,8480,1280480
FL00324,24-01-2025,Air India,AI 194,Airbus A320,DEL,Delhi,COK,Kochi,14:26,14:32,17:49,18:00,203,152,174,0.8736,Family,6,11,On Time,,,13270,2017040
FL00818,24-01-2025,Air India Express,IX 328,Boeing 737-8,BLR,Bengaluru,BOM,Mumbai,07:52,07:56,09:35,09:36,103,167,189,0.8836,Business,4,1,On Time,,,4760,794920
FL01397,24-01-2025,Akasa Air,QP 470,Boeing 737 MAX 8,GOI,Goa,MAA,Chennai,17:53,20:50,19:32,22:23,99,132,189,0.6984,Student,177,171,Delayed,Technical Issue,,3730,492360
FL04417,24-01-2025,Akasa Air,QP 444,Boeing 737 MAX 8,MAA,Chennai,DEL,Delhi,18:01,20:27,21:00,23:02,179,180,189,0.9524,Senior Citizen,146,122,Delayed,Other,,10140,1825200
FL00961,25-01-2025,IndiGo,6E 865,Airbus A320neo,DEL,Delhi,BLR,Bengaluru,12:22,12:31,15:30,15:38,188,146,180,0.8111,Family,9,8,On Time,,,9310,1359260
FL01333,25-01-2025,IndiGo,6E 396,Airbus A321neo,CCU,Kolkata,BOM,Mumbai,22:04,23:45,00:50,02:43,166,153,220,0.6955,Leisure,101,113,Delayed,Crew,,9670,1479510
FL01448,25-01-2025,IndiGo,6E 494,Airbus A321neo,MAA,Chennai,PNQ,Pune,18:37,21:29,20:30,23:10,113,144,220,0.6545,Leisure,172,160,Delayed,Technical Issue,,5360,771840
FL02240,25-01-2025,Akasa Air,QP 709,Boeing 737 MAX 8,JAI,Jaipur,CCU,Kolkata,15:28,15:37,17:56,18:07,148,121,189,0.6402,Family,9,11,On Time,,,6180,747780
FL02414,25-01-2025,SpiceJet,SG 660,Boeing 737-800,COK,Kochi,CCU,Kolkata,11:20,11:24,14:42,14:48,202,158,189,0.836,Family,4,6,On Time,,,11260,1779080
FL02456,25-01-2025,Akasa Air,QP 756,Boeing 737 MAX 8,CCU,Kolkata,AMD,Ahmedabad,06:58,07:07,09:54,10:00,176,152,189,0.8042,Leisure,9,6,On Time,,,8370,1272240
FL03927,25-01-2025,IndiGo,6E 226,Airbus A320neo,AMD,Ahmedabad,LKO,Lucknow,10:07,11:28,11:54,13:16,107,136,180,0.7556,Family,81,82,Delayed,Late Arrival of Aircraft,,6200,843200
FL04152,25-01-2025,Air India,AI 976,Boeing 787-8,HYD,Hyderabad,COK,Kochi,16:26,16:30,18:14,18:17,108,212,256,0.8281,Student,4,3,On Time,,,5220,1106640
FL04169,25-01-2025,Air India,AI 981,Boeing 787-8,BOM,Mumbai,GOI,Goa,20:10,20:16,21:19,21:21,69,173,256,0.6758,Leisure,6,2,On Time,,,2600,449800
FL04239,25-01-2025,Air India Express,IX 466,Boeing 737-8,GOI,Goa,HYD,Hyderabad,14:59,17:20,16:13,18:39,74,170,189,0.8995,Senior Citizen,141,146,Delayed,Air Traffic,,2870,487900
FL04477,25-01-2025,Air India,AI 315,Boeing 787-8,CCU,Kolkata,LKO,Lucknow,14:21,14:29,16:06,16:16,105,161,256,0.6289,Leisure,8,10,On Time,,,5040,811440
FL00570,26-01-2025,SpiceJet,SG 253,Boeing 737-800,LKO,Lucknow,MAA,Chennai,05:22,05:26,07:48,07:57,146,161,189,0.8519,Family,4,9,On Time,,,10120,1629320
FL01168,26-01-2025,SpiceJet,SG 416,Boeing 737-800,MAA,Chennai,COK,Kochi,05:30,06:40,06:41,07:59,71,165,189,0.873,Leisure,70,78,Delayed,Weather,,2950,486750
FL02444,26-01-2025,IndiGo,6E 548,Airbus A320neo,BOM,Mumbai,AMD,Ahmedabad,11:03,11:07,12:14,12:15,71,155,180,0.8611,Leisure,4,1,On Time,,,2480,384400
FL02788,26-01-2025,Akasa Air,QP 831,Boeing 737 MAX 8,JAI,Jaipur,CCU,Kolkata,21:32,21:32,23:54,23:57,142,149,189,0.7884,Family,0,3,On Time,,,7730,1151770
FL03823,26-01-2025,IndiGo,6E 961,Airbus A320neo,PNQ,Pune,BLR,Bengaluru,22:11,22:16,23:47,23:55,96,102,180,0.5667,Leisure,5,8,On Time,,,3540,361080
FL04005,26-01-2025,IndiGo,6E 275,Airbus A321neo,DEL,Delhi,BOM,Mumbai,21:57,22:06,00:03,00:11,126,173,220,0.7864,Family,9,8,On Time,,,6030,1043190
FL04087,26-01-2025,IndiGo,6E 338,ATR 72,BLR,Bengaluru,AMD,Ahmedabad,15:52,16:01,18:01,18:08,129,50,70,0.7143,Senior Citizen,9,7,On Time,,,6630,331500
FL00690,27-01-2025,SpiceJet,SG 283,Boeing 737-800,LKO,Lucknow,GAU,Guwahati,11:47,11:47,13:48,13:48,121,117,189,0.619,Business,0,0,On Time,,,4310,504270
FL01462,27-01-2025,Air India,AI 694,Airbus A321,AMD,Ahmedabad,PNQ,Pune,14:30,14:36,15:51,15:55,81,168,190,0.8842,Leisure,6,4,On Time,,,2740,460320
FL04085,27-01-2025,Air India Express,IX 432,Boeing 737-8,DEL,Delhi,HYD,Hyderabad,11:20,13:07,13:31,15:25,131,157,189,0.8307,Leisure,107,114,Delayed,Crew,,6690,1050330
FL04819,27-01-2025,Air India,AI 440,Airbus A320,HYD,Hyderabad,CJB,Coimbatore,13:55,13:55,15:29,15:30,94,129,174,0.7414,Business,0,1,On Time,,,3910,504390
FL01059,28-01-2025,SpiceJet,SG 392,Bombardier Q400,GOI,Goa,PNQ,Pune,20:38,20:47,21:34,21:46,56,58,78,0.7436,Student,9,12,On Time,,,1800,104400
FL03127,28-01-2025,Air India Express,IX 980,Boeing 737-8,MAA,Chennai,BOM,Mumbai,20:33,20:42,22:31,22:38,118,116,189,0.6138,Family,9,7,On Time,,,4540,526640
FL04362,28-01-2025,IndiGo,6E 556,Airbus A320neo,MAA,Chennai,HYD,Hyderabad,20:30,20:35,21:47,21:50,77,126,180,0.7,Leisure,5,3,On Time,,,2600,327600
FL00924,29-01-2025,IndiGo,6E 844,Airbus A320neo,HYD,Hyderabad,DEL,Delhi,08:27,09:41,10:52,11:50,145,123,180,0.6833,Leisure,74,58,Delayed,Crew,,6770,832710
FL01418,29-01-2025,Air India,AI 684,Airbus A321,BLR,Bengaluru,BOM,Mumbai,16:07,16:12,17:48,17:53,101,107,190,0.5632,Senior Citizen,5,5,On Time,,,4300,460100
FL02551,29-01-2025,Air India,AI 337,Airbus A321,LKO,Lucknow,PNQ,Pune,18:26,18:26,20:42,20:42,136,155,190,0.8158,Leisure,0,0,On Time,,,6980,1081900
FL02966,29-01-2025,Air India Express,IX 943,Boeing 737-8,GOI,Goa,AMD,Ahmedabad,17:45,17:52,19:22,19:32,97,128,189,0.6772,Student,7,10,On Time,,,4520,578560
FL03519,29-01-2025,IndiGo,6E 729,Airbus A321neo,CCU,Kolkata,GAU,Guwahati,12:16,12:25,13:32,13:44,76,147,220,0.6682,Business,9,12,On Time,,,2490,366030
FL03694,29-01-2025,IndiGo,6E 871,Airbus A320neo,DEL,Delhi,CCU,Kolkata,21:43,21:44,00:04,00:05,141,158,180,0.8778,Leisure,1,1,On Time,,,7770,1227660
FL04722,29-01-2025,IndiGo,6E 834,ATR 72,CJB,Coimbatore,COK,Kochi,12:46,12:46,13:40,13:41,54,61,70,0.8714,Leisure,0,1,On Time,,,1800,109800
FL01077,30-01-2025,IndiGo,6E 952,Airbus A320neo,PNQ,Pune,BOM,Mumbai,21:51,22:11,22:36,22:46,45,139,180,0.7722,Leisure,20,10,Delayed,Late Arrival of Aircraft,,1800,250200
FL03542,30-01-2025,SpiceJet,SG 899,Boeing 737-800,DEL,Delhi,BOM,Mumbai,09:33,09:37,11:42,11:42,129,187,189,0.9894,Leisure,4,0,On Time,,,6630,1239810
FL03826,30-01-2025,Air India Express,IX 368,Boeing 737-800,LKO,Lucknow,HYD,Hyderabad,21:31,21:32,23:31,23:31,120,151,180,0.8389,Student,1,0,On Time,,,4950,747450
FL03918,30-01-2025,Air India,AI 885,Airbus A321,BLR,Bengaluru,HYD,Hyderabad,18:17,18:23,19:29,19:36,72,147,190,0.7737,Student,6,7,On Time,,,2870,421890
FL04756,30-01-2025,Akasa Air,QP 526,Boeing 737 MAX 8,MAA,Chennai,HYD,Hyderabad,09:53,10:00,11:07,11:19,74,142,189,0.7513,Family,7,12,On Time,,,2640,374880
FL01417,31-01-2025,Akasa Air,QP 477,Boeing 737 MAX 8,MAA,Chennai,CCU,Kolkata,16:38,16:44,19:07,19:11,149,138,189,0.7302,Family,6,4,On Time,,,7330,1011540
FL01816,31-01-2025,Air India Express,IX 613,Boeing 737-800,BLR,Bengaluru,DEL,Delhi,19:06,19:39,22:08,22:41,182,143,180,0.7944,Student,33,33,Delayed,Late Arrival of Aircraft,,8920,1275560
FL02575,31-01-2025,Air India,AI 349,Boeing 787-8,DEL,Delhi,BOM,Mumbai,18:19,18:26,20:34,20:41,135,218,256,0.8516,Leisure,7,7,On Time,,,6350,1384300
FL03313,31-01-2025,IndiGo,6E 524,Airbus A320neo,DEL,Delhi,MAA,Chennai,14:44,14:48,17:47,17:47,183,127,180,0.7056,Student,4,0,On Time,,,9400,1193800
FL04034,31-01-2025,Air India,AI 921,Airbus A320,LKO,Lucknow,AMD,Ahmedabad,21:38,21:47,23:27,23:41,109,150,174,0.8621,Family,9,14,On Time,,,6010,901500
FL01879,01-02-2025,IndiGo,6E 860,Airbus A320neo,PNQ,Pune,GOI,Goa,11:19,11:21,12:14,12:22,55,121,180,0.6722,Leisure,2,8,On Time,,,1800,217800
FL02048,01-02-2025,IndiGo,6E 996,Airbus A321neo,HYD,Hyderabad,BLR,Bengaluru,06:18,06:22,07:25,07:27,67,116,220,0.5273,Business,4,2,On Time,,,2100,243600
FL03089,01-02-2025,Akasa Air,QP 910,Boeing 737 MAX 8,MAA,Chennai,COK,Kochi,07:38,07:40,08:53,08:54,75,123,189,0.6508,Leisure,2,1,On Time,,,2480,305040
FL03909,01-02-2025,Air India,AI 884,Boeing 787-8,MAA,Chennai,HYD,Hyderabad,20:03,20:09,21:10,21:18,67,217,256,0.8477,Family,6,8,On Time,,,2800,607600
FL04053,01-02-2025,SpiceJet,SG 233,Boeing 737-800,GAU,Guwahati,LKO,Lucknow,22:00,22:09,00:01,00:13,121,144,189,0.7619,Senior Citizen,9,12,On Time,,,5730,825120
FL00496,02-02-2025,Akasa Air,QP 207,Boeing 737 MAX 8,BLR,Bengaluru,COK,Kochi,22:15,22:23,23:10,23:19,55,139,189,0.7354,Student,8,9,On Time,,,1800,250200
FL01914,02-02-2025,IndiGo,6E 886,Airbus A321neo,AMD,Ahmedabad,GOI,Goa,12:09,12:12,13:55,13:56,106,181,220,0.8227,Student,3,1,On Time,,,4630,838030
FL02354,02-02-2025,Air India,AI 253,Airbus A320,COK,Kochi,BLR,Bengaluru,05:36,05:39,06:37,06:42,61,130,174,0.7471,Leisure,3,5,On Time,,,2340,304200
FL02519,02-02-2025,IndiGo,6E 615,Airbus A320neo,HYD,Hyderabad,PNQ,Pune,17:19,18:59,18:35,20:06,76,106,180,0.5889,Leisure,100,91,Delayed,Air Traffic,,2380,252280
FL02885,02-02-2025,SpiceJet,SG 753,Boeing 737-800,DEL,Delhi,GOI,Goa,10:36,12:05,13:19,14:48,163,165,189,0.873,Family,89,89,Delayed,Late Arrival of Aircraft,,7800,1287000
FL02988,02-02-2025,IndiGo,6E 242,Airbus A321neo,NAG,Nagpur,COK,Kochi,07:04,07:11,09:15,09:25,131,165,220,0.75,Business,7,10,On Time,,,6410,1057650
FL02994,02-02-2025,IndiGo,6E 248,Airbus A320neo,LKO,Lucknow,DEL,Delhi,19:11,19:11,20:10,20:10,59,166,180,0.9222,Student,0,0,On Time,,,2480,411680
FL03387,02-02-2025,IndiGo,6E 594,ATR 72,CJB,Coimbatore,BLR,Bengaluru,11:42,11:50,12:30,12:40,48,51,70,0.7286,Leisure,8,10,On Time,,,1800,91800
FL04016,02-02-2025,IndiGo,6E 277,Airbus A321neo,JAI,Jaipur,MAA,Chennai,19:56,22:01,22:48,00:39,172,166,220,0.7545,Student,125,111,Delayed,Security,,7800,1294800
FL04618,02-02-2025,Air India Express,IX 589,Boeing 737-800,DEL,Delhi,LKO,Lucknow,22:20,22:27,23:22,23:36,62,136,180,0.7556,Business,7,14,On Time,,,1990,270640
FL01533,03-02-2025,IndiGo,6E 576,ATR 72,AMD,Ahmedabad,BOM,Mumbai,22:05,22:08,23:08,23:08,63,49,70,0.7,Business,3,0,On Time,,,2140,104860
FL01957,03-02-2025,Akasa Air,QP 638,Boeing 737 MAX 8,BLR,Bengaluru,NAG,Nagpur,15:40,15:44,17:31,17:32,111,116,189,0.6138,Business,4,1,On Time,,,3500,406000
FL02883,03-02-2025,IndiGo,6E 947,ATR 72,HYD,Hyderabad,BLR,Bengaluru,20:42,20:49,21:53,22:04,71,52,70,0.7429,Student,7,11,On Time,,,1930,100360
FL04530,03-02-2025,IndiGo,6E 687,Airbus A320neo,BLR,Bengaluru,AMD,Ahmedabad,08:03,08:06,10:14,10:21,131,125,180,0.6944,Business,3,7,On Time,,,5690,711250
FL01202,04-02-2025,IndiGo,6E 263,Airbus A320neo,MAA,Chennai,CJB,Coimbatore,09:05,10:25,10:18,11:45,73,115,180,0.6389,Business,80,87,Delayed,Air Traffic,,1800,207000
FL04322,04-02-2025,Air India Express,IX 499,Boeing 737-800,BLR,Bengaluru,GAU,Guwahati,06:23,06:24,09:50,09:50,207,124,180,0.6889,Leisure,1,0,On Time,,,9070,1124680
FL04326,04-02-2025,Air India Express,IX 500,Boeing 737-8,CCU,Kolkata,MAA,Chennai,11:13,11:13,13:40,13:44,147,137,189,0.7249,Student,0,4,On Time,,,5840,800080
FL00381,05-02-2025,Air India Express,IX 224,Boeing 737-800,BLR,Bengaluru,HYD,Hyderabad,19:06,19:06,20:09,20:09,63,132,180,0.7333,Senior Citizen,0,0,On Time,,,2080,274560
FL00611,05-02-2025,IndiGo,6E 608,Airbus A321neo,DEL,Delhi,PNQ,Pune,16:27,16:35,18:38,18:44,131,173,220,0.7864,Student,8,6,On Time,,,6100,1055300
FL00920,05-02-2025,IndiGo,6E 843,Airbus A320neo,BLR,Bengaluru,CJB,Coimbatore,19:47,19:50,20:37,20:45,50,120,180,0.6667,Leisure,3,8,On Time,,,1800,216000
FL01126,05-02-2025,IndiGo,6E 988,ATR 72,HYD,Hyderabad,BLR,Bengaluru,10:32,12:07,11:34,12:50,62,53,70,0.7571,Business,95,76,Delayed,Ground Operations,,2310,122430
FL01573,05-02-2025,IndiGo,6E 597,ATR 72,PNQ,Pune,HYD,Hyderabad,21:05,21:09,22:24,22:32,79,51,70,0.7286,Senior Citizen,4,8,On Time,,,2590,132090
FL02497,05-02-2025,Air India,AI 313,Boeing 787-8,HYD,Hyderabad,MAA,Chennai,14:05,14:09,15:26,15:31,81,232,256,0.9062,Family,4,5,On Time,,,3370,781840
FL03252,05-02-2025,IndiGo,6E 475,ATR 72,BOM,Mumbai,COK,Kochi,15:14,15:20,17:07,17:21,113,47,70,0.6714,Leisure,6,14,On Time,,,4860,228420
FL03473,05-02-2025,IndiGo,6E 683,Airbus A321neo,MAA,Chennai,BOM,Mumbai,05:46,05:48,07:38,07:44,112,156,220,0.7091,Leisure,2,6,On Time,,,4720,736320
FL03475,05-02-2025,Air India,AI 684,Boeing 787-8,BLR,Bengaluru,GAU,Guwahati,21:23,21:26,00:46,00:46,203,145,256,0.5664,Family,3,0,On Time,,,9990,1448550
FL03552,05-02-2025,Akasa Air,QP 220,Boeing 737 MAX 8,PNQ,Pune,HYD,Hyderabad,07:55,07:55,09:10,09:10,75,130,189,0.6878,Family,0,0,On Time,,,2240,291200
FL04193,05-02-2025,Air India Express,IX 457,Boeing 737-800,CCU,Kolkata,HYD,Hyderabad,21:53,22:00,00:06,00:15,133,127,180,0.7056,Business,7,9,On Time,,,5500,698500
FL04820,05-02-2025,IndiGo,6E 909,Airbus A320neo,LKO,Lucknow,PNQ,Pune,06:16,06:21,08:25,08:29,129,116,180,0.6444,Student,5,4,On Time,,,4840,561440
FL00066,06-02-2025,SpiceJet,SG 123,Boeing 737-800,CCU,Kolkata,BOM,Mumbai,21:38,22:05,00:38,00:58,180,147,189,0.7778,Student,27,20,Delayed,Late Arrival of Aircraft,,6890,1012830
FL00154,06-02-2025,IndiGo,6E 243,Airbus A321neo,BLR,Bengaluru,HYD,Hyderabad,21:56,00:44,23:05,01:57,69,139,220,0.6318,Leisure,168,172,Delayed,Air Traffic,,2080,289120
FL00832,06-02-2025,IndiGo,6E 776,Airbus A321neo,HYD,Hyderabad,DEL,Delhi,13:28,13:37,15:48,15:53,140,203,220,0.9227,Leisure,9,5,On Time,,,7530,1528590
FL00969,06-02-2025,Air India,AI 498,Boeing 787-8,PNQ,Pune,DEL,Delhi,15:25,15:27,17:37,17:42,132,163,256,0.6367,Family,2,5,On Time,,,5560,906280
FL01293,06-02-2025,IndiGo,6E 360,Airbus A320neo,GAU,Guwahati,MAA,Chennai,11:26,11:32,14:38,14:49,192,138,180,0.7667,Leisure,6,11,On Time,,,8500,1173000
FL01799,06-02-2025,IndiGo,6E 793,Airbus A321neo,COK,Kochi,DEL,Delhi,18:51,18:51,22:13,22:13,202,175,220,0.7955,Family,0,0,On Time,,,9720,1701000
FL01893,06-02-2025,Air India,AI 882,Boeing 787-8,DEL,Delhi,GOI,Goa,18:10,18:15,20:55,20:55,165,172,256,0.6719,Family,5,0,On Time,,,7440,1279680
FL03193,06-02-2025,IndiGo,6E 428,Airbus A321neo,BOM,Mumbai,HYD,Hyderabad,06:05,06:07,07:22,07:22,77,147,220,0.6682,Business,2,0,On Time,,,2730,401310
FL04307,06-02-2025,IndiGo,6E 508,Airbus A321neo,JAI,Jaipur,MAA,Chennai,16:01,16:04,18:50,18:52,169,112,220,0.5091,Business,3,2,On Time,,,6260,701120
FL04569,06-02-2025,IndiGo,6E 720,Airbus A320neo,DEL,Delhi,LKO,Lucknow,22:25,22:27,23:32,23:42,67,108,180,0.6,Family,2,10,On Time,,,1800,194400
FL00017,07-02-2025,Air India Express,IX 108,Boeing 737-8,CCU,Kolkata,DEL,Delhi,14:48,16:21,17:12,18:25,144,120,189,0.6349,Senior Citizen,93,73,Delayed,Air Traffic,,5390,646800
FL00165,07-02-2025,IndiGo,6E 258,Airbus A321neo,PNQ,Pune,HYD,Hyderabad,06:41,06:48,07:46,07:54,65,145,220,0.6591,Leisure,7,8,On Time,,,2510,363950
FL00228,07-02-2025,IndiGo,6E 304,Airbus A320neo,DEL,Delhi,BOM,Mumbai,19:13,19:22,21:19,21:32,126,148,180,0.8222,Family,9,13,On Time,,,4880,722240
FL00629,07-02-2025,Akasa Air,QP 263,Boeing 737 MAX 8,DEL,Delhi,AMD,Ahmedabad,17:37,17:41,19:18,19:22,101,161,189,0.8519,Leisure,4,4,On Time,,,4160,669760
FL02400,07-02-2025,Air India,AI 271,Boeing 787-8,GOI,Goa,BOM,Mumbai,22:29,22:37,23:39,23:43,70,186,256,0.7266,Business,8,4,On Time,,,1950,362700
FL02733,07-02-2025,IndiGo,6E 810,Airbus A320neo,HYD,Hyderabad,MAA,Chennai,13:54,14:20,15:09,15:27,75,141,180,0.7833,Business,26,18,Delayed,Crew,,2550,359550
FL03197,07-02-2025,Akasa Air,QP 943,Boeing 737 MAX 8,PNQ,Pune,DEL,Delhi,19:19,19:23,21:27,21:31,128,132,189,0.6984,Family,4,4,On Time,,,5000,660000
FL04176,07-02-2025,Air India,AI 989,Boeing 787-8,CJB,Coimbatore,LKO,Lucknow,10:51,12:31,13:47,15:14,176,166,256,0.6484,Business,100,87,Delayed,Late Arrival of Aircraft,,8700,1444200
FL04449,07-02-2025,Air India Express,IX 536,Boeing 737-8,BLR,Bengaluru,COK,Kochi,12:08,12:10,13:10,13:12,62,110,189,0.582,Business,2,2,On Time,,,1800,198000
FL04876,07-02-2025,Air India Express,IX 659,Boeing 737-800,HYD,Hyderabad,PNQ,Pune,11:23,12:44,12:29,13:52,66,113,180,0.6278,Leisure,81,83,Delayed,Ground Operations,,1940,219220
FL00079,08-02-2025,Air India Express,IX 132,Boeing 737-800,HYD,Hyderabad,COK,Kochi,18:13,18:31,19:54,21:01,101,125,180,0.6944,Senior Citizen,18,67,Diverted,Late Arrival of Aircraft,,3590,448750
FL00542,08-02-2025,Air India,AI 296,Airbus A320,CCU,Kolkata,GAU,Guwahati,08:00,08:02,09:18,09:20,78,135,174,0.7759,Leisure,2,2,On Time,,,2900,391500
FL01588,08-02-2025,IndiGo,6E 610,Airbus A321neo,CJB,Coimbatore,BOM,Mumbai,18:43,18:49,20:36,20:50,113,162,220,0.7364,Business,6,14,On Time,,,4200,680400
FL02277,08-02-2025,SpiceJet,SG 621,Bombardier Q400,HYD,Hyderabad,NAG,Nagpur,09:20,10:43,10:38,11:59,78,60,78,0.7692,Leisure,83,81,Delayed,Crew,,2400,144000
FL02407,08-02-2025,Air India,AI 274,Boeing 787-8,NAG,Nagpur,GAU,Guwahati,20:54,20:56,23:20,23:30,146,206,256,0.8047,Leisure,2,10,On Time,,,8340,1718040
FL02720,08-02-2025,IndiGo,6E 799,ATR 72,MAA,Chennai,HYD,Hyderabad,09:29,09:37,10:38,10:47,69,48,70,0.6857,Leisure,8,9,On Time,,,2360,113280
FL02868,08-02-2025,Air India Express,IX 918,Boeing 737-800,BOM,Mumbai,NAG,Nagpur,05:34,05:36,07:07,07:12,93,106,180,0.5889,Business,2,5,On Time,,,2750,291500
FL03246,08-02-2025,SpiceJet,SG 827,Boeing 737-800,BOM,Mumbai,GOI,Goa,14:26,14:29,15:32,15:39,66,149,189,0.7884,Leisure,3,7,On Time,,,1900,283100
FL03384,08-02-2025,IndiGo,6E 591,Airbus A321neo,HYD,Hyderabad,BOM,Mumbai,06:24,06:24,07:55,07:55,91,168,220,0.7636,Student,0,0,On Time,,,3260,547680
FL04229,08-02-2025,Akasa Air,QP 408,Boeing 737 MAX 8,GOI,Goa,HYD,Hyderabad,13:09,13:10,14:20,14:20,71,134,189,0.709,Student,1,0,On Time,,,2560,343040
FL02572,09-02-2025,SpiceJet,SG 686,Bombardier Q400,NAG,Nagpur,PNQ,Pune,18:12,18:12,19:29,19:31,77,47,78,0.6026,Business,0,2,On Time,,,2410,113270
FL02816,09-02-2025,IndiGo,6E 888,Airbus A321neo,HYD,Hyderabad,BLR,Bengaluru,07:44,07:45,08:59,08:59,75,158,220,0.7182,Family,1,0,On Time,,,2220,350760
FL03432,09-02-2025,Air India,AI 672,Airbus A320,DEL,Delhi,HYD,Hyderabad,19:01,19:02,21:16,21:17,135,118,174,0.6782,Family,1,1,On Time,,,7180,847240
FL04526,09-02-2025,Air India Express,IX 567,Boeing 737-8,COK,Kochi,BLR,Bengaluru,20:58,21:02,21:57,21:57,59,141,189,0.746,Leisure,4,0,On Time,,,1920,270720
FL00067,10-02-2025,IndiGo,6E 162,Airbus A320neo,PNQ,Pune,DEL,Delhi,07:24,07:30,09:32,09:36,128,166,180,0.9222,Student,6,4,On Time,,,5900,979400
FL03452,10-02-2025,Air India Express,IX 257,Boeing 737-8,BOM,Mumbai,DEL,Delhi,17:39,17:46,19:51,19:54,132,124,189,0.6561,Leisure,7,3,On Time,,,4660,577840
FL04103,10-02-2025,SpiceJet,SG 240,Boeing 737-800,MAA,Chennai,GOI,Goa,11:01,11:04,12:39,12:39,98,127,189,0.672,Business,3,0,On Time,,,3300,419100
FL01880,11-02-2025,Air India Express,IX 626,Boeing 737-800,BOM,Mumbai,HYD,Hyderabad,15:17,15:26,16:35,16:41,78,118,180,0.6556,Leisure,9,6,On Time,,,2410,284380
FL02627,11-02-2025,Air India,AI 374,Airbus A321,NAG,Nagpur,COK,Kochi,07:51,07:59,10:05,10:15,134,128,190,0.6737,Family,8,10,On Time,,,6200,793600
FL03357,11-02-2025,IndiGo,6E 563,ATR 72,PNQ,Pune,GOI,Goa,05:24,05:26,06:26,06:26,62,57,70,0.8143,Senior Citizen,2,0,On Time,,,1920,109440
FL03626,11-02-2025,Air India,AI 748,Airbus A321,DEL,Delhi,PNQ,Pune,12:56,14:35,15:07,16:50,131,93,190,0.4895,Leisure,99,103,Delayed,Technical Issue,,5110,475230
FL03926,11-02-2025,Air India,AI 889,Airbus A321,MAA,Chennai,PNQ,Pune,05:28,05:37,07:17,07:26,109,115,190,0.6053,Leisure,9,9,On Time,,,4540,522100
FL00706,12-02-2025,Air India,AI 380,Airbus A321,MAA,Chennai,BOM,Mumbai,19:36,21:46,21:33,23:44,117,140,190,0.7368,Family,130,131,Delayed,Technical Issue,,4460,624400
FL00717,12-02-2025,Air India,AI 388,Airbus A320,JAI,Jaipur,DEL,Delhi,08:04,08:06,08:58,08:58,54,130,174,0.7471,Family,2,0,On Time,,,1800,234000
FL01031,12-02-2025,IndiGo,6E 909,Airbus A320neo,HYD,Hyderabad,AMD,Ahmedabad,17:18,17:25,18:58,19:04,100,157,180,0.8722,Student,7,6,On Time,,,4710,739470
FL01213,12-02-2025,IndiGo,6E 273,Airbus A320neo,HYD,Hyderabad,JAI,Jaipur,15:06,15:13,17:10,17:17,124,104,180,0.5778,Family,7,7,On Time,,,4770,496080
FL02265,12-02-2025,Air India Express,IX 734,Boeing 737-8,COK,Kochi,BOM,Mumbai,17:47,17:55,19:49,19:55,122,166,189,0.8783,Family,8,6,On Time,,,5100,846600
FL03436,12-02-2025,Air India,AI 674,Airbus A320,GOI,Goa,HYD,Hyderabad,06:25,06:32,07:38,07:48,73,154,174,0.8851,Business,7,10,On Time,,,2970,457380
FL01302,13-02-2025,SpiceJet,SG 433,Boeing 737-800,MAA,Chennai,CJB,Coimbatore,07:14,07:14,08:23,08:24,69,147,189,0.7778,Business,0,1,On Time,,,1830,269010
FL01317,13-02-2025,IndiGo,6E 380,Airbus A321neo,CCU,Kolkata,COK,Kochi,09:04,09:04,12:11,12:16,187,116,220,0.5273,Business,0,5,On Time,,,8150,945400
FL02522,13-02-2025,Air India,AI 323,Airbus A321,HYD,Hyderabad,COK,Kochi,08:58,09:07,10:45,10:53,107,114,190,0.6,Family,9,8,On Time,,,4010,457140
FL02933,13-02-2025,Air India,AI 471,Boeing 787-8,DEL,Delhi,JAI,Jaipur,10:10,10:17,11:01,11:07,51,186,256,0.7266,Leisure,7,6,On Time,,,1800,334800
FL02995,13-02-2025,Akasa Air,QP 891,Boeing 737 MAX 8,DEL,Delhi,AMD,Ahmedabad,12:03,12:08,13:34,13:36,91,130,189,0.6878,Leisure,5,2,On Time,,,3290,427700
FL03242,13-02-2025,IndiGo,6E 466,ATR 72,NAG,Nagpur,LKO,Lucknow,11:59,12:01,13:26,13:33,87,62,70,0.8857,Senior Citizen,2,7,On Time,,,3790,234980
FL03431,13-02-2025,SpiceJet,SG 884,Boeing 737-800,DEL,Delhi,BOM,Mumbai,19:22,21:48,21:24,23:51,122,128,189,0.6772,Leisure,146,147,Delayed,Air Traffic,,4810,615680
FL03484,13-02-2025,IndiGo,6E 696,ATR 72,CCU,Kolkata,GAU,Guwahati,11:19,13:07,12:34,14:36,75,55,70,0.7857,Leisure,108,122,Delayed,Crew,,2550,140250
FL03795,13-02-2025,IndiGo,6E 945,Airbus A320neo,COK,Kochi,DEL,Delhi,21:39,21:43,01:03,01:08,204,143,180,0.7944,Business,4,5,On Time,,,10010,1431430
FL01218,14-02-2025,IndiGo,6E 281,ATR 72,AMD,Ahmedabad,DEL,Delhi,09:41,09:44,11:20,11:23,99,69,70,0.9857,Student,3,3,On Time,,,4190,289110
FL01344,14-02-2025,IndiGo,6E 410,Airbus A320neo,MAA,Chennai,CCU,Kolkata,05:46,05:50,08:16,08:16,150,140,180,0.7778,Family,4,0,On Time,,,7450,1043000
FL01724,14-02-2025,IndiGo,6E 725,Airbus A321neo,BOM,Mumbai,CCU,Kolkata,08:37,08:44,11:31,11:39,174,152,220,0.6909,Business,7,8,On Time,,,8800,1337600
FL02192,14-02-2025,IndiGo,6E 324,Airbus A321neo,BLR,Bengaluru,GOI,Goa,12:10,12:17,13:23,13:30,73,170,220,0.7727,Student,7,7,On Time,,,2550,433500
FL03480,14-02-2025,SpiceJet,SG 890,Boeing 737-800,GOI,Goa,AMD,Ahmedabad,08:17,08:17,09:57,09:57,100,128,189,0.6772,Family,0,0,On Time,,,3230,413440
FL03813,14-02-2025,Air India Express,IX 363,Boeing 737-8,COK,Kochi,MAA,Chennai,05:16,05:24,06:23,06:28,67,153,189,0.8095,Family,8,5,On Time,,,2640,403920
FL03867,14-02-2025,Air India,AI 861,Boeing 787-8,BOM,Mumbai,DEL,Delhi,15:26,,17:33,,127,0,256,0,Leisure,0,0,Cancelled,,Weather,5600,0
FL00063,15-02-2025,Akasa Air,QP 112,Boeing 737 MAX 8,HYD,Hyderabad,DEL,Delhi,16:23,16:29,18:39,18:40,136,167,189,0.8836,Senior Citizen,6,1,On Time,,,7470,1247490
FL00353,15-02-2025,Air India,AI 207,Airbus A320,PNQ,Pune,MAA,Chennai,09:51,10:00,11:40,11:46,109,96,174,0.5517,Leisure,9,6,On Time,,,5240,503040
FL00490,15-02-2025,Air India Express,IX 251,Boeing 737-800,AMD,Ahmedabad,JAI,Jaipur,13:52,13:58,15:04,15:13,72,130,180,0.7222,Business,6,9,On Time,,,2720,353600
FL01328,15-02-2025,IndiGo,6E 394,Airbus A321neo,COK,Kochi,HYD,Hyderabad,18:46,20:13,20:20,22:03,94,173,220,0.7864,Student,87,103,Delayed,Crew,,4150,717950
FL02176,15-02-2025,IndiGo,6E 308,Airbus A321neo,DEL,Delhi,BOM,Mumbai,06:56,07:41,09:19,09:51,143,218,220,0.9909,Family,45,32,Delayed,Technical Issue,,6410,1397380
FL02658,15-02-2025,Air India Express,IX 854,Boeing 737-8,GOI,Goa,BLR,Bengaluru,10:59,11:08,12:06,12:14,67,137,189,0.7249,Business,9,8,On Time,,,2000,274000
FL03259,15-02-2025,IndiGo,6E 485,Airbus A321neo,GOI,Goa,DEL,Delhi,14:13,17:12,16:50,20:04,157,189,220,0.8591,Business,179,194,Delayed,Weather,,8540,1614060
FL04015,15-02-2025,Akasa Air,QP 346,Boeing 737 MAX 8,CJB,Coimbatore,HYD,Hyderabad,21:35,22:18,23:01,23:49,86,112,189,0.5926,Leisure,43,48,Delayed,Crew,,2600,291200
FL00836,16-02-2025,IndiGo,6E 783,Airbus A320neo,BOM,Mumbai,BLR,Bengaluru,19:56,20:03,21:26,21:37,90,126,180,0.7,Business,7,11,On Time,,,4280,539280
FL01201,16-02-2025,Air India Express,IX 437,Boeing 737-800,CCU,Kolkata,DEL,Delhi,17:44,18:30,20:08,20:50,144,134,180,0.7444,Business,46,42,Delayed,Late Arrival of Aircraft,,6340,849560
FL01399,16-02-2025,IndiGo,6E 451,Airbus A320neo,COK,Kochi,DEL,Delhi,09:23,09:25,12:51,12:55,208,123,180,0.6833,Leisure,2,4,On Time,,,10060,1237380
FL02339,16-02-2025,Air India Express,IX 757,Boeing 737-800,BOM,Mumbai,CCU,Kolkata,09:49,11:45,12:34,14:35,165,101,180,0.5611,Leisure,116,121,Delayed,Technical Issue,,7030,710030
FL03506,16-02-2025,Air India Express,IX 274,Boeing 737-8,BLR,Bengaluru,LKO,Lucknow,13:33,13:42,16:18,16:28,165,165,189,0.873,Family,9,10,On Time,,,6960,1148400
FL03811,16-02-2025,IndiGo,6E 959,Airbus A320neo,GOI,Goa,CJB,Coimbatore,12:06,12:13,13:29,13:34,83,119,180,0.6611,Leisure,7,5,On Time,,,2660,316540
FL04215,16-02-2025,IndiGo,6E 436,Airbus A321neo,DEL,Delhi,BOM,Mumbai,16:07,16:16,18:17,18:27,130,170,220,0.7727,Leisure,9,10,On Time,,,5880,999600
FL04436,16-02-2025,Akasa Air,QP 451,Boeing 737 MAX 8,COK,Kochi,DEL,Delhi,07:24,07:28,10:53,10:54,209,141,189,0.746,Leisure,4,1,On Time,,,9150,1290150
FL04715,16-02-2025,Air India Express,IX 627,Boeing 737-8,DEL,Delhi,BOM,Mumbai,19:04,19:12,21:11,21:22,127,133,189,0.7037,Leisure,8,11,On Time,,,5140,683620
FL00058,17-02-2025,IndiGo,6E 157,ATR 72,CCU,Kolkata,GAU,Guwahati,14:14,15:23,15:32,16:59,78,58,70,0.8286,Leisure,69,87,Delayed,Late Arrival of Aircraft,,2350,136300
FL01290,17-02-2025,IndiGo,6E 356,ATR 72,LKO,Lucknow,JAI,Jaipur,06:27,06:36,07:35,07:43,68,40,70,0.5714,Family,9,8,On Time,,,1990,79600
FL01446,17-02-2025,IndiGo,6E 493,ATR 72,BOM,Mumbai,AMD,Ahmedabad,11:49,11:51,12:59,13:01,70,62,70,0.8857,Family,2,2,On Time,,,2350,145700
FL01572,17-02-2025,SpiceJet,SG 472,Boeing 737-800,CCU,Kolkata,COK,Kochi,09:22,11:01,12:32,14:03,190,117,189,0.619,Leisure,99,91,Delayed,Weather,,7700,900900
FL01797,17-02-2025,Air India,AI 840,Airbus A321,GOI,Goa,BLR,Bengaluru,05:10,05:11,06:21,06:25,71,116,190,0.6105,Family,1,4,On Time,,,2480,287680
FL02910,17-02-2025,IndiGo,6E 973,ATR 72,HYD,Hyderabad,PNQ,Pune,17:02,17:04,18:13,18:13,71,38,70,0.5429,Business,2,0,On Time,,,1970,74860
FL04343,17-02-2025,Air India,AI 272,Airbus A321,JAI,Jaipur,BLR,Bengaluru,10:16,10:17,12:47,12:47,151,151,190,0.7947,Business,1,0,On Time,,,7610,1149110
FL00772,18-02-2025,IndiGo,6E 724,Airbus A321neo,LKO,Lucknow,HYD,Hyderabad,21:28,21:35,23:29,23:32,121,161,220,0.7318,Business,7,3,On Time,,,4260,685860
FL00864,18-02-2025,IndiGo,6E 803,Airbus A321neo,AMD,Ahmedabad,PNQ,Pune,13:14,13:15,14:33,14:33,79,146,220,0.6636,Business,1,0,On Time,,,2390,348940
FL01842,18-02-2025,Akasa Air,QP 599,Boeing 737 MAX 8,CJB,Coimbatore,PNQ,Pune,17:44,20:30,19:35,22:11,111,155,189,0.8201,Leisure,166,156,Delayed,Late Arrival of Aircraft,,4120,638600
FL04768,18-02-2025,Air India,AI 421,Boeing 787-8,PNQ,Pune,HYD,Hyderabad,13:15,13:19,14:27,14:37,72,140,256,0.5469,Leisure,4,10,On Time,,,2120,296800
FL00285,19-02-2025,IndiGo,6E 368,Airbus A320neo,BLR,Bengaluru,BOM,Mumbai,16:01,16:04,17:49,17:52,108,126,180,0.7,Business,3,3,On Time,,,3760,473760
FL01618,19-02-2025,IndiGo,6E 652,ATR 72,JAI,Jaipur,AMD,Ahmedabad,20:42,20:47,22:05,22:08,83,43,70,0.6143,Senior Citizen,5,3,On Time,,,2110,90730
FL02625,19-02-2025,SpiceJet,SG 699,Boeing 737-800,MAA,Chennai,BOM,Mumbai,19:51,19:59,21:50,22:04,119,137,189,0.7249,Leisure,8,14,On Time,,,4870,667190
FL03024,19-02-2025,IndiGo,6E 268,Airbus A320neo,MAA,Chennai,BOM,Mumbai,19:39,21:06,21:35,22:41,116,142,180,0.7889,Leisure,87,66,Delayed,Other,,5570,790940
FL03502,19-02-2025,IndiGo,6E 711,Airbus A320neo,GOI,Goa,BLR,Bengaluru,06:01,06:01,07:06,07:17,65,108,180,0.6,Family,0,11,On Time,,,2170,234360
FL00144,20-02-2025,IndiGo,6E 234,ATR 72,NAG,Nagpur,BOM,Mumbai,16:13,16:22,17:50,18:00,97,52,70,0.7429,Leisure,9,10,On Time,,,3260,169520
FL00354,20-02-2025,Air India Express,IX 207,Boeing 737-800,PNQ,Pune,HYD,Hyderabad,14:29,14:32,15:42,15:46,73,129,180,0.7167,Leisure,3,4,On Time,,,2150,277350
FL00461,20-02-2025,SpiceJet,SG 230,Bombardier Q400,PNQ,Pune,GAU,Guwahati,11:34,11:42,14:59,15:08,205,54,78,0.6923,Leisure,8,9,On Time,,,8310,448740
FL00489,20-02-2025,SpiceJet,SG 235,Bombardier Q400,MAA,Chennai,BOM,Mumbai,21:07,21:08,23:15,23:19,128,58,78,0.7436,Student,1,4,On Time,,,5280,306240
FL01963,20-02-2025,Akasa Air,QP 642,Boeing 737 MAX 8,COK,Kochi,HYD,Hyderabad,17:19,17:26,19:00,19:10,101,143,189,0.7566,Leisure,7,10,On Time,,,3590,513370
FL02093,20-02-2025,IndiGo,6E 235,Airbus A320neo,JAI,Jaipur,BLR,Bengaluru,17:31,19:44,20:12,22:17,161,116,180,0.6444,Leisure,133,125,Delayed,Ground Operations,,6620,767920
FL02446,20-02-2025,IndiGo,6E 550,Airbus A321neo,PNQ,Pune,MAA,Chennai,07:26,07:30,09:19,09:21,113,172,220,0.7818,Leisure,4,2,On Time,,,3920,674240
FL03678,20-02-2025,IndiGo,6E 853,ATR 72,PNQ,Pune,AMD,Ahmedabad,06:18,06:48,07:29,08:08,71,46,70,0.6571,Leisure,30,39,Delayed,Technical Issue,,2250,103500
FL04906,20-02-2025,Air India Express,IX 663,Boeing 737-8,AMD,Ahmedabad,BLR,Bengaluru,08:41,08:49,10:56,11:00,135,94,189,0.4974,Leisure,8,4,On Time,,,4200,394800
FL02329,21-02-2025,IndiGo,6E 439,Airbus A320neo,BLR,Bengaluru,JAI,Jaipur,11:47,13:08,14:20,15:29,153,121,180,0.6722,Family,81,69,Delayed,Late Arrival of Aircraft,,8830,1068430
FL02969,21-02-2025,IndiGo,6E 222,Airbus A321neo,BOM,Mumbai,DEL,Delhi,11:57,12:04,14:06,14:11,129,201,220,0.9136,Senior Citizen,7,5,On Time,,,5910,1187910
FL03733,21-02-2025,Air India,AI 787,Boeing 787-8,HYD,Hyderabad,GOI,Goa,17:43,17:50,18:52,19:01,69,190,256,0.7422,Business,7,9,On Time,,,3310,628900
FL04078,21-02-2025,IndiGo,6E 326,Airbus A320neo,PNQ,Pune,NAG,Nagpur,12:57,13:01,14:25,14:27,88,133,180,0.7389,Student,4,2,On Time,,,3140,417620
FL00672,22-02-2025,Akasa Air,QP 275,Boeing 737 MAX 8,LKO,Lucknow,BOM,Mumbai,19:17,19:20,21:31,21:31,134,133,189,0.7037,Business,3,0,On Time,,,5530,735490
FL02643,22-02-2025,IndiGo,6E 718,Airbus A321neo,HYD,Hyderabad,BLR,Bengaluru,11:58,12:04,13:11,13:11,73,167,220,0.7591,Leisure,6,0,On Time,,,2790,465930
FL02669,22-02-2025,IndiGo,6E 752,ATR 72,PNQ,Pune,BOM,Mumbai,22:20,22:23,23:05,23:05,45,48,70,0.6857,Family,3,0,On Time,,,1800,86400
FL02740,22-02-2025,Air India Express,IX 880,Boeing 737-8,MAA,Chennai,HYD,Hyderabad,19:56,20:05,21:12,21:20,76,156,189,0.8254,Leisure,9,8,On Time,,,2760,430560
FL03703,22-02-2025,IndiGo,6E 887,Airbus A320neo,BLR,Bengaluru,HYD,Hyderabad,15:52,15:54,16:59,17:00,67,172,180,0.9556,Senior Citizen,2,1,On Time,,,2780,478160
FL04659,22-02-2025,IndiGo,6E 790,Airbus A321neo,NAG,Nagpur,BLR,Bengaluru,06:10,08:22,08:01,10:09,111,156,220,0.7091,Leisure,132,128,Delayed,Other,,5090,794040
FL03670,23-02-2025,Air India Express,IX 319,Boeing 737-800,LKO,Lucknow,GOI,Goa,16:56,17:03,19:28,19:38,152,178,180,0.9889,Leisure,7,10,On Time,,,7820,1391960
FL04435,23-02-2025,IndiGo,6E 618,Airbus A321neo,GOI,Goa,BLR,Bengaluru,11:30,11:38,12:40,12:48,70,190,220,0.8636,Leisure,8,8,On Time,,,2320,440800
FL04570,23-02-2025,SpiceJet,SG 381,Bombardier Q400,PNQ,Pune,BOM,Mumbai,05:22,05:22,06:07,06:07,45,49,78,0.6282,Student,0,0,On Time,,,1800,88200
FL00465,24-02-2025,IndiGo,6E 513,Airbus A321neo,DEL,Delhi,AMD,Ahmedabad,20:32,20:32,21:58,21:58,86,129,220,0.5864,Student,0,0,On Time,,,3140,405060
FL01265,24-02-2025,IndiGo,6E 321,Airbus A320neo,MAA,Chennai,CCU,Kolkata,09:33,09:34,12:07,12:07,154,141,180,0.7833,Family,1,0,On Time,,,6980,984180
FL00114,25-02-2025,Akasa Air,QP 127,Boeing 737 MAX 8,NAG,Nagpur,HYD,Hyderabad,17:29,17:35,18:30,18:31,61,133,189,0.7037,Business,6,1,On Time,,,1970,262010
FL01313,25-02-2025,Air India,AI 634,Airbus A321,NAG,Nagpur,AMD,Ahmedabad,10:27,10:33,11:46,11:52,79,124,190,0.6526,Student,6,6,On Time,,,3050,378200
FL01756,25-02-2025,Air India Express,IX 586,Boeing 737-800,DEL,Delhi,NAG,Nagpur,18:40,18:48,20:22,20:31,102,137,180,0.7611,Student,8,9,On Time,,,4200,575400
FL03293,25-02-2025,Air India Express,IX 223,Boeing 737-8,MAA,Chennai,COK,Kochi,07:36,09:56,08:44,10:56,68,154,189,0.8148,Leisure,140,132,Delayed,Crew,,2280,351120
FL03734,25-02-2025,Akasa Air,QP 256,Boeing 737 MAX 8,MAA,Chennai,GOI,Goa,07:40,09:50,09:15,11:35,95,120,189,0.6349,Business,130,140,Delayed,Security,,2790,334800
FL04665,25-02-2025,IndiGo,6E 793,Airbus A320neo,DEL,Delhi,GAU,Guwahati,20:20,20:22,22:56,23:01,156,99,180,0.55,Leisure,2,5,On Time,,,7270,719730
FL04810,25-02-2025,IndiGo,6E 900,ATR 72,GOI,Goa,BOM,Mumbai,06:41,06:48,07:42,07:42,61,45,70,0.6429,Senior Citizen,7,0,On Time,,,2180,98100
FL01771,26-02-2025,IndiGo,6E 768,Airbus A320neo,HYD,Hyderabad,CCU,Kolkata,07:37,07:42,09:38,09:45,121,102,180,0.5667,Leisure,5,7,On Time,,,5250,535500
FL02331,26-02-2025,IndiGo,6E 442,ATR 72,BLR,Bengaluru,HYD,Hyderabad,11:28,11:30,12:38,12:39,70,43,70,0.6143,Student,2,1,On Time,,,2070,89010
FL02796,26-02-2025,Air India Express,IX 893,Boeing 737-800,AMD,Ahmedabad,PNQ,Pune,17:14,17:14,18:36,18:36,82,134,180,0.7444,Business,0,0,On Time,,,2700,361800
FL00133,27-02-2025,Air India,AI 130,Airbus A320,BLR,Bengaluru,HYD,Hyderabad,20:54,21:01,22:09,22:20,75,121,174,0.6954,Senior Citizen,7,11,On Time,,,2380,287980
FL00212,27-02-2025,IndiGo,6E 295,Airbus A321neo,BLR,Bengaluru,COK,Kochi,09:14,11:04,10:15,11:53,61,162,220,0.7364,Leisure,110,98,Delayed,Late Arrival of Aircraft,,1860,301320
FL00880,27-02-2025,Akasa Air,QP 342,Boeing 737 MAX 8,BLR,Bengaluru,LKO,Lucknow,06:32,08:51,09:25,11:53,173,131,189,0.6931,Senior Citizen,139,148,Delayed,Ground Operations,,6280,822680
FL03983,27-02-2025,Akasa Air,QP 333,Boeing 737 MAX 8,PNQ,Pune,BLR,Bengaluru,18:29,18:35,19:59,20:02,90,150,189,0.7937,Family,6,3,On Time,,,3440,516000
FL04155,27-02-2025,IndiGo,6E 392,Airbus A320neo,MAA,Chennai,PNQ,Pune,11:23,11:29,13:12,13:12,109,117,180,0.65,Student,6,0,On Time,,,4980,582660
FL01689,28-02-2025,Air India,AI 796,Airbus A321,COK,Kochi,DEL,Delhi,21:09,21:12,00:32,00:39,203,136,190,0.7158,Leisure,3,7,On Time,,,11460,1558560
FL01861,28-02-2025,SpiceJet,SG 528,Bombardier Q400,BLR,Bengaluru,HYD,Hyderabad,08:32,08:35,09:35,09:38,63,55,78,0.7051,Business,3,3,On Time,,,2200,121000
FL01901,28-02-2025,IndiGo,6E 878,Airbus A321neo,HYD,Hyderabad,PNQ,Pune,07:08,07:08,08:27,08:29,79,124,220,0.5636,Family,0,2,On Time,,,2550,316200
FL02449,28-02-2025,Akasa Air,QP 752,Boeing 737 MAX 8,MAA,Chennai,AMD,Ahmedabad,10:08,10:17,12:44,12:53,156,145,189,0.7672,Business,9,9,On Time,,,7050,1022250
FL02675,28-02-2025,IndiGo,6E 759,Airbus A320neo,MAA,Chennai,PNQ,Pune,05:31,05:36,07:19,07:22,108,125,180,0.6944,Family,5,3,On Time,,,4510,563750
FL02684,28-02-2025,IndiGo,6E 770,ATR 72,JAI,Jaipur,AMD,Ahmedabad,15:41,15:45,16:58,17:03,77,56,70,0.8,Leisure,4,5,On Time,,,2760,154560
FL04390,28-02-2025,IndiGo,6E 575,Airbus A320neo,DEL,Delhi,BLR,Bengaluru,17:23,17:49,20:21,20:35,178,116,180,0.6444,Student,26,14,Delayed,Late Arrival of Aircraft,,7910,917560
FL04975,28-02-2025,IndiGo,6E 247,Airbus A320neo,PNQ,Pune,BLR,Bengaluru,19:25,19:28,21:01,21:01,96,150,180,0.8333,Leisure,3,0,On Time,,,3880,582000
FL00121,01-03-2025,IndiGo,6E 209,Airbus A320neo,PNQ,Pune,DEL,Delhi,19:37,19:41,21:48,22:00,131,117,180,0.65,Leisure,4,12,On Time,,,5420,634140
FL00929,01-03-2025,SpiceJet,SG 336,Boeing 737-800,LKO,Lucknow,MAA,Chennai,16:05,16:05,18:42,18:42,157,138,189,0.7302,Family,0,0,On Time,,,8100,1117800
FL02188,01-03-2025,IndiGo,6E 320,ATR 72,HYD,Hyderabad,BLR,Bengaluru,18:57,19:00,20:17,20:17,80,61,70,0.8714,Leisure,3,0,On Time,,,2570,156770
FL04458,01-03-2025,IndiGo,6E 636,Airbus A320neo,BOM,Mumbai,GAU,Guwahati,16:28,16:28,19:47,19:47,199,112,180,0.6222,Senior Citizen,0,0,On Time,,,9670,1083040
FL04874,01-03-2025,Air India,AI 478,Airbus A321,BLR,Bengaluru,COK,Kochi,13:05,,14:03,,58,0,190,0,Leisure,0,0,Cancelled,,Operational Issue,2070,0
FL00814,02-03-2025,Air India Express,IX 323,Boeing 737-800,AMD,Ahmedabad,HYD,Hyderabad,11:23,11:25,13:12,13:16,109,158,180,0.8778,Business,2,4,On Time,,,3910,617780
FL01232,02-03-2025,SpiceJet,SG 427,Boeing 737-800,MAA,Chennai,GAU,Guwahati,06:54,06:57,10:02,10:02,188,139,189,0.7354,Business,3,0,On Time,,,9110,1266290
FL01274,02-03-2025,IndiGo,6E 335,Airbus A320neo,DEL,Delhi,HYD,Hyderabad,12:03,12:07,14:21,14:29,138,153,180,0.85,Family,4,8,On Time,,,6970,1066410
FL02450,02-03-2025,Air India,AI 293,Boeing 787-8,MAA,Chennai,LKO,Lucknow,10:26,10:26,13:17,13:18,171,196,256,0.7656,Leisure,0,1,On Time,,,7350,1440600
FL02536,02-03-2025,SpiceJet,SG 681,Bombardier Q400,NAG,Nagpur,CJB,Coimbatore,14:51,14:56,16:58,17:03,127,47,78,0.6026,Family,5,5,On Time,,,5380,252860
FL03363,02-03-2025,IndiGo,6E 577,Airbus A321neo,MAA,Chennai,JAI,Jaipur,08:52,08:52,11:40,11:40,168,184,220,0.8364,Business,0,0,On Time,,,8420,1549280
FL04784,02-03-2025,Akasa Air,QP 537,Boeing 737 MAX 8,BLR,Bengaluru,MAA,Chennai,07:05,07:12,07:58,08:05,53,140,189,0.7407,Family,7,7,On Time,,,1800,252000
FL00559,03-03-2025,Akasa Air,QP 231,Boeing 737 MAX 8,PNQ,Pune,AMD,Ahmedabad,17:11,17:11,18:32,18:38,81,142,189,0.7513,Business,0,6,On Time,,,2740,389080
FL00578,03-03-2025,Air India,AI 312,Boeing 787-8,PNQ,Pune,GOI,Goa,21:58,22:05,23:00,23:07,62,209,256,0.8164,Leisure,7,7,On Time,,,1900,397100
FL01095,03-03-2025,IndiGo,6E 962,Airbus A321neo,CJB,Coimbatore,BLR,Bengaluru,06:17,06:19,07:11,07:21,54,151,220,0.6864,Student,2,10,On Time,,,1800,271800
FL02433,03-03-2025,IndiGo,6E 538,Airbus A320neo,AMD,Ahmedabad,HYD,Hyderabad,17:55,18:04,19:45,19:57,110,132,180,0.7333,Leisure,9,12,On Time,,,4250,561000
FL03932,03-03-2025,Air India,AI 893,Airbus A321,BLR,Bengaluru,LKO,Lucknow,18:10,18:11,20:54,20:56,164,152,190,0.8,Student,1,2,On Time,,,7920,1203840
FL04064,03-03-2025,IndiGo,6E 320,Airbus A321neo,GOI,Goa,HYD,Hyderabad,15:03,15:05,16:14,16:15,71,121,220,0.55,Leisure,2,1,On Time,,,2450,296450
FL00130,04-03-2025,IndiGo,6E 222,Airbus A320neo,CJB,Coimbatore,HYD,Hyderabad,08:29,10:10,10:05,11:46,96,163,180,0.9056,Leisure,101,101,Delayed,Technical Issue,,3420,557460
FL00393,04-03-2025,Air India,AI 232,Boeing 787-8,CJB,Coimbatore,MAA,Chennai,11:58,12:05,12:56,13:04,58,171,256,0.668,Leisure,7,8,On Time,,,2050,350550
FL00483,04-03-2025,Akasa Air,QP 204,Boeing 737 MAX 8,HYD,Hyderabad,COK,Kochi,15:00,,16:42,,102,0,189,0,Leisure,0,0,Cancelled,,Technical Issue,3850,0
FL02206,04-03-2025,Air India Express,IX 712,Boeing 737-8,MAA,Chennai,DEL,Delhi,07:57,07:59,11:01,11:02,184,157,189,0.8307,Family,2,1,On Time,,,8790,1380030
FL02254,04-03-2025,IndiGo,6E 373,Airbus A321neo,COK,Kochi,LKO,Lucknow,20:19,20:25,23:32,23:46,193,134,220,0.6091,Student,6,14,On Time,,,9370,1255580
FL02437,04-03-2025,IndiGo,6E 539,Airbus A320neo,BOM,Mumbai,DEL,Delhi,15:58,16:00,18:07,18:08,129,130,180,0.7222,Business,2,1,On Time,,,5380,699400
FL02846,04-03-2025,Air India,AI 441,Boeing 787-8,BLR,Bengaluru,JAI,Jaipur,21:35,21:39,00:13,00:22,158,162,256,0.6328,Family,4,9,On Time,,,7450,1206900
FL02928,04-03-2025,IndiGo,6E 986,ATR 72,MAA,Chennai,HYD,Hyderabad,05:36,06:36,06:48,07:38,72,65,70,0.9286,Business,60,50,Delayed,Air Traffic,,2710,176150
FL03491,04-03-2025,IndiGo,6E 702,Airbus A320neo,BLR,Bengaluru,BOM,Mumbai,17:27,17:27,19:06,19:13,99,141,180,0.7833,Family,0,7,On Time,,,4290,604890
FL01280,05-03-2025,IndiGo,6E 349,Airbus A321neo,DEL,Delhi,AMD,Ahmedabad,18:07,18:13,19:38,19:38,91,156,220,0.7091,Leisure,6,0,On Time,,,3530,550680
FL03635,05-03-2025,Akasa Air,QP 240,Boeing 737 MAX 8,BOM,Mumbai,HYD,Hyderabad,20:52,21:21,22:14,22:35,82,143,189,0.7566,Leisure,29,21,Delayed,Weather,,2780,397540
FL04117,05-03-2025,Akasa Air,QP 370,Boeing 737 MAX 8,BOM,Mumbai,AMD,Ahmedabad,21:26,21:27,22:36,22:40,70,132,189,0.6984,Business,1,4,On Time,,,1960,258720
FL04298,05-03-2025,IndiGo,6E 504,Airbus A320neo,NAG,Nagpur,BLR,Bengaluru,09:26,09:33,11:05,11:10,99,109,180,0.6056,Business,7,5,On Time,,,4410,480690
FL04368,05-03-2025,SpiceJet,SG 314,Boeing 737-800,GOI,Goa,JAI,Jaipur,20:02,20:10,22:27,22:37,145,138,189,0.7302,Business,8,10,On Time,,,6330,873540
FL04511,05-03-2025,SpiceJet,SG 356,Boeing 737-800,COK,Kochi,MAA,Chennai,06:06,06:15,07:11,07:15,65,155,189,0.8201,Senior Citizen,9,4,On Time,,,2430,376650
FL00349,06-03-2025,IndiGo,6E 415,Airbus A321neo,PNQ,Pune,COK,Kochi,21:48,21:55,23:38,23:50,110,156,220,0.7091,Leisure,7,12,On Time,,,4040,630240
FL00659,06-03-2025,Air India,AI 356,Airbus A320,BOM,Mumbai,CCU,Kolkata,11:13,12:10,13:59,14:47,166,87,174,0.5,Senior Citizen,57,48,Delayed,Late Arrival of Aircraft,,6810,592470
FL00698,06-03-2025,Air India,AI 378,Airbus A321,GAU,Guwahati,BOM,Mumbai,19:38,19:47,23:11,23:22,213,139,190,0.7316,Business,9,11,On Time,,,9240,1284360
FL00773,06-03-2025,Air India,AI 413,Airbus A321,BLR,Bengaluru,CCU,Kolkata,12:43,12:46,15:27,15:34,164,126,190,0.6632,Business,3,7,On Time,,,6200,781200
FL02926,06-03-2025,IndiGo,6E 984,Airbus A321neo,BLR,Bengaluru,DEL,Delhi,12:03,12:09,15:02,15:10,179,148,220,0.6727,Student,6,8,On Time,,,8210,1215080
FL03007,06-03-2025,Air India,AI 505,Airbus A321,CCU,Kolkata,JAI,Jaipur,19:12,19:16,21:47,21:53,155,129,190,0.6789,Leisure,4,6,On Time,,,6780,874620
FL03214,06-03-2025,IndiGo,6E 446,ATR 72,COK,Kochi,GOI,Goa,16:49,16:57,18:09,18:10,80,55,70,0.7857,Family,8,1,On Time,,,2900,159500
FL03348,06-03-2025,Akasa Air,QP 968,Boeing 737 MAX 8,BOM,Mumbai,COK,Kochi,20:44,20:46,22:41,22:44,117,110,189,0.582,Leisure,2,3,On Time,,,4600,506000
FL04294,06-03-2025,Akasa Air,QP 421,Boeing 737 MAX 8,DEL,Delhi,NAG,Nagpur,19:10,19:14,20:52,20:52,102,133,189,0.7037,Student,4,0,On Time,,,3980,529340
FL04375,06-03-2025,IndiGo,6E 562,ATR 72,COK,Kochi,BLR,Bengaluru,20:50,20:56,21:46,21:49,56,40,70,0.5714,Family,6,3,On Time,,,1800,72000
FL04718,06-03-2025,Air India Express,IX 628,Boeing 737-8,BOM,Mumbai,DEL,Delhi,17:33,18:37,19:36,20:39,123,128,189,0.6772,Student,64,63,Delayed,Technical Issue,,4510,577280
FL00135,07-03-2025,Air India,AI 132,Airbus A320,LKO,Lucknow,HYD,Hyderabad,05:56,06:01,07:50,07:51,114,145,174,0.8333,Leisure,5,1,On Time,,,5380,780100
FL00274,07-03-2025,IndiGo,6E 360,Airbus A321neo,JAI,Jaipur,NAG,Nagpur,05:58,05:59,07:32,07:32,94,171,220,0.7773,Leisure,1,0,On Time,,,3730,637830
FL02391,07-03-2025,IndiGo,6E 501,Airbus A321neo,BLR,Bengaluru,AMD,Ahmedabad,12:15,12:17,14:26,14:29,131,142,220,0.6455,Senior Citizen,2,3,On Time,,,5320,755440
FL02469,07-03-2025,IndiGo,6E 574,ATR 72,GOI,Goa,HYD,Hyderabad,15:43,15:51,16:55,17:02,72,59,70,0.8429,Family,8,7,On Time,,,2320,136880
FL04097,07-03-2025,Akasa Air,QP 365,Boeing 737 MAX 8,MAA,Chennai,COK,Kochi,18:11,18:17,19:36,19:44,85,99,189,0.5238,Business,6,8,On Time,,,1900,188100
FL01483,08-03-2025,IndiGo,6E 529,Airbus A321neo,LKO,Lucknow,BOM,Mumbai,21:12,21:13,23:21,23:21,129,200,220,0.9091,Business,1,0,On Time,,,5760,1152000
FL02030,08-03-2025,Air India,AI 928,Airbus A321,GAU,Guwahati,BOM,Mumbai,21:36,23:08,01:00,02:20,204,166,190,0.8737,Business,92,80,Delayed,Ground Operations,,11080,1839280
FL02464,08-03-2025,IndiGo,6E 567,Airbus A321neo,GAU,Guwahati,HYD,Hyderabad,08:49,08:58,11:51,12:00,182,154,220,0.7,Student,9,9,On Time,,,8220,1265880
FL02468,08-03-2025,IndiGo,6E 572,Airbus A320neo,BOM,Mumbai,GAU,Guwahati,09:51,09:59,13:10,13:22,199,142,180,0.7889,Leisure,8,12,On Time,,,11430,1623060
FL02964,08-03-2025,Akasa Air,QP 882,Boeing 737 MAX 8,AMD,Ahmedabad,BLR,Bengaluru,08:11,08:18,10:28,10:38,137,115,189,0.6085,Student,7,10,On Time,,,6020,692300
FL03538,08-03-2025,SpiceJet,SG 896,Boeing 737-800,NAG,Nagpur,PNQ,Pune,15:16,15:20,16:38,16:43,82,154,189,0.8148,Family,4,5,On Time,,,2880,443520
FL03956,08-03-2025,Air India Express,IX 397,Boeing 737-8,HYD,Hyderabad,AMD,Ahmedabad,22:15,01:09,00:02,02:54,107,150,189,0.7937,Student,174,172,Delayed,Air Traffic,,4940,741000
FL04425,08-03-2025,IndiGo,6E 608,ATR 72,COK,Kochi,GOI,Goa,08:57,09:02,10:18,10:27,81,62,70,0.8857,Business,5,9,On Time,,,3210,199020
FL00260,09-03-2025,SpiceJet,SG 177,Bombardier Q400,BLR,Bengaluru,DEL,Delhi,17:35,17:35,20:26,20:28,171,65,78,0.8333,Leisure,0,2,On Time,,,8320,540800
FL00344,09-03-2025,SpiceJet,SG 208,Boeing 737-800,COK,Kochi,HYD,Hyderabad,17:25,17:34,19:10,19:20,105,134,189,0.709,Business,9,10,On Time,,,4070,545380
FL00804,09-03-2025,IndiGo,6E 753,Airbus A321neo,COK,Kochi,BOM,Mumbai,12:57,13:05,14:50,14:56,113,182,220,0.8273,Leisure,8,6,On Time,,,6520,1186640
FL00822,09-03-2025,IndiGo,6E 769,Airbus A320neo,JAI,Jaipur,CCU,Kolkata,14:51,16:51,17:20,19:27,149,127,180,0.7056,Business,120,127,Delayed,Weather,,7190,913130
FL01338,09-03-2025,Air India,AI 643,Boeing 787-8,HYD,Hyderabad,MAA,Chennai,20:16,20:17,21:27,21:33,71,220,256,0.8594,Family,1,6,On Time,,,2560,563200
FL02931,09-03-2025,Air India,AI 466,Airbus A321,HYD,Hyderabad,DEL,Delhi,08:42,08:50,11:08,11:13,146,145,190,0.7632,Business,8,5,On Time,,,7230,1048350
FL03002,09-03-2025,Air India Express,IX 950,Boeing 737-800,GAU,Guwahati,DEL,Delhi,16:02,16:03,18:42,18:45,160,141,180,0.7833,Leisure,1,3,On Time,,,7660,1080060
FL03272,09-03-2025,Air India Express,IX 219,Boeing 737-8,BOM,Mumbai,AMD,Ahmedabad,10:44,10:47,11:59,12:05,75,128,189,0.6772,Student,3,6,On Time,,,2100,268800
FL04808,09-03-2025,IndiGo,6E 899,Airbus A321neo,DEL,Delhi,AMD,Ahmedabad,05:54,06:00,07:33,07:45,99,151,220,0.6864,Leisure,6,12,On Time,,,3660,552660
FL04831,09-03-2025,Air India,AI 450,Airbus A320,GOI,Goa,MAA,Chennai,18:44,20:18,20:19,21:25,95,130,174,0.7471,Leisure,94,66,Delayed,Crew,,3410,443300
FL00234,10-03-2025,IndiGo,6E 313,ATR 72,MAA,Chennai,DEL,Delhi,11:24,11:26,14:23,14:26,179,45,70,0.6429,Senior Citizen,2,3,On Time,,,8950,402750
FL00675,10-03-2025,SpiceJet,SG 281,Bombardier Q400,CCU,Kolkata,BLR,Bengaluru,15:09,15:17,17:52,17:54,163,51,78,0.6538,Family,8,2,On Time,,,6980,355980
FL00827,10-03-2025,Air India Express,IX 333,Boeing 737-800,PNQ,Pune,NAG,Nagpur,18:34,18:43,19:53,20:03,79,134,180,0.7444,Leisure,9,10,On Time,,,2720,364480
FL02395,10-03-2025,IndiGo,6E 505,Airbus A320neo,JAI,Jaipur,GOI,Goa,17:32,17:37,19:54,20:05,142,131,180,0.7278,Student,5,11,On Time,,,6180,809580
FL02804,10-03-2025,IndiGo,6E 881,ATR 72,MAA,Chennai,GOI,Goa,11:13,11:20,12:52,12:52,99,51,70,0.7286,Senior Citizen,7,0,On Time,,,3470,176970
FL04406,10-03-2025,SpiceJet,SG 334,Bombardier Q400,COK,Kochi,LKO,Lucknow,09:22,09:24,12:30,12:30,188,41,78,0.5256,Business,2,0,On Time,,,7530,308730
FL04943,10-03-2025,Air India Express,IX 668,Boeing 737-800,GOI,Goa,HYD,Hyderabad,16:12,16:51,17:20,18:03,68,126,180,0.7,Business,39,43,Delayed,Late Arrival of Aircraft,,2540,320040
FL04947,10-03-2025,IndiGo,6E 229,Airbus A321neo,GOI,Goa,GAU,Guwahati,12:05,12:07,15:50,15:55,225,169,220,0.7682,Family,2,5,On Time,,,9790,1654510
FL04995,10-03-2025,Akasa Air,QP 609,Boeing 737 MAX 8,HYD,Hyderabad,COK,Kochi,05:33,05:41,07:09,07:23,96,158,189,0.836,Leisure,8,14,On Time,,,3820,603560
FL01307,11-03-2025,IndiGo,6E 363,Airbus A321neo,AMD,Ahmedabad,DEL,Delhi,20:53,21:02,22:23,22:30,90,91,220,0.4136,Business,9,7,On Time,,,3480,316680
FL02401,11-03-2025,Air India Express,IX 763,Boeing 737-800,CCU,Kolkata,AMD,Ahmedabad,12:54,13:01,15:45,15:50,171,136,180,0.7556,Leisure,7,5,On Time,,,7340,998240
FL02818,11-03-2025,Akasa Air,QP 839,Boeing 737 MAX 8,PNQ,Pune,MAA,Chennai,19:10,19:17,20:57,21:00,107,169,189,0.8942,Leisure,7,3,On Time,,,5280,892320
FL03364,11-03-2025,SpiceJet,SG 864,Boeing 737-800,HYD,Hyderabad,AMD,Ahmedabad,15:56,16:01,17:38,17:38,102,119,189,0.6296,Business,5,0,On Time,,,3810,453390
FL03440,11-03-2025,IndiGo,6E 648,Airbus A321neo,BOM,Mumbai,JAI,Jaipur,21:09,21:11,23:02,23:02,113,146,220,0.6636,Leisure,2,0,On Time,,,4470,652620
FL04882,11-03-2025,Akasa Air,QP 567,Boeing 737 MAX 8,BOM,Mumbai,MAA,Chennai,15:14,15:21,17:18,17:18,124,138,189,0.7302,Student,7,0,On Time,,,5300,731400
FL00594,12-03-2025,Air India,AI 327,Airbus A321,DEL,Delhi,BOM,Mumbai,13:32,13:39,15:38,15:43,126,172,190,0.9053,Family,7,5,On Time,,,6240,1073280
FL02195,12-03-2025,IndiGo,6E 328,Airbus A320neo,GOI,Goa,CCU,Kolkata,10:08,12:25,13:01,15:17,173,127,180,0.7056,Leisure,137,136,Delayed,Technical Issue,,6600,838200
FL02309,12-03-2025,Air India Express,IX 751,Boeing 737-8,BOM,Mumbai,MAA,Chennai,18:47,18:56,20:44,20:58,117,137,189,0.7249,Business,9,14,On Time,,,4740,649380
FL03061,12-03-2025,IndiGo,6E 310,Airbus A321neo,PNQ,Pune,HYD,Hyderabad,13:59,14:05,15:09,15:14,70,212,220,0.9636,Student,6,5,On Time,,,2990,633880
FL03152,12-03-2025,Akasa Air,QP 931,Boeing 737 MAX 8,CCU,Kolkata,HYD,Hyderabad,13:49,13:53,16:03,16:07,134,140,189,0.7407,Leisure,4,4,On Time,,,4720,660800
FL00197,13-03-2025,IndiGo,6E 287,Airbus A321neo,MAA,Chennai,HYD,Hyderabad,21:34,21:41,22:42,22:44,68,146,220,0.6636,Family,7,2,On Time,,,2260,329960
FL00360,13-03-2025,Air India Express,IX 217,Boeing 737-8,GOI,Goa,GAU,Guwahati,18:09,18:17,21:39,21:45,210,135,189,0.7143,Leisure,8,6,On Time,,,9840,1328400
FL01012,13-03-2025,Akasa Air,QP 377,Boeing 737 MAX 8,AMD,Ahmedabad,BOM,Mumbai,15:46,16:11,16:50,17:16,64,119,189,0.6296,Leisure,25,26,Delayed,Technical Issue,,1930,229670
FL01919,13-03-2025,SpiceJet,SG 540,Boeing 737-800,BLR,Bengaluru,LKO,Lucknow,09:21,09:28,12:04,12:10,163,133,189,0.7037,Leisure,7,6,On Time,,,7340,976220
FL03309,13-03-2025,IndiGo,6E 519,Airbus A321neo,HYD,Hyderabad,AMD,Ahmedabad,05:02,05:09,06:38,06:48,96,115,220,0.5227,Student,7,10,On Time,,,3480,400200
FL03633,13-03-2025,SpiceJet,SG 928,Boeing 737-800,DEL,Delhi,BOM,Mumbai,11:53,11:55,14:18,14:18,145,135,189,0.7143,Senior Citizen,2,0,On Time,,,5080,685800
FL00524,14-03-2025,Air India,AI 288,Airbus A321,PNQ,Pune,AMD,Ahmedabad,13:34,13:37,14:51,14:54,77,150,190,0.7895,Leisure,3,3,On Time,,,3140,471000
FL00790,14-03-2025,IndiGo,6E 740,Airbus A320neo,MAA,Chennai,PNQ,Pune,19:27,19:28,21:06,21:08,99,118,180,0.6556,Leisure,1,2,On Time,,,4720,556960
FL03165,14-03-2025,IndiGo,6E 401,Airbus A320neo,HYD,Hyderabad,GOI,Goa,19:33,20:27,20:45,21:20,72,133,180,0.7389,Business,54,35,Delayed,Weather,,2950,392350
FL03692,14-03-2025,Air India Express,IX 322,Boeing 737-8,HYD,Hyderabad,BLR,Bengaluru,09:25,10:34,10:38,11:22,73,137,189,0.7249,Family,69,44,Delayed,Air Traffic,,2090,286330
FL00882,15-03-2025,Akasa Air,QP 344,Boeing 737 MAX 8,BLR,Bengaluru,MAA,Chennai,20:59,21:01,21:44,21:44,45,138,189,0.7302,Leisure,2,0,On Time,,,1800,248400
FL01207,15-03-2025,Air India,AI 585,Airbus A321,HYD,Hyderabad,NAG,Nagpur,18:12,18:20,19:24,19:30,72,135,190,0.7105,Family,8,6,On Time,,,2010,271350
FL01824,15-03-2025,Air India Express,IX 616,Boeing 737-800,DEL,Delhi,MAA,Chennai,09:20,09:28,12:28,12:42,188,113,180,0.6278,Business,8,14,On Time,,,7210,814730
FL02039,15-03-2025,Air India Express,IX 663,Boeing 737-800,LKO,Lucknow,AMD,Ahmedabad,20:10,20:11,22:03,22:03,113,128,180,0.7111,Business,1,0,On Time,,,4290,549120
FL02155,15-03-2025,Air India Express,IX 696,Boeing 737-8,GOI,Goa,PNQ,Pune,17:57,17:58,18:57,18:57,60,140,189,0.7407,Leisure,1,0,On Time,,,1800,252000
FL02378,15-03-2025,Akasa Air,QP 734,Boeing 737 MAX 8,NAG,Nagpur,JAI,Jaipur,10:05,12:55,11:32,14:24,87,132,189,0.6984,Leisure,170,172,Delayed,Air Traffic,,3270,431640
FL03029,15-03-2025,IndiGo,6E 277,Airbus A320neo,CJB,Coimbatore,DEL,Delhi,16:30,16:38,19:46,19:50,196,122,180,0.6778,Business,8,4,On Time,,,10250,1250500
FL03615,15-03-2025,Akasa Air,QP 234,Boeing 737 MAX 8,BOM,Mumbai,HYD,Hyderabad,10:29,,11:51,,82,0,189,0,Business,0,0,Cancelled,,Technical Issue,2790,0
FL04883,15-03-2025,IndiGo,6E 967,Airbus A321neo,PNQ,Pune,HYD,Hyderabad,12:47,12:48,13:58,14:04,71,164,220,0.7455,Business,1,6,On Time,,,2400,393600
FL00247,16-03-2025,IndiGo,6E 331,Airbus A321neo,CCU,Kolkata,BOM,Mumbai,18:01,19:24,20:45,21:49,164,190,220,0.8636,Leisure,83,64,Delayed,Crew,,8680,1649200
FL00784,16-03-2025,IndiGo,6E 732,Airbus A321neo,LKO,Lucknow,DEL,Delhi,05:44,05:44,06:45,06:45,61,179,220,0.8136,Family,0,0,On Time,,,2230,399170
FL01938,16-03-2025,SpiceJet,SG 547,Boeing 737-800,COK,Kochi,BOM,Mumbai,15:40,15:45,17:40,17:42,120,121,189,0.6402,Business,5,2,On Time,,,5500,665500
FL02565,16-03-2025,IndiGo,6E 665,Airbus A320neo,HYD,Hyderabad,DEL,Delhi,05:41,07:09,08:00,09:51,139,159,180,0.8833,Family,88,111,Delayed,Late Arrival of Aircraft,,5680,903120
FL03855,16-03-2025,IndiGo,6E 984,Airbus A321neo,CCU,Kolkata,LKO,Lucknow,06:45,06:45,08:32,08:32,107,141,220,0.6409,Business,0,0,On Time,,,4940,696540
FL04227,16-03-2025,IndiGo,6E 444,Airbus A321neo,CJB,Coimbatore,LKO,Lucknow,19:37,19:39,22:40,22:40,183,124,220,0.5636,Family,2,0,On Time,,,7460,925040
FL03170,17-03-2025,IndiGo,6E 407,ATR 72,HYD,Hyderabad,NAG,Nagpur,07:26,07:27,08:34,08:35,68,27,70,0.3857,Leisure,1,1,On Time,,,1800,48600
FL03325,17-03-2025,Air India Express,IX 236,Boeing 737-8,LKO,Lucknow,BOM,Mumbai,18:48,18:52,21:06,21:10,138,146,189,0.7725,Student,4,4,On Time,,,5990,874540
FL04290,17-03-2025,IndiGo,6E 495,Airbus A320neo,DEL,Delhi,NAG,Nagpur,20:49,21:38,22:34,23:19,105,161,180,0.8944,Business,49,45,Delayed,Ground Operations,,4720,759920
FL04729,17-03-2025,SpiceJet,SG 423,Boeing 737-800,COK,Kochi,GOI,Goa,09:57,09:58,11:24,11:24,87,140,189,0.7407,Leisure,1,0,On Time,,,2950,413000
FL00245,18-03-2025,IndiGo,6E 329,Airbus A321neo,MAA,Chennai,COK,Kochi,18:55,18:55,20:09,20:09,74,164,220,0.7455,Business,0,0,On Time,,,2940,482160
FL00425,18-03-2025,Air India,AI 250,Airbus A321,NAG,Nagpur,BLR,Bengaluru,21:05,22:12,22:50,00:00,105,127,190,0.6684,Leisure,67,70,Delayed,Late Arrival of Aircraft,,4270,542290
FL01585,18-03-2025,Akasa Air,QP 531,Boeing 737 MAX 8,MAA,Chennai,GOI,Goa,22:22,22:25,23:47,23:54,85,150,189,0.7937,Business,3,7,On Time,,,3570,535500
FL01718,18-03-2025,Air India Express,IX 570,Boeing 737-8,JAI,Jaipur,HYD,Hyderabad,20:40,20:48,22:38,22:47,118,151,189,0.7989,Student,8,9,On Time,,,6300,951300
FL02457,18-03-2025,IndiGo,6E 555,Airbus A321neo,AMD,Ahmedabad,COK,Kochi,17:12,17:14,19:49,20:00,157,177,220,0.8045,Business,2,11,On Time,,,6410,1134570
FL02984,18-03-2025,Air India,AI 491,Airbus A321,CJB,Coimbatore,BLR,Bengaluru,13:10,13:11,13:57,13:59,47,136,190,0.7158,Family,1,2,On Time,,,1800,244800
FL01346,19-03-2025,Air India,AI 650,Boeing 787-8,PNQ,Pune,BLR,Bengaluru,20:45,20:51,22:18,22:28,93,163,256,0.6367,Business,6,10,On Time,,,3670,598210
FL01905,19-03-2025,IndiGo,6E 881,ATR 72,MAA,Chennai,GOI,Goa,12:28,12:34,14:01,14:12,93,50,70,0.7143,Student,6,11,On Time,,,3440,172000
FL02105,19-03-2025,Air India,AI 968,Airbus A320,BLR,Bengaluru,GOI,Goa,09:38,09:39,10:54,10:54,76,134,174,0.7701,Student,1,0,On Time,,,2590,347060
FL00879,20-03-2025,IndiGo,6E 816,Airbus A320neo,AMD,Ahmedabad,BLR,Bengaluru,13:26,13:28,15:40,15:40,134,88,180,0.4889,Leisure,2,0,On Time,,,5610,493680
FL00976,20-03-2025,IndiGo,6E 875,Airbus A320neo,BLR,Bengaluru,HYD,Hyderabad,09:25,09:26,10:41,10:41,76,150,180,0.8333,Student,1,0,On Time,,,2010,301500
FL02490,20-03-2025,IndiGo,6E 587,Airbus A320neo,DEL,Delhi,HYD,Hyderabad,10:14,10:20,12:22,12:29,128,120,180,0.6667,Family,6,7,On Time,,,5600,672000
FL03079,20-03-2025,Air India Express,IX 966,Boeing 737-800,CJB,Coimbatore,MAA,Chennai,15:42,16:13,16:54,17:44,72,103,180,0.5722,Leisure,31,50,Delayed,Air Traffic,,1820,187460
FL03844,20-03-2025,Air India,AI 849,Airbus A321,COK,Kochi,PNQ,Pune,20:40,20:46,22:25,22:27,105,135,190,0.7105,Senior Citizen,6,2,On Time,,,4230,571050
FL03944,20-03-2025,IndiGo,6E 233,ATR 72,GOI,Goa,BOM,Mumbai,18:10,18:11,19:16,19:17,66,48,70,0.6857,Business,1,1,On Time,,,1800,86400
FL01062,21-03-2025,Air India,AI 540,Airbus A320,MAA,Chennai,DEL,Delhi,11:07,13:33,14:10,16:15,183,135,174,0.7759,Senior Citizen,146,125,Delayed,Late Arrival of Aircraft,,10020,1352700
FL01072,21-03-2025,IndiGo,6E 944,Airbus A321neo,DEL,Delhi,PNQ,Pune,19:08,19:08,21:18,21:24,130,173,220,0.7864,Student,0,6,On Time,,,6650,1150450
FL02894,21-03-2025,IndiGo,6E 958,Airbus A321neo,BOM,Mumbai,PNQ,Pune,05:28,05:36,06:13,06:22,45,182,220,0.8273,Leisure,8,9,On Time,,,1800,327600
FL03494,21-03-2025,IndiGo,6E 705,Airbus A320neo,LKO,Lucknow,AMD,Ahmedabad,14:57,14:57,16:41,16:41,104,137,180,0.7611,Leisure,0,0,On Time,,,4690,642530
FL03517,21-03-2025,IndiGo,6E 726,Airbus A320neo,NAG,Nagpur,BOM,Mumbai,07:07,07:10,08:31,08:43,84,122,180,0.6778,Family,3,12,On Time,,,3670,447740
FL00448,22-03-2025,IndiGo,6E 498,Airbus A320neo,HYD,Hyderabad,COK,Kochi,16:50,16:51,18:27,18:27,97,146,180,0.8111,Business,1,0,On Time,,,4040,589840
FL00478,22-03-2025,Air India,AI 274,Airbus A321,MAA,Chennai,CCU,Kolkata,10:21,10:21,13:00,13:07,159,116,190,0.6105,Family,0,7,On Time,,,7140,828240
FL00831,22-03-2025,Akasa Air,QP 330,Boeing 737 MAX 8,PNQ,Pune,AMD,Ahmedabad,06:34,06:40,07:45,07:49,71,154,189,0.8148,Senior Citizen,6,4,On Time,,,2910,448140
FL01247,22-03-2025,IndiGo,6E 299,ATR 72,NAG,Nagpur,HYD,Hyderabad,18:30,18:33,19:41,19:45,71,45,70,0.6429,Business,3,4,On Time,,,2140,96300
FL01801,22-03-2025,Akasa Air,QP 587,Boeing 737 MAX 8,MAA,Chennai,DEL,Delhi,20:07,20:15,23:09,23:17,182,165,189,0.873,Student,8,8,On Time,,,8980,1481700
FL01932,22-03-2025,Air India,AI 892,Airbus A321,AMD,Ahmedabad,MAA,Chennai,12:57,13:02,15:20,15:27,143,184,190,0.9684,Leisure,5,7,On Time,,,9710,1786640
FL02293,22-03-2025,IndiGo,6E 406,ATR 72,JAI,Jaipur,DEL,Delhi,05:02,05:04,05:52,05:57,50,48,70,0.6857,Family,2,5,On Time,,,1800,86400
FL02990,22-03-2025,IndiGo,6E 245,Airbus A320neo,JAI,Jaipur,LKO,Lucknow,17:51,17:54,19:08,19:10,77,140,180,0.7778,Family,3,2,On Time,,,2700,378000
FL03078,22-03-2025,Akasa Air,QP 907,Boeing 737 MAX 8,BLR,Bengaluru,CCU,Kolkata,19:12,19:15,21:58,22:01,166,120,189,0.6349,Student,3,3,On Time,,,6740,808800
FL03672,22-03-2025,SpiceJet,SG 937,Bombardier Q400,HYD,Hyderabad,COK,Kochi,06:20,06:22,08:00,08:00,100,53,78,0.6795,Senior Citizen,2,0,On Time,,,3850,204050
FL01432,23-03-2025,IndiGo,6E 474,ATR 72,MAA,Chennai,HYD,Hyderabad,22:22,22:22,23:45,23:45,83,54,70,0.7714,Business,0,0,On Time,,,2790,150660
FL02114,23-03-2025,IndiGo,6E 255,Airbus A321neo,CCU,Kolkata,COK,Kochi,18:21,21:05,21:31,00:28,190,157,220,0.7136,Senior Citizen,164,177,Delayed,Late Arrival of Aircraft,,9040,1419280
FL02272,23-03-2025,IndiGo,6E 394,ATR 72,GAU,Guwahati,JAI,Jaipur,17:02,18:54,19:40,21:05,158,49,70,0.7,Student,112,85,Delayed,Air Traffic,,7360,360640
FL04010,23-03-2025,Air India Express,IX 408,Boeing 737-8,DEL,Delhi,MAA,Chennai,13:12,14:31,16:15,17:40,183,162,189,0.8571,Leisure,79,85,Delayed,Crew,,9030,1462860
FL04177,23-03-2025,Air India,AI 991,Boeing 787-8,MAA,Chennai,LKO,Lucknow,06:37,06:45,09:20,09:29,163,152,256,0.5938,Business,8,9,On Time,,,7780,1182560
FL04713,23-03-2025,SpiceJet,SG 422,Boeing 737-800,JAI,Jaipur,NAG,Nagpur,17:08,17:12,18:40,18:47,92,130,189,0.6878,Senior Citizen,4,7,On Time,,,3700,481000
FL04724,23-03-2025,Air India,AI 398,Airbus A320,HYD,Hyderabad,AMD,Ahmedabad,20:25,20:28,22:10,22:10,105,137,174,0.7874,Family,3,0,On Time,,,4690,642530
FL00336,24-03-2025,SpiceJet,SG 201,Boeing 737-800,GOI,Goa,BLR,Bengaluru,08:45,08:53,09:59,10:07,74,128,189,0.6772,Senior Citizen,8,8,On Time,,,2150,275200
FL01562,24-03-2025,Air India,AI 735,Airbus A321,HYD,Hyderabad,COK,Kochi,12:14,15:09,13:50,16:34,96,112,190,0.5895,Business,175,164,Delayed,Air Traffic,,3570,399840
FL01960,24-03-2025,IndiGo,6E 911,Airbus A321neo,GAU,Guwahati,MAA,Chennai,05:53,06:00,09:03,09:13,190,178,220,0.8091,Business,7,10,On Time,,,9530,1696340
FL02607,24-03-2025,Air India Express,IX 839,Boeing 737-800,GOI,Goa,BLR,Bengaluru,15:45,17:41,16:57,18:32,72,122,180,0.6778,Business,116,95,Delayed,Ground Operations,,1800,219600
FL02671,24-03-2025,IndiGo,6E 755,Airbus A321neo,CJB,Coimbatore,AMD,Ahmedabad,18:00,18:03,20:29,20:29,149,114,220,0.5182,Family,3,0,On Time,,,5930,676020
FL02981,24-03-2025,IndiGo,6E 237,Airbus A321neo,HYD,Hyderabad,CJB,Coimbatore,10:33,,12:00,,87,0,220,0,Leisure,0,0,Cancelled,,Technical Issue,3020,0
FL04423,24-03-2025,IndiGo,6E 605,Airbus A321neo,COK,Kochi,BLR,Bengaluru,17:51,,18:42,,51,0,220,0,Leisure,0,0,Cancelled,,Operational Issue,1800,0
FL01961,25-03-2025,Air India,AI 907,Boeing 787-8,HYD,Hyderabad,COK,Kochi,12:32,12:32,14:14,14:17,102,164,256,0.6406,Family,0,3,On Time,,,4020,659280
FL02019,25-03-2025,Air India,AI 921,Boeing 787-8,DEL,Delhi,MAA,Chennai,14:50,14:54,17:54,18:02,184,174,256,0.6797,Leisure,4,8,On Time,,,7360,1280640
FL03055,25-03-2025,IndiGo,6E 301,Airbus A321neo,NAG,Nagpur,HYD,Hyderabad,15:31,15:36,16:44,16:44,73,143,220,0.65,Family,5,0,On Time,,,1940,277420
FL03613,25-03-2025,Air India,AI 741,Airbus A321,PNQ,Pune,BLR,Bengaluru,18:27,18:29,20:04,20:10,97,158,190,0.8316,Senior Citizen,2,6,On Time,,,3750,592500
FL03689,25-03-2025,IndiGo,6E 863,ATR 72,DEL,Delhi,MAA,Chennai,13:38,13:46,16:33,16:43,175,57,70,0.8143,Leisure,8,10,On Time,,,7380,420660
FL04204,25-03-2025,Air India Express,IX 459,Boeing 737-8,HYD,Hyderabad,COK,Kochi,06:51,06:57,08:26,08:34,95,122,189,0.6455,Leisure,6,8,On Time,,,3400,414800
FL04283,25-03-2025,Air India Express,IX 484,Boeing 737-8,MAA,Chennai,GOI,Goa,17:56,17:58,19:29,19:32,93,127,189,0.672,Leisure,2,3,On Time,,,3090,392430
FL05000,25-03-2025,Akasa Air,QP 612,Boeing 737 MAX 8,MAA,Chennai,GOI,Goa,05:32,05:39,07:09,07:17,97,138,189,0.7302,Business,7,8,On Time,,,3220,444360
FL00351,26-03-2025,IndiGo,6E 416,Airbus A321neo,GAU,Guwahati,COK,Kochi,12:20,12:25,16:15,16:20,235,171,220,0.7773,Student,5,5,On Time,,,12940,2212740
FL00450,26-03-2025,IndiGo,6E 502,Airbus A321neo,MAA,Chennai,HYD,Hyderabad,07:32,07:47,08:54,09:07,82,153,220,0.6955,Business,15,13,Delayed,Late Arrival of Aircraft,,2190,335070
FL00923,26-03-2025,Air India Express,IX 366,Boeing 737-8,AMD,Ahmedabad,JAI,Jaipur,11:15,11:19,12:36,12:42,81,129,189,0.6825,Business,4,6,On Time,,,2430,313470
FL03314,26-03-2025,Akasa Air,QP 955,Boeing 737 MAX 8,HYD,Hyderabad,BOM,Mumbai,21:42,21:47,23:05,23:05,83,146,189,0.7725,Business,5,0,On Time,,,2640,385440
FL01452,27-03-2025,SpiceJet,SG 460,Boeing 737-800,BLR,Bengaluru,GAU,Guwahati,08:33,08:42,12:05,12:19,212,104,189,0.5503,Leisure,9,14,On Time,,,8250,858000
FL02561,27-03-2025,IndiGo,6E 662,Airbus A321neo,GAU,Guwahati,PNQ,Pune,12:00,13:16,15:24,16:55,204,146,220,0.6636,Family,76,91,Delayed,Weather,,9880,1442480
FL02893,27-03-2025,IndiGo,6E 955,Airbus A320neo,BOM,Mumbai,BLR,Bengaluru,11:56,11:57,13:33,13:33,97,124,180,0.6889,Leisure,1,0,On Time,,,4060,503440
FL03037,27-03-2025,SpiceJet,SG 786,Bombardier Q400,MAA,Chennai,BLR,Bengaluru,05:29,05:37,06:24,06:31,55,55,78,0.7051,Student,8,7,On Time,,,1800,99000
FL03057,27-03-2025,IndiGo,6E 305,Airbus A320neo,COK,Kochi,HYD,Hyderabad,17:59,17:59,19:38,19:40,99,142,180,0.7889,Senior Citizen,0,2,On Time,,,3640,516880
FL04088,27-03-2025,IndiGo,6E 340,Airbus A320neo,GOI,Goa,GAU,Guwahati,09:40,10:33,13:18,14:21,218,97,180,0.5389,Senior Citizen,53,63,Delayed,Air Traffic,,8560,830320
FL04748,27-03-2025,Air India,AI 412,Airbus A321,LKO,Lucknow,NAG,Nagpur,07:15,07:18,08:38,08:47,83,139,190,0.7316,Leisure,3,9,On Time,,,3580,497620
FL00777,28-03-2025,SpiceJet,SG 302,Boeing 737-800,AMD,Ahmedabad,BLR,Bengaluru,18:54,18:58,21:10,21:19,136,160,189,0.8466,Student,4,9,On Time,,,7260,1161600
FL01363,28-03-2025,SpiceJet,SG 447,Boeing 737-800,CCU,Kolkata,HYD,Hyderabad,09:05,09:07,11:23,11:32,138,163,189,0.8624,Business,2,9,On Time,,,6150,1002450
FL01672,28-03-2025,Air India Express,IX 560,Boeing 737-8,HYD,Hyderabad,BLR,Bengaluru,11:06,11:06,12:13,12:14,67,106,189,0.5608,Family,0,1,On Time,,,1890,200340
FL01985,28-03-2025,IndiGo,6E 941,Airbus A320neo,HYD,Hyderabad,BLR,Bengaluru,06:05,06:12,07:15,07:29,70,159,180,0.8833,Leisure,7,14,On Time,,,2510,399090
FL04323,28-03-2025,Akasa Air,QP 426,Boeing 737 MAX 8,BOM,Mumbai,COK,Kochi,16:04,16:13,18:05,18:12,121,136,189,0.7196,Leisure,9,7,On Time,,,5340,726240
FL04503,28-03-2025,Air India,AI 321,Airbus A321,PNQ,Pune,BOM,Mumbai,07:53,07:57,08:38,08:38,45,101,190,0.5316,Family,4,0,On Time,,,1800,181800
FL00600,29-03-2025,SpiceJet,SG 256,Boeing 737-800,MAA,Chennai,AMD,Ahmedabad,08:13,08:13,10:37,10:37,144,121,189,0.6402,Business,0,0,On Time,,,6320,764720
FL00770,29-03-2025,Akasa Air,QP 323,Boeing 737 MAX 8,AMD,Ahmedabad,JAI,Jaipur,11:00,13:52,12:13,15:05,73,159,189,0.8413,Family,172,172,Delayed,Air Traffic,,2560,407040
FL01113,29-03-2025,IndiGo,6E 979,Airbus A320neo,BLR,Bengaluru,AMD,Ahmedabad,15:15,15:22,17:25,17:25,130,133,180,0.7389,Leisure,7,0,On Time,,,6360,845880
FL01254,29-03-2025,IndiGo,6E 306,Airbus A321neo,HYD,Hyderabad,PNQ,Pune,22:10,22:13,23:21,23:30,71,147,220,0.6682,Student,3,9,On Time,,,2360,346920
FL01820,29-03-2025,Air India,AI 852,Boeing 787-8,CJB,Coimbatore,BLR,Bengaluru,13:57,15:30,14:47,15:59,50,206,256,0.8047,Family,93,72,Delayed,Air Traffic,,1800,370800
FL02531,29-03-2025,IndiGo,6E 629,ATR 72,BOM,Mumbai,HYD,Hyderabad,09:47,09:47,11:07,11:07,80,68,70,0.9714,Business,0,0,On Time,,,3440,233920
FL02576,29-03-2025,IndiGo,6E 674,Airbus A320neo,CJB,Coimbatore,MAA,Chennai,05:01,05:04,06:02,06:02,61,128,180,0.7111,Student,3,0,On Time,,,1800,230400
FL03417,29-03-2025,SpiceJet,SG 876,Boeing 737-800,NAG,Nagpur,MAA,Chennai,12:10,12:11,14:00,14:00,110,141,189,0.746,Family,1,0,On Time,,,4470,630270
FL03467,29-03-2025,IndiGo,6E 674,Airbus A320neo,HYD,Hyderabad,GAU,Guwahati,05:42,05:43,08:39,08:42,177,139,180,0.7722,Leisure,1,3,On Time,,,9760,1356640
FL03869,29-03-2025,IndiGo,6E 992,Airbus A321neo,MAA,Chennai,DEL,Delhi,16:14,16:17,19:16,19:16,182,169,220,0.7682,Family,3,0,On Time,,,8950,1512550
FL03896,29-03-2025,Akasa Air,QP 297,Boeing 737 MAX 8,BOM,Mumbai,MAA,Chennai,20:25,20:34,22:24,22:34,119,115,189,0.6085,Student,9,10,On Time,,,4550,523250
FL04316,29-03-2025,IndiGo,6E 514,Airbus A320neo,NAG,Nagpur,MAA,Chennai,05:44,05:44,07:40,07:40,116,137,180,0.7611,Leisure,0,0,On Time,,,4640,635680
FL00645,30-03-2025,Air India Express,IX 284,Boeing 737-8,PNQ,Pune,DEL,Delhi,20:04,20:04,22:21,22:21,137,141,189,0.746,Student,0,0,On Time,,,4690,661290
FL00819,30-03-2025,IndiGo,6E 767,Airbus A320neo,HYD,Hyderabad,COK,Kochi,05:00,05:03,06:42,06:42,102,158,180,0.8778,Family,3,0,On Time,,,4740,748920
FL01800,30-03-2025,IndiGo,6E 795,Airbus A321neo,BOM,Mumbai,AMD,Ahmedabad,20:37,20:46,21:49,22:03,72,132,220,0.6,Business,9,14,On Time,,,2070,273240
FL02871,30-03-2025,SpiceJet,SG 750,Boeing 737-800,DEL,Delhi,MAA,Chennai,14:11,14:11,17:12,17:12,181,162,189,0.8571,Business,0,0,On Time,,,9250,1498500
FL03621,30-03-2025,Air India,AI 744,Boeing 787-8,NAG,Nagpur,HYD,Hyderabad,10:10,10:12,11:12,11:12,62,159,256,0.6211,Business,2,0,On Time,,,2320,368880
FL03832,30-03-2025,IndiGo,6E 970,Airbus A321neo,COK,Kochi,DEL,Delhi,08:45,10:32,12:09,13:42,204,131,220,0.5955,Family,107,93,Delayed,Crew,,9010,1180310
FL04098,30-03-2025,IndiGo,6E 350,Airbus A321neo,HYD,Hyderabad,LKO,Lucknow,10:03,10:06,11:53,11:55,110,127,220,0.5773,Business,3,2,On Time,,,5740,728980
FL04970,30-03-2025,SpiceJet,SG 466,Boeing 737-800,CCU,Kolkata,COK,Kochi,09:29,09:32,12:40,12:51,191,126,189,0.6667,Leisure,3,11,On Time,,,8050,1014300
FL00991,31-03-2025,Air India,AI 511,Airbus A320,BOM,Mumbai,HYD,Hyderabad,12:06,12:07,13:33,13:33,87,141,174,0.8103,Leisure,1,0,On Time,,,3240,456840
FL02899,31-03-2025,Akasa Air,QP 865,Boeing 737 MAX 8,NAG,Nagpur,LKO,Lucknow,17:26,17:33,18:48,18:57,82,104,189,0.5503,Leisure,7,9,On Time,,,2240,232960
FL03559,31-03-2025,Akasa Air,QP 222,Boeing 737 MAX 8,HYD,Hyderabad,DEL,Delhi,06:24,06:30,08:44,08:49,140,146,189,0.7725,Family,6,5,On Time,,,5450,795700
FL04601,31-03-2025,Air India Express,IX 585,Boeing 737-800,CCU,Kolkata,MAA,Chennai,16:19,16:24,18:53,18:53,154,114,180,0.6333,Family,5,0,On Time,,,5490,625860
FL04626,31-03-2025,IndiGo,6E 770,ATR 72,AMD,Ahmedabad,BOM,Mumbai,12:17,12:17,13:19,13:22,62,53,70,0.7571,Leisure,0,3,On Time,,,1960,103880
FL01802,01-04-2025,IndiGo,6E 797,Airbus A321neo,PNQ,Pune,COK,Kochi,15:54,15:54,17:53,17:53,119,148,220,0.6727,Leisure,0,0,On Time,,,4190,620120
FL03830,01-04-2025,IndiGo,6E 967,Airbus A320neo,NAG,Nagpur,PNQ,Pune,16:21,17:46,17:41,19:11,80,119,180,0.6611,Business,85,90,Delayed,Crew,,2640,314160
FL01064,02-04-2025,IndiGo,6E 935,Airbus A320neo,HYD,Hyderabad,CJB,Coimbatore,18:54,18:59,20:35,20:41,101,116,180,0.6444,Leisure,5,6,On Time,,,3240,375840
FL02455,02-04-2025,Air India,AI 296,Boeing 787-8,NAG,Nagpur,GOI,Goa,21:42,21:45,23:27,23:32,105,210,256,0.8203,Business,3,5,On Time,,,4650,976500
FL00498,03-04-2025,Air India Express,IX 253,Boeing 737-8,HYD,Hyderabad,BOM,Mumbai,06:25,06:29,07:55,07:59,90,137,189,0.7249,Student,4,4,On Time,,,2820,386340
FL01449,03-04-2025,Air India Express,IX 496,Boeing 737-8,PNQ,Pune,LKO,Lucknow,19:56,20:04,22:00,22:12,124,118,189,0.6243,Family,8,12,On Time,,,5140,606520
FL01513,03-04-2025,Air India,AI 714,Airbus A320,BOM,Mumbai,GAU,Guwahati,16:40,16:46,20:09,20:09,209,89,174,0.5115,Business,6,0,On Time,,,8490,755610
FL01846,03-04-2025,Air India,AI 862,Airbus A321,DEL,Delhi,NAG,Nagpur,21:23,21:25,23:14,23:17,111,129,190,0.6789,Leisure,2,3,On Time,,,4270,550830
FL02248,03-04-2025,Air India Express,IX 731,Boeing 737-800,BLR,Bengaluru,DEL,Delhi,21:08,21:15,00:12,00:26,184,122,180,0.6778,Family,7,14,On Time,,,7360,897920
FL02524,03-04-2025,IndiGo,6E 619,Airbus A320neo,BOM,Mumbai,GOI,Goa,08:37,08:42,09:49,09:54,72,142,180,0.7889,Senior Citizen,5,5,On Time,,,2200,312400
FL02797,03-04-2025,Akasa Air,QP 836,Boeing 737 MAX 8,BLR,Bengaluru,COK,Kochi,19:00,21:17,19:53,22:33,53,94,189,0.4974,Senior Citizen,137,160,Delayed,Air Traffic,,1800,169200
FL04132,03-04-2025,SpiceJet,SG 247,Boeing 737-800,AMD,Ahmedabad,PNQ,Pune,16:08,17:30,17:18,18:20,70,140,189,0.7407,Leisure,82,62,Delayed,Other,,2240,313600
FL04971,03-04-2025,Air India Express,IX 673,Boeing 737-800,AMD,Ahmedabad,MAA,Chennai,10:17,10:19,12:39,12:41,142,105,180,0.5833,Senior Citizen,2,2,On Time,,,5640,592200
FL00120,04-04-2025,IndiGo,6E 207,Airbus A321neo,CCU,Kolkata,DEL,Delhi,08:21,08:28,10:37,10:47,136,170,220,0.7727,Family,7,10,On Time,,,6480,1101600
FL03287,04-04-2025,SpiceJet,SG 845,Boeing 737-800,HYD,Hyderabad,CJB,Coimbatore,05:26,05:27,06:59,06:59,93,128,189,0.6772,Leisure,1,0,On Time,,,3090,395520
FL03822,04-04-2025,SpiceJet,SG 966,Bombardier Q400,HYD,Hyderabad,CJB,Coimbatore,11:55,12:00,13:31,13:34,96,65,78,0.8333,Student,5,3,On Time,,,3810,247650
FL04310,04-04-2025,IndiGo,6E 511,Airbus A321neo,PNQ,Pune,BLR,Bengaluru,08:49,09:41,10:21,11:30,92,156,220,0.7091,Leisure,52,69,Delayed,Crew,,3990,622440
FL02271,05-04-2025,Akasa Air,QP 717,Boeing 737 MAX 8,JAI,Jaipur,CJB,Coimbatore,18:21,20:27,21:17,23:38,176,110,189,0.582,Senior Citizen,126,141,Delayed,Air Traffic,,9080,998800
FL03808,05-04-2025,IndiGo,6E 958,ATR 72,GOI,Goa,MAA,Chennai,18:40,18:40,20:05,20:06,85,41,70,0.5857,Family,0,1,On Time,,,3010,123410
FL04932,05-04-2025,IndiGo,6E 216,Airbus A321neo,PNQ,Pune,JAI,Jaipur,22:22,22:26,00:09,00:10,107,130,220,0.5909,Business,4,1,On Time,,,4790,622700
FL00096,06-04-2025,Air India Express,IX 145,Boeing 737-800,COK,Kochi,DEL,Delhi,10:45,12:21,14:17,15:45,212,128,180,0.7111,Family,96,88,Delayed,Other,,9170,1173760
FL00440,06-04-2025,Air India,AI 260,Airbus A321,BOM,Mumbai,AMD,Ahmedabad,15:08,15:12,16:19,16:20,71,152,190,0.8,Family,4,1,On Time,,,1990,302480
FL00586,06-04-2025,Air India Express,IX 271,Boeing 737-800,NAG,Nagpur,PNQ,Pune,06:32,06:39,08:00,08:14,88,109,180,0.6056,Business,7,14,On Time,,,2670,291030
FL01498,06-04-2025,SpiceJet,SG 463,Boeing 737-800,MAA,Chennai,AMD,Ahmedabad,06:37,06:42,09:03,09:04,146,177,189,0.9365,Leisure,5,1,On Time,,,8020,1419540
FL01773,06-04-2025,IndiGo,6E 771,Airbus A320neo,MAA,Chennai,PNQ,Pune,09:02,09:08,10:43,10:49,101,90,180,0.5,Senior Citizen,6,6,On Time,,,4330,389700
FL02530,06-04-2025,IndiGo,6E 626,Airbus A320neo,BOM,Mumbai,JAI,Jaipur,19:30,20:57,21:18,22:36,108,126,180,0.7,Business,87,78,Delayed,Technical Issue,,4600,579600
FL02634,06-04-2025,Air India,AI 377,Airbus A320,COK,Kochi,HYD,Hyderabad,18:32,18:34,20:06,20:11,94,124,174,0.7126,Senior Citizen,2,5,On Time,,,4360,540640
FL03770,06-04-2025,IndiGo,6E 924,Airbus A320neo,DEL,Delhi,NAG,Nagpur,09:27,09:31,11:06,11:09,99,160,180,0.8889,Senior Citizen,4,3,On Time,,,4240,678400
FL04858,06-04-2025,IndiGo,6E 946,Airbus A320neo,COK,Kochi,GAU,Guwahati,06:27,07:40,10:14,11:28,227,129,180,0.7167,Senior Citizen,73,74,Delayed,Weather,,13400,1728600
FL04935,06-04-2025,SpiceJet,SG 458,Boeing 737-800,LKO,Lucknow,MAA,Chennai,20:03,21:15,22:43,23:42,160,126,189,0.6667,Leisure,72,59,Delayed,Late Arrival of Aircraft,,6180,778680
FL00020,07-04-2025,Air India Express,IX 111,Boeing 737-800,MAA,Chennai,HYD,Hyderabad,10:47,10:53,11:53,11:57,66,132,180,0.7333,Family,6,4,On Time,,,2350,310200
FL01005,07-04-2025,Air India Express,IX 378,Boeing 737-800,DEL,Delhi,GOI,Goa,20:49,20:56,23:28,23:36,159,119,180,0.6611,Business,7,8,On Time,,,6400,761600
FL01079,07-04-2025,IndiGo,6E 954,Airbus A321neo,DEL,Delhi,JAI,Jaipur,20:23,20:26,21:10,21:10,47,137,220,0.6227,Leisure,3,0,On Time,,,1800,246600
FL02043,07-04-2025,SpiceJet,SG 572,Boeing 737-800,DEL,Delhi,CJB,Coimbatore,10:08,10:14,13:22,13:31,194,122,189,0.6455,Family,6,9,On Time,,,8940,1090680
FL02429,07-04-2025,SpiceJet,SG 665,Bombardier Q400,COK,Kochi,PNQ,Pune,15:03,15:12,16:51,17:05,108,52,78,0.6667,Senior Citizen,9,14,On Time,,,3660,190320
FL03116,07-04-2025,Akasa Air,QP 921,Boeing 737 MAX 8,NAG,Nagpur,HYD,Hyderabad,10:50,10:57,11:53,11:56,63,107,189,0.5661,Leisure,7,3,On Time,,,1820,194740
FL04939,07-04-2025,Akasa Air,QP 586,Boeing 737 MAX 8,GOI,Goa,BOM,Mumbai,18:47,,19:46,,59,0,189,0,Senior Citizen,0,0,Cancelled,,Technical Issue,2090,0
FL00329,08-04-2025,IndiGo,6E 401,ATR 72,MAA,Chennai,HYD,Hyderabad,18:11,18:12,19:28,19:29,77,40,70,0.5714,Leisure,1,1,On Time,,,2250,90000
FL01284,08-04-2025,IndiGo,6E 354,Airbus A321neo,BOM,Mumbai,DEL,Delhi,14:37,16:57,16:45,19:03,128,143,220,0.65,Family,140,138,Delayed,Ground Operations,,4910,702130
FL04987,08-04-2025,Akasa Air,QP 605,Boeing 737 MAX 8,JAI,Jaipur,BOM,Mumbai,15:17,15:26,17:08,17:20,111,121,189,0.6402,Leisure,9,12,On Time,,,4060,491260
FL00065,09-04-2025,Air India,AI 119,Airbus A320,GAU,Guwahati,CJB,Coimbatore,09:23,09:29,13:15,13:21,232,125,174,0.7184,Senior Citizen,6,6,On Time,,,10860,1357500
FL00229,09-04-2025,IndiGo,6E 306,Airbus A321neo,BLR,Bengaluru,DEL,Delhi,11:16,12:36,14:03,15:41,167,173,220,0.7864,Leisure,80,98,Delayed,Weather,,9290,1607170
FL00479,09-04-2025,IndiGo,6E 526,ATR 72,COK,Kochi,BLR,Bengaluru,10:18,10:21,11:12,11:17,54,56,70,0.8,Student,3,5,On Time,,,1960,109760
FL00598,09-04-2025,Air India,AI 332,Airbus A320,MAA,Chennai,BOM,Mumbai,21:19,22:26,23:13,00:25,114,167,174,0.9598,Business,67,72,Delayed,Technical Issue,,5840,975280
FL00685,09-04-2025,Air India Express,IX 295,Boeing 737-8,MAA,Chennai,BLR,Bengaluru,18:07,18:13,19:06,19:08,59,131,189,0.6931,Business,6,2,On Time,,,1800,235800
FL01379,09-04-2025,Air India,AI 663,Airbus A320,BLR,Bengaluru,CJB,Coimbatore,19:24,19:27,20:10,20:10,46,142,174,0.8161,Leisure,3,0,On Time,,,1800,255600
FL01746,10-04-2025,SpiceJet,SG 509,Boeing 737-800,BOM,Mumbai,BLR,Bengaluru,08:56,09:01,10:36,10:46,100,150,189,0.7937,Leisure,5,10,On Time,,,4040,606000
FL03040,10-04-2025,SpiceJet,SG 787,Boeing 737-800,JAI,Jaipur,BLR,Bengaluru,09:39,09:39,12:25,12:25,166,133,189,0.7037,Student,0,0,On Time,,,6470,860510
FL04482,10-04-2025,Air India Express,IX 546,Boeing 737-800,HYD,Hyderabad,PNQ,Pune,16:55,16:59,18:01,18:13,66,139,180,0.7722,Business,4,12,On Time,,,2070,287730
FL04870,10-04-2025,IndiGo,6E 958,Airbus A320neo,NAG,Nagpur,DEL,Delhi,21:44,21:49,23:30,23:34,106,113,180,0.6278,Senior Citizen,5,4,On Time,,,3350,378550
FL00391,11-04-2025,Air India Express,IX 228,Boeing 737-800,COK,Kochi,BOM,Mumbai,19:25,19:34,21:18,21:32,113,119,180,0.6611,Family,9,14,On Time,,,4640,552160
FL00460,11-04-2025,Air India Express,IX 242,Boeing 737-800,DEL,Delhi,GOI,Goa,06:35,06:38,09:21,09:21,166,114,180,0.6333,Family,3,0,On Time,,,7280,829920
FL01882,11-04-2025,Akasa Air,QP 615,Boeing 737 MAX 8,PNQ,Pune,HYD,Hyderabad,07:47,07:52,09:11,09:17,84,119,189,0.6296,Business,5,6,On Time,,,2570,305830
FL00564,12-04-2025,IndiGo,6E 584,Airbus A321neo,BOM,Mumbai,JAI,Jaipur,08:06,08:15,10:04,10:14,118,151,220,0.6864,Business,9,10,On Time,,,4620,697620
FL01485,12-04-2025,IndiGo,6E 531,Airbus A320neo,CJB,Coimbatore,HYD,Hyderabad,05:37,05:46,07:08,07:15,91,143,180,0.7944,Student,9,7,On Time,,,3830,547690
FL01496,12-04-2025,IndiGo,6E 542,Airbus A320neo,DEL,Delhi,BLR,Bengaluru,10:31,11:41,13:26,14:42,175,137,180,0.7611,Leisure,70,76,Delayed,Weather,,8910,1220670
FL01704,12-04-2025,Air India,AI 800,Boeing 787-8,BOM,Mumbai,MAA,Chennai,06:04,07:54,08:04,09:36,120,167,256,0.6523,Leisure,110,92,Delayed,Crew,,5250,876750
FL01775,12-04-2025,IndiGo,6E 774,Airbus A321neo,CCU,Kolkata,BLR,Bengaluru,05:27,06:17,08:14,09:20,167,169,220,0.7682,Family,50,66,Delayed,Late Arrival of Aircraft,,7690,1299610
FL02783,12-04-2025,Air India,AI 424,Airbus A320,CCU,Kolkata,DEL,Delhi,20:15,,22:38,,143,0,174,0,Family,0,0,Cancelled,,Operational Issue,6870,0
FL03286,12-04-2025,Air India Express,IX 220,Boeing 737-800,BOM,Mumbai,GOI,Goa,22:10,22:11,23:18,23:18,68,129,180,0.7167,Leisure,1,0,On Time,,,2030,261870
FL03721,12-04-2025,Air India,AI 779,Boeing 787-8,GOI,Goa,COK,Kochi,12:41,12:43,14:03,14:10,82,175,256,0.6836,Leisure,2,7,On Time,,,3400,595000
FL04165,12-04-2025,IndiGo,6E 395,Airbus A321neo,MAA,Chennai,GAU,Guwahati,18:29,18:30,21:41,21:41,192,170,220,0.7727,Leisure,1,0,On Time,,,9810,1667700
FL04623,12-04-2025,SpiceJet,SG 397,Bombardier Q400,NAG,Nagpur,PNQ,Pune,06:48,06:48,08:12,08:12,84,43,78,0.5513,Family,0,0,On Time,,,2680,115240
FL04740,12-04-2025,Akasa Air,QP 518,Boeing 737 MAX 8,PNQ,Pune,MAA,Chennai,12:29,12:29,14:12,14:12,103,119,189,0.6296,Family,0,0,On Time,,,4620,549780
FL00308,13-04-2025,IndiGo,6E 382,Airbus A321neo,HYD,Hyderabad,DEL,Delhi,05:40,05:41,08:00,08:00,140,119,220,0.5409,Senior Citizen,1,0,On Time,,,6480,771120
FL00997,13-04-2025,IndiGo,6E 894,Airbus A320neo,COK,Kochi,HYD,Hyderabad,13:41,16:28,15:19,17:40,98,124,180,0.6889,Business,167,141,Delayed,Technical Issue,,3960,491040
FL01662,13-04-2025,IndiGo,6E 684,Airbus A321neo,LKO,Lucknow,PNQ,Pune,07:49,07:58,09:58,10:04,129,191,220,0.8682,Student,9,6,On Time,,,6360,1214760
FL01865,13-04-2025,IndiGo,6E 845,Airbus A321neo,CCU,Kolkata,MAA,Chennai,05:34,05:41,07:57,08:04,143,147,220,0.6682,Business,7,7,On Time,,,6930,1018710
FL02532,13-04-2025,Air India,AI 324,Airbus A321,BOM,Mumbai,DEL,Delhi,06:44,06:46,08:47,08:47,123,165,190,0.8684,Senior Citizen,2,0,On Time,,,7110,1173150
FL03146,13-04-2025,IndiGo,6E 388,Airbus A321neo,COK,Kochi,MAA,Chennai,15:26,15:26,16:44,16:49,78,171,220,0.7773,Leisure,0,5,On Time,,,2640,451440
FL04033,13-04-2025,IndiGo,6E 293,Airbus A321neo,HYD,Hyderabad,CJB,Coimbatore,14:35,14:42,16:17,16:24,102,173,220,0.7864,Leisure,7,7,On Time,,,3320,574360
FL00534,14-04-2025,Air India Express,IX 264,Boeing 737-800,HYD,Hyderabad,CCU,Kolkata,16:08,16:09,18:27,18:31,139,135,180,0.75,Leisure,1,4,On Time,,,5080,685800
FL01751,14-04-2025,Akasa Air,QP 580,Boeing 737 MAX 8,DEL,Delhi,BLR,Bengaluru,18:34,18:34,21:34,21:35,180,178,189,0.9418,Business,0,1,On Time,,,9980,1776440
FL01848,14-04-2025,Air India,AI 865,Boeing 787-8,MAA,Chennai,BOM,Mumbai,13:18,13:23,15:17,15:30,119,166,256,0.6484,Business,5,13,On Time,,,4530,751980
FL02453,14-04-2025,Air India Express,IX 783,Boeing 737-8,MAA,Chennai,BOM,Mumbai,09:47,09:48,11:46,11:52,119,173,189,0.9153,Leisure,1,6,On Time,,,4260,736980
FL03105,14-04-2025,IndiGo,6E 348,Airbus A321neo,AMD,Ahmedabad,BOM,Mumbai,09:48,12:33,10:52,13:39,64,124,220,0.5636,Leisure,165,167,Delayed,Air Traffic,,2250,279000
FL00300,15-04-2025,SpiceJet,SG 189,Boeing 737-800,BOM,Mumbai,DEL,Delhi,12:34,14:21,14:43,16:45,129,159,189,0.8413,Family,107,122,Delayed,Crew,,6030,958770
FL01633,15-04-2025,IndiGo,6E 664,Airbus A320neo,LKO,Lucknow,CCU,Kolkata,17:55,18:00,19:39,19:43,104,110,180,0.6111,Family,5,4,On Time,,,3870,425700
FL02510,15-04-2025,Air India Express,IX 800,Boeing 737-800,COK,Kochi,MAA,Chennai,21:47,21:52,22:58,22:58,71,153,180,0.85,Business,5,0,On Time,,,2660,406980
FL02710,15-04-2025,IndiGo,6E 791,Airbus A320neo,PNQ,Pune,COK,Kochi,06:15,06:17,08:06,08:07,111,107,180,0.5944,Family,2,1,On Time,,,3430,367010
FL03048,15-04-2025,Air India,AI 526,Airbus A320,CJB,Coimbatore,HYD,Hyderabad,07:54,07:54,09:24,09:26,90,90,174,0.5172,Senior Citizen,0,2,On Time,,,3620,325800
FL03273,15-04-2025,SpiceJet,SG 835,Boeing 737-800,CJB,Coimbatore,HYD,Hyderabad,17:32,17:37,19:00,19:05,88,128,189,0.6772,Business,5,5,On Time,,,3000,384000
FL03629,15-04-2025,SpiceJet,SG 925,Bombardier Q400,MAA,Chennai,BOM,Mumbai,05:11,05:59,07:17,08:14,126,66,78,0.8462,Business,48,57,Delayed,Ground Operations,,5230,345180
FL03842,15-04-2025,Air India,AI 846,Airbus A321,BOM,Mumbai,COK,Kochi,19:46,19:47,21:47,21:53,121,125,190,0.6579,Business,1,6,On Time,,,5120,640000
FL00013,16-04-2025,IndiGo,6E 116,Airbus A320neo,BLR,Bengaluru,BOM,Mumbai,16:24,16:32,18:00,18:14,96,115,180,0.6389,Leisure,8,14,On Time,,,3200,368000
FL01559,16-04-2025,Air India Express,IX 527,Boeing 737-8,LKO,Lucknow,HYD,Hyderabad,11:53,11:54,13:49,13:49,116,128,189,0.6772,Family,1,0,On Time,,,4130,528640
FL01931,16-04-2025,Akasa Air,QP 632,Boeing 737 MAX 8,BLR,Bengaluru,CCU,Kolkata,21:22,21:29,23:55,23:56,153,114,189,0.6032,Family,7,1,On Time,,,6410,730740
FL02553,16-04-2025,Air India Express,IX 814,Boeing 737-8,HYD,Hyderabad,DEL,Delhi,15:07,17:27,17:30,19:51,143,139,189,0.7354,Leisure,140,141,Delayed,Air Traffic,,5680,789520
FL02836,16-04-2025,IndiGo,6E 904,Airbus A320neo,HYD,Hyderabad,MAA,Chennai,06:17,09:11,07:31,10:27,74,141,180,0.7833,Leisure,174,176,Delayed,Other,,2380,335580
FL04589,16-04-2025,Air India Express,IX 577,Boeing 737-8,GOI,Goa,BLR,Bengaluru,18:32,18:33,19:57,19:57,85,146,189,0.7725,Family,1,0,On Time,,,2380,347480
FL01092,17-04-2025,IndiGo,6E 959,Airbus A321neo,BOM,Mumbai,HYD,Hyderabad,20:45,20:52,22:03,22:03,78,193,220,0.8773,Leisure,7,0,On Time,,,3330,642690
FL03504,17-04-2025,IndiGo,6E 714,ATR 72,COK,Kochi,PNQ,Pune,12:23,12:24,14:20,14:23,117,58,70,0.8286,Family,1,3,On Time,,,4800,278400
FL04771,17-04-2025,IndiGo,6E 874,ATR 72,HYD,Hyderabad,GOI,Goa,11:03,11:09,12:22,12:25,79,58,70,0.8286,Leisure,6,3,On Time,,,2700,156600
FL01224,18-04-2025,Air India,AI 592,Airbus A320,BOM,Mumbai,PNQ,Pune,13:47,13:56,14:32,14:38,45,139,174,0.7989,Family,9,6,On Time,,,1800,250200
FL03108,18-04-2025,IndiGo,6E 349,Airbus A320neo,JAI,Jaipur,HYD,Hyderabad,16:54,18:25,19:01,20:41,127,131,180,0.7278,Business,91,100,Delayed,Crew,,5760,754560
FL00492,19-04-2025,Air India,AI 276,Airbus A320,PNQ,Pune,CCU,Kolkata,06:02,06:09,08:58,09:02,176,123,174,0.7069,Family,7,4,On Time,,,8510,1046730
FL01036,19-04-2025,SpiceJet,SG 387,Boeing 737-800,LKO,Lucknow,MAA,Chennai,17:10,17:10,19:49,19:49,159,119,189,0.6296,Business,0,0,On Time,,,7260,863940
FL03195,19-04-2025,IndiGo,6E 432,Airbus A321neo,GAU,Guwahati,HYD,Hyderabad,12:48,12:48,15:47,15:47,179,135,220,0.6136,Leisure,0,0,On Time,,,7920,1069200
FL03368,19-04-2025,IndiGo,6E 583,Airbus A320neo,GOI,Goa,DEL,Delhi,16:29,16:36,19:10,19:20,161,151,180,0.8389,Leisure,7,10,On Time,,,8540,1289540
FL03400,19-04-2025,IndiGo,6E 605,Airbus A321neo,GOI,Goa,MAA,Chennai,12:08,12:08,13:41,13:41,93,203,220,0.9227,Family,0,0,On Time,,,4060,824180
FL04072,19-04-2025,Air India Express,IX 430,Boeing 737-800,HYD,Hyderabad,BLR,Bengaluru,12:44,12:45,14:03,14:13,79,149,180,0.8278,Leisure,1,10,On Time,,,2220,330780
FL04473,19-04-2025,IndiGo,6E 650,Airbus A320neo,DEL,Delhi,HYD,Hyderabad,09:55,09:59,12:09,12:09,134,118,180,0.6556,Family,4,0,On Time,,,6340,748120
FL00467,20-04-2025,IndiGo,6E 516,Airbus A321neo,GOI,Goa,CCU,Kolkata,12:02,12:02,14:57,14:57,175,146,220,0.6636,Leisure,0,0,On Time,,,7600,1109600
FL00565,20-04-2025,Air India Express,IX 266,Boeing 737-8,NAG,Nagpur,BLR,Bengaluru,19:06,19:14,20:48,20:56,102,126,189,0.6667,Leisure,8,8,On Time,,,3630,457380
FL01493,20-04-2025,IndiGo,6E 537,Airbus A320neo,JAI,Jaipur,PNQ,Pune,17:17,17:24,19:01,19:10,104,141,180,0.7833,Leisure,7,9,On Time,,,4840,682440
FL02280,20-04-2025,Air India Express,IX 739,Boeing 737-8,AMD,Ahmedabad,GOI,Goa,12:24,12:31,14:09,14:12,105,137,189,0.7249,Student,7,3,On Time,,,4240,580880
FL02777,20-04-2025,IndiGo,6E 859,Airbus A321neo,BLR,Bengaluru,BOM,Mumbai,17:50,17:51,19:35,19:35,105,207,220,0.9409,Family,1,0,On Time,,,4850,1003950
FL02906,20-04-2025,SpiceJet,SG 760,Bombardier Q400,BOM,Mumbai,CJB,Coimbatore,07:01,07:08,08:56,08:58,115,68,78,0.8718,Family,7,2,On Time,,,4710,320280
FL03053,20-04-2025,IndiGo,6E 299,Airbus A321neo,GAU,Guwahati,MAA,Chennai,17:54,17:55,21:12,21:16,198,175,220,0.7955,Family,1,4,On Time,,,10710,1874250
FL03204,20-04-2025,IndiGo,6E 439,Airbus A321neo,COK,Kochi,CCU,Kolkata,10:14,10:22,13:26,13:32,192,128,220,0.5818,Student,8,6,On Time,,,8220,1052160
FL03229,20-04-2025,IndiGo,6E 451,Airbus A321neo,NAG,Nagpur,PNQ,Pune,06:30,06:36,07:56,07:56,86,203,220,0.9227,Family,6,0,On Time,,,3850,781550
FL03797,20-04-2025,IndiGo,6E 946,Airbus A321neo,MAA,Chennai,GOI,Goa,06:49,06:58,08:19,08:33,90,139,220,0.6318,Family,9,14,On Time,,,2800,389200
FL03938,20-04-2025,IndiGo,6E 229,Airbus A321neo,DEL,Delhi,HYD,Hyderabad,16:57,16:57,19:16,19:16,139,213,220,0.9682,Leisure,0,0,On Time,,,7380,1571940
FL04077,20-04-2025,IndiGo,6E 324,Airbus A321neo,GOI,Goa,LKO,Lucknow,09:54,10:02,12:32,12:39,158,201,220,0.9136,Senior Citizen,8,7,On Time,,,8090,1626090
FL04635,20-04-2025,IndiGo,6E 773,ATR 72,PNQ,Pune,HYD,Hyderabad,13:03,13:11,14:15,14:20,72,51,70,0.7286,Student,8,5,On Time,,,2300,117300
FL00122,21-04-2025,IndiGo,6E 210,Airbus A321neo,HYD,Hyderabad,BOM,Mumbai,06:47,08:00,08:16,09:53,89,166,220,0.7545,Leisure,73,97,Delayed,Late Arrival of Aircraft,,2920,484720
FL00412,21-04-2025,IndiGo,6E 461,ATR 72,GOI,Goa,BLR,Bengaluru,18:55,19:02,20:02,20:07,67,44,70,0.6286,Family,7,5,On Time,,,2250,99000
FL02837,21-04-2025,SpiceJet,SG 736,Bombardier Q400,BLR,Bengaluru,PNQ,Pune,12:43,12:47,14:13,14:17,90,43,78,0.5513,Student,4,4,On Time,,,2860,122980
FL01377,22-04-2025,SpiceJet,SG 454,Bombardier Q400,HYD,Hyderabad,DEL,Delhi,10:55,12:22,13:10,14:44,135,50,78,0.641,Student,87,94,Delayed,Crew,,5430,271500
FL02004,22-04-2025,SpiceJet,SG 561,Boeing 737-800,CCU,Kolkata,MAA,Chennai,15:28,16:05,17:54,18:47,146,114,189,0.6032,Family,37,53,Delayed,Air Traffic,,6630,755820
FL02021,22-04-2025,IndiGo,6E 977,Airbus A320neo,CJB,Coimbatore,COK,Kochi,10:50,10:50,11:35,11:35,45,88,180,0.4889,Leisure,0,0,On Time,,,1800,158400
FL02972,22-04-2025,IndiGo,6E 230,Airbus A321neo,BOM,Mumbai,PNQ,Pune,07:31,07:32,08:16,08:16,45,141,220,0.6409,Business,1,0,On Time,,,1800,253800
FL03980,22-04-2025,SpiceJet,SG 214,Boeing 737-800,PNQ,Pune,BOM,Mumbai,13:51,16:22,14:36,17:09,45,142,189,0.7513,Student,151,153,Delayed,Crew,,1800,255600
FL04604,22-04-2025,SpiceJet,SG 391,Boeing 737-800,HYD,Hyderabad,GAU,Guwahati,10:33,13:27,13:18,15:59,165,135,189,0.7143,Family,174,161,Delayed,Late Arrival of Aircraft,,7500,1012500
FL00251,23-04-2025,Akasa Air,QP 152,Boeing 737 MAX 8,MAA,Chennai,GOI,Goa,08:30,08:30,10:03,10:08,93,159,189,0.8413,Family,0,5,On Time,,,3490,554910
FL00326,23-04-2025,IndiGo,6E 394,Airbus A321neo,BOM,Mumbai,PNQ,Pune,10:41,,11:26,,45,0,220,0,Leisure,0,0,Cancelled,,Technical Issue,1800,0
FL00493,23-04-2025,SpiceJet,SG 238,Bombardier Q400,BLR,Bengaluru,MAA,Chennai,21:26,21:29,22:12,22:17,46,54,78,0.6923,Family,3,5,On Time,,,1800,97200
FL00719,23-04-2025,IndiGo,6E 683,Airbus A321neo,BOM,Mumbai,BLR,Bengaluru,06:03,06:07,07:40,07:47,97,166,220,0.7545,Leisure,4,7,On Time,,,4030,668980
FL00906,23-04-2025,IndiGo,6E 839,ATR 72,LKO,Lucknow,CCU,Kolkata,10:27,10:27,12:12,12:14,105,56,70,0.8,Leisure,0,2,On Time,,,4370,244720
FL01129,23-04-2025,IndiGo,6E 994,Airbus A320neo,CCU,Kolkata,PNQ,Pune,19:25,21:18,22:08,23:59,163,125,180,0.6944,Student,113,111,Delayed,Ground Operations,,7420,927500
FL01162,23-04-2025,Air India Express,IX 423,Boeing 737-8,COK,Kochi,BOM,Mumbai,13:54,14:02,15:56,16:03,122,153,189,0.8095,Senior Citizen,8,7,On Time,,,4680,716040
FL02593,23-04-2025,Akasa Air,QP 787,Boeing 737 MAX 8,GOI,Goa,NAG,Nagpur,10:44,10:45,12:33,12:38,109,121,189,0.6402,Business,1,5,On Time,,,3700,447700
FL02761,23-04-2025,Akasa Air,QP 826,Boeing 737 MAX 8,HYD,Hyderabad,COK,Kochi,08:04,08:09,09:53,09:53,109,168,189,0.8889,Business,5,0,On Time,,,4190,703920
FL03796,23-04-2025,Air India Express,IX 361,Boeing 737-800,COK,Kochi,CCU,Kolkata,12:15,12:17,15:34,15:34,199,99,180,0.55,Student,2,0,On Time,,,7520,744480
FL03843,23-04-2025,Air India Express,IX 375,Boeing 737-800,BOM,Mumbai,PNQ,Pune,14:28,14:33,15:17,15:30,49,102,180,0.5667,Business,5,13,On Time,,,1800,183600
FL04027,23-04-2025,Air India,AI 918,Airbus A321,GOI,Goa,DEL,Delhi,17:16,17:18,19:52,19:53,156,148,190,0.7789,Leisure,2,1,On Time,,,7690,1138120
FL00612,24-04-2025,IndiGo,6E 610,Airbus A320neo,AMD,Ahmedabad,BLR,Bengaluru,19:55,19:57,22:24,22:27,149,121,180,0.6722,Leisure,2,3,On Time,,,5370,649770
FL00699,24-04-2025,Akasa Air,QP 296,Boeing 737 MAX 8,JAI,Jaipur,GOI,Goa,15:40,15:40,18:01,18:04,141,89,189,0.4709,Leisure,0,3,On Time,,,4850,431650
FL01190,24-04-2025,IndiGo,6E 251,Airbus A321neo,COK,Kochi,LKO,Lucknow,06:13,06:16,09:23,09:26,190,164,220,0.7455,Family,3,3,On Time,,,9340,1531760
FL01465,24-04-2025,Akasa Air,QP 493,Boeing 737 MAX 8,COK,Kochi,DEL,Delhi,14:39,14:45,18:08,18:21,209,154,189,0.8148,Student,6,13,On Time,,,9530,1467620
FL02230,24-04-2025,Air India,AI 201,Airbus A321,CJB,Coimbatore,COK,Kochi,16:52,19:10,17:37,19:44,45,147,190,0.7737,Leisure,138,127,Delayed,Air Traffic,,1800,264600
FL02977,24-04-2025,Air India Express,IX 944,Boeing 737-800,JAI,Jaipur,HYD,Hyderabad,18:29,18:34,20:38,20:46,129,98,180,0.5444,Leisure,5,8,On Time,,,4370,428260
FL04179,24-04-2025,Air India,AI 994,Airbus A321,GOI,Goa,BLR,Bengaluru,21:31,21:39,22:41,22:41,70,129,190,0.6789,Family,8,0,On Time,,,2610,336690
FL04394,24-04-2025,SpiceJet,SG 328,Boeing 737-800,BLR,Bengaluru,HYD,Hyderabad,21:58,22:05,23:09,23:13,71,139,189,0.7354,Business,7,4,On Time,,,2350,326650
FL04453,24-04-2025,IndiGo,6E 630,Airbus A320neo,GOI,Goa,COK,Kochi,17:36,17:43,19:09,19:14,93,128,180,0.7111,Leisure,7,5,On Time,,,3010,385280
FL04533,24-04-2025,Air India,AI 331,Airbus A321,CJB,Coimbatore,DEL,Delhi,12:04,12:08,15:19,15:19,195,119,190,0.6263,Business,4,0,On Time,,,10050,1195950
FL01043,25-04-2025,Air India Express,IX 392,Boeing 737-8,GOI,Goa,BLR,Bengaluru,14:17,14:24,15:30,15:44,73,133,189,0.7037,Business,7,14,On Time,,,2120,281960
FL02232,25-04-2025,SpiceJet,SG 609,Boeing 737-800,BLR,Bengaluru,HYD,Hyderabad,20:02,20:04,21:16,21:16,74,149,189,0.7884,Family,2,0,On Time,,,2430,362070
FL02569,25-04-2025,SpiceJet,SG 685,Boeing 737-800,GAU,Guwahati,HYD,Hyderabad,17:23,17:26,20:15,20:17,172,148,189,0.7831,Business,3,2,On Time,,,7810,1155880
FL02997,25-04-2025,SpiceJet,SG 782,Boeing 737-800,BOM,Mumbai,COK,Kochi,19:22,19:45,21:20,21:59,118,163,189,0.8624,Leisure,23,39,Delayed,Technical Issue,,5780,942140
FL04240,25-04-2025,IndiGo,6E 454,Airbus A320neo,NAG,Nagpur,CJB,Coimbatore,22:08,22:10,00:09,00:10,121,120,180,0.6667,Business,2,1,On Time,,,5800,696000
FL04476,25-04-2025,Akasa Air,QP 457,Boeing 737 MAX 8,CJB,Coimbatore,HYD,Hyderabad,17:07,17:16,18:49,19:00,102,114,189,0.6032,Leisure,9,11,On Time,,,3140,357960
FL04780,25-04-2025,IndiGo,6E 883,Airbus A321neo,GOI,Goa,AMD,Ahmedabad,18:31,18:33,20:24,20:24,113,179,220,0.8136,Family,2,0,On Time,,,4430,792970
FL04949,25-04-2025,Akasa Air,QP 589,Boeing 737 MAX 8,PNQ,Pune,BOM,Mumbai,19:47,19:56,20:32,20:36,45,124,189,0.6561,Senior Citizen,9,4,On Time,,,1800,223200
FL00421,26-04-2025,IndiGo,6E 474,Airbus A321neo,HYD,Hyderabad,JAI,Jaipur,20:36,21:33,22:40,23:48,124,171,220,0.7773,Family,57,68,Delayed,Technical Issue,,5340,913140
FL01198,26-04-2025,IndiGo,6E 260,Airbus A321neo,BOM,Mumbai,PNQ,Pune,20:18,20:20,21:04,21:12,46,163,220,0.7409,Leisure,2,8,On Time,,,1800,293400
FL01897,26-04-2025,IndiGo,6E 873,ATR 72,NAG,Nagpur,DEL,Delhi,18:08,19:17,19:45,21:07,97,53,70,0.7571,Business,69,82,Delayed,Late Arrival of Aircraft,,4730,250690
FL02151,26-04-2025,IndiGo,6E 287,Airbus A321neo,COK,Kochi,DEL,Delhi,06:04,06:06,09:29,09:32,205,153,220,0.6955,Leisure,2,3,On Time,,,9680,1481040
FL03114,26-04-2025,IndiGo,6E 358,ATR 72,AMD,Ahmedabad,CCU,Kolkata,11:10,11:18,13:57,14:03,167,47,70,0.6714,Family,8,6,On Time,,,8230,386810
FL03611,26-04-2025,SpiceJet,SG 919,Bombardier Q400,BOM,Mumbai,AMD,Ahmedabad,17:57,17:57,19:06,19:06,69,45,78,0.5769,Leisure,0,0,On Time,,,2100,94500
FL04353,26-04-2025,Air India,AI 274,Airbus A320,HYD,Hyderabad,CCU,Kolkata,16:00,16:00,18:15,18:15,135,134,174,0.7701,Family,0,0,On Time,,,6600,884400
FL04848,26-04-2025,Air India,AI 462,Boeing 787-8,HYD,Hyderabad,GAU,Guwahati,11:39,11:59,14:31,15:13,172,192,256,0.75,Family,20,42,Delayed,Ground Operations,,8770,1683840
FL00365,27-04-2025,IndiGo,6E 422,Airbus A321neo,LKO,Lucknow,PNQ,Pune,07:29,07:30,09:39,09:41,130,114,220,0.5182,Business,1,2,On Time,,,4760,542640
FL01719,27-04-2025,Air India,AI 809,Airbus A321,PNQ,Pune,BOM,Mumbai,16:29,16:31,17:14,17:20,45,122,190,0.6421,Family,2,6,On Time,,,1800,219600
FL02451,27-04-2025,IndiGo,6E 553,Airbus A321neo,BLR,Bengaluru,CCU,Kolkata,08:51,08:53,11:35,11:38,164,188,220,0.8545,Student,2,3,On Time,,,9120,1714560
FL04468,27-04-2025,IndiGo,6E 643,Airbus A320neo,PNQ,Pune,DEL,Delhi,18:43,18:50,20:43,20:44,120,126,180,0.7,Business,7,1,On Time,,,5510,694260
FL00158,28-04-2025,Akasa Air,QP 134,Boeing 737 MAX 8,COK,Kochi,MAA,Chennai,09:13,09:15,10:34,10:34,81,134,189,0.709,Leisure,2,0,On Time,,,2430,325620
FL01292,28-04-2025,IndiGo,6E 359,ATR 72,NAG,Nagpur,BOM,Mumbai,15:54,16:40,17:19,18:19,85,40,70,0.5714,Business,46,60,Delayed,Weather,,2610,104400
FL03083,28-04-2025,IndiGo,6E 325,ATR 72,DEL,Delhi,GAU,Guwahati,05:56,06:03,08:31,08:33,155,54,70,0.7714,Leisure,7,2,On Time,,,5080,274320
FL03411,28-04-2025,Akasa Air,QP 982,Boeing 737 MAX 8,PNQ,Pune,NAG,Nagpur,15:33,15:40,17:05,17:12,92,157,189,0.8307,Family,7,7,On Time,,,2950,463150
FL03423,28-04-2025,SpiceJet,SG 879,Boeing 737-800,PNQ,Pune,MAA,Chennai,17:39,19:37,19:25,21:37,106,121,189,0.6402,Student,118,132,Delayed,Crew,,3610,436810
FL04102,28-04-2025,IndiGo,6E 352,Airbus A321neo,CCU,Kolkata,HYD,Hyderabad,08:30,08:38,10:49,10:59,139,144,220,0.6545,Family,8,10,On Time,,,5890,848160
FL04363,28-04-2025,SpiceJet,SG 311,Boeing 737-800,PNQ,Pune,BOM,Mumbai,05:00,07:43,05:45,08:26,45,108,189,0.5714,Family,163,161,Delayed,Late Arrival of Aircraft,,1800,194400
FL04767,28-04-2025,IndiGo,6E 869,Airbus A320neo,BLR,Bengaluru,COK,Kochi,20:08,20:15,21:03,21:08,55,128,180,0.7111,Leisure,7,5,On Time,,,1800,230400
FL01011,29-04-2025,Air India,AI 516,Airbus A320,GOI,Goa,DEL,Delhi,14:06,14:14,16:52,17:04,166,117,174,0.6724,Senior Citizen,8,12,On Time,,,7490,876330
FL01025,29-04-2025,IndiGo,6E 906,ATR 72,JAI,Jaipur,HYD,Hyderabad,10:48,11:12,12:44,13:00,116,60,70,0.8571,Leisure,24,16,Delayed,Late Arrival of Aircraft,,5540,332400
FL01917,29-04-2025,Akasa Air,QP 626,Boeing 737 MAX 8,HYD,Hyderabad,CCU,Kolkata,14:55,14:56,17:06,17:06,131,113,189,0.5979,Business,1,0,On Time,,,4970,561610
FL02857,29-04-2025,IndiGo,6E 921,Airbus A321neo,BLR,Bengaluru,DEL,Delhi,17:41,19:42,20:36,22:57,175,153,220,0.6955,Leisure,121,141,Delayed,Weather,,7900,1208700
FL03919,29-04-2025,IndiGo,6E 225,Airbus A320neo,LKO,Lucknow,BOM,Mumbai,14:27,14:31,16:50,16:50,143,83,180,0.4611,Leisure,4,0,On Time,,,4530,375990
FL04454,29-04-2025,Air India,AI 308,Airbus A320,PNQ,Pune,COK,Kochi,17:41,17:43,19:24,19:30,103,114,174,0.6552,Business,2,6,On Time,,,4330,493620
FL04566,29-04-2025,Air India,AI 343,Airbus A321,COK,Kochi,DEL,Delhi,11:18,11:25,14:48,14:50,210,157,190,0.8263,Senior Citizen,7,2,On Time,,,11250,1766250
FL04675,29-04-2025,SpiceJet,SG 412,Bombardier Q400,MAA,Chennai,DEL,Delhi,10:11,10:19,13:13,13:18,182,67,78,0.859,Business,8,5,On Time,,,8730,584910
FL00078,30-04-2025,IndiGo,6E 171,ATR 72,BOM,Mumbai,PNQ,Pune,20:19,20:21,21:04,21:12,45,50,70,0.7143,Leisure,2,8,On Time,,,1800,90000
FL00186,30-04-2025,IndiGo,6E 274,Airbus A321neo,LKO,Lucknow,BOM,Mumbai,12:00,12:03,14:17,14:22,137,174,220,0.7909,Leisure,3,5,On Time,,,6970,1212780
FL03769,30-04-2025,IndiGo,6E 922,Airbus A321neo,COK,Kochi,BOM,Mumbai,13:52,14:37,15:52,16:56,120,163,220,0.7409,Business,45,64,Delayed,Technical Issue,,5260,857380
FL00223,01-05-2025,Air India Express,IX 181,Boeing 737-800,BOM,Mumbai,BLR,Bengaluru,15:28,15:34,16:57,17:02,89,139,180,0.7722,Family,6,5,On Time,,,4090,568510
FL01044,01-05-2025,IndiGo,6E 913,Airbus A321neo,CJB,Coimbatore,JAI,Jaipur,12:04,12:10,14:54,14:58,170,165,220,0.75,Family,6,4,On Time,,,9700,1600500
FL01121,01-05-2025,SpiceJet,SG 401,Boeing 737-800,DEL,Delhi,AMD,Ahmedabad,16:33,18:10,18:14,19:47,101,158,189,0.836,Family,97,93,Delayed,Air Traffic,,4070,643060
FL01500,01-05-2025,IndiGo,6E 547,ATR 72,COK,Kochi,MAA,Chennai,16:33,16:38,17:49,17:55,76,47,70,0.6714,Senior Citizen,5,6,On Time,,,2750,129250
FL02200,01-05-2025,Akasa Air,QP 696,Boeing 737 MAX 8,AMD,Ahmedabad,DEL,Delhi,10:49,10:52,12:26,12:35,97,117,189,0.619,Leisure,3,9,On Time,,,3680,430560
FL03892,01-05-2025,SpiceJet,SG 983,Bombardier Q400,AMD,Ahmedabad,BOM,Mumbai,16:42,16:50,17:45,17:55,63,53,78,0.6795,Family,8,10,On Time,,,2300,121900
FL04028,01-05-2025,Air India Express,IX 413,Boeing 737-800,JAI,Jaipur,DEL,Delhi,08:25,08:30,09:14,09:14,49,127,180,0.7056,Leisure,5,0,On Time,,,1800,228600
FL04865,01-05-2025,IndiGo,6E 953,Airbus A321neo,DEL,Delhi,AMD,Ahmedabad,10:50,10:53,12:29,12:42,99,161,220,0.7318,Senior Citizen,3,13,On Time,,,4110,661710
FL00054,02-05-2025,IndiGo,6E 149,Airbus A321neo,BOM,Mumbai,MAA,Chennai,08:26,08:31,10:24,10:30,118,197,220,0.8955,Business,5,6,On Time,,,6760,1331720
FL00081,02-05-2025,Air India,AI 125,Boeing 787-8,BOM,Mumbai,JAI,Jaipur,21:53,21:59,23:34,23:34,101,191,256,0.7461,Leisure,6,0,On Time,,,5100,974100
FL00824,02-05-2025,Air India,AI 435,Airbus A320,BOM,Mumbai,JAI,Jaipur,15:44,15:45,17:34,17:42,110,130,174,0.7471,Leisure,1,8,On Time,,,5280,686400
FL02365,02-05-2025,SpiceJet,SG 650,Boeing 737-800,BOM,Mumbai,NAG,Nagpur,21:46,21:55,23:15,23:24,89,129,189,0.6825,Family,9,9,On Time,,,3530,455370
FL02438,02-05-2025,IndiGo,6E 542,Airbus A321neo,HYD,Hyderabad,PNQ,Pune,15:42,15:47,16:47,16:54,65,151,220,0.6864,Leisure,5,7,On Time,,,2730,412230
FL02649,02-05-2025,IndiGo,6E 728,Airbus A320neo,HYD,Hyderabad,BLR,Bengaluru,20:40,20:42,21:43,21:43,63,160,180,0.8889,Family,2,0,On Time,,,2890,462400
FL03281,02-05-2025,IndiGo,6E 502,Airbus A320neo,MAA,Chennai,AMD,Ahmedabad,09:26,09:33,11:51,12:01,145,152,180,0.8444,Business,7,10,On Time,,,7790,1184080
FL04823,02-05-2025,IndiGo,6E 912,Airbus A321neo,CCU,Kolkata,PNQ,Pune,07:53,08:00,10:36,10:40,163,149,220,0.6773,Leisure,7,4,On Time,,,8160,1215840
FL00411,03-05-2025,Air India,AI 242,Airbus A320,BLR,Bengaluru,GOI,Goa,14:59,15:07,16:07,16:18,68,111,174,0.6379,Business,8,11,On Time,,,2780,308580
FL02609,03-05-2025,IndiGo,6E 694,Airbus A321neo,HYD,Hyderabad,BLR,Bengaluru,20:08,20:12,21:21,21:21,73,171,220,0.7773,Business,4,0,On Time,,,2610,446310
FL02935,03-05-2025,SpiceJet,SG 772,Bombardier Q400,PNQ,Pune,DEL,Delhi,11:57,12:04,14:09,14:16,132,66,78,0.8462,Leisure,7,7,On Time,,,5890,388740
FL03807,03-05-2025,IndiGo,6E 956,Airbus A321neo,DEL,Delhi,HYD,Hyderabad,10:01,10:05,12:20,12:29,139,187,220,0.85,Student,4,9,On Time,,,7320,1368840
FL04537,03-05-2025,IndiGo,6E 694,Airbus A320neo,JAI,Jaipur,GAU,Guwahati,18:37,20:36,21:18,23:33,161,128,180,0.7111,Senior Citizen,119,135,Delayed,Ground Operations,,8920,1141760
FL00061,04-05-2025,SpiceJet,SG 120,Boeing 737-800,BOM,Mumbai,GOI,Goa,14:05,14:13,15:13,15:26,68,148,189,0.7831,Leisure,8,13,On Time,,,2240,331520
FL01042,04-05-2025,IndiGo,6E 911,Airbus A320neo,DEL,Delhi,BOM,Mumbai,18:14,18:14,20:26,20:26,132,143,180,0.7944,Senior Citizen,0,0,On Time,,,7180,1026740
FL01051,04-05-2025,IndiGo,6E 919,Airbus A321neo,MAA,Chennai,BLR,Bengaluru,21:09,21:14,22:06,22:15,57,187,220,0.85,Business,5,9,On Time,,,1800,336600
FL01361,04-05-2025,Akasa Air,QP 462,Boeing 737 MAX 8,HYD,Hyderabad,CCU,Kolkata,18:34,18:35,20:56,21:02,142,158,189,0.836,Leisure,1,6,On Time,,,7520,1188160
FL02602,04-05-2025,SpiceJet,SG 691,Boeing 737-800,CJB,Coimbatore,CCU,Kolkata,12:52,12:52,16:06,16:09,194,157,189,0.8307,Senior Citizen,0,3,On Time,,,10580,1661060
FL03360,04-05-2025,IndiGo,6E 569,Airbus A320neo,BOM,Mumbai,AMD,Ahmedabad,12:31,12:38,13:44,13:55,73,133,180,0.7389,Business,7,11,On Time,,,2660,353780
FL03625,04-05-2025,IndiGo,6E 810,Airbus A321neo,HYD,Hyderabad,MAA,Chennai,10:50,10:58,12:01,12:10,71,208,220,0.9455,Family,8,9,On Time,,,3270,680160
FL04918,04-05-2025,IndiGo,6E 206,Airbus A321neo,MAA,Chennai,BOM,Mumbai,06:26,06:34,08:20,08:28,114,215,220,0.9773,Family,8,8,On Time,,,6340,1363100
FL00040,05-05-2025,Air India,AI 108,Boeing 787-8,GOI,Goa,BOM,Mumbai,17:17,18:18,18:17,19:22,60,148,256,0.5781,Business,61,65,Delayed,Late Arrival of Aircraft,,2280,337440
FL01308,05-05-2025,Akasa Air,QP 453,Boeing 737 MAX 8,JAI,Jaipur,PNQ,Pune,09:31,10:07,11:18,11:44,107,145,189,0.7672,Senior Citizen,36,26,Delayed,Late Arrival of Aircraft,,4750,688750
FL03906,05-05-2025,SpiceJet,SG 987,Boeing 737-800,BLR,Bengaluru,CCU,Kolkata,05:59,06:06,08:42,08:47,163,121,189,0.6402,Family,7,5,On Time,,,7280,880880
FL04052,05-05-2025,Akasa Air,QP 357,Boeing 737 MAX 8,COK,Kochi,HYD,Hyderabad,12:51,14:43,14:24,16:11,93,150,189,0.7937,Student,112,107,Delayed,Late Arrival of Aircraft,,4090,613500
FL04696,05-05-2025,Air India Express,IX 619,Boeing 737-8,HYD,Hyderabad,JAI,Jaipur,15:00,15:01,17:04,17:05,124,145,189,0.7672,Business,1,1,On Time,,,5250,761250
FL00368,06-05-2025,Air India,AI 215,Airbus A321,GOI,Goa,HYD,Hyderabad,17:04,18:02,18:22,19:07,78,129,190,0.6789,Leisure,58,45,Delayed,Late Arrival of Aircraft,,2470,318630
FL00566,06-05-2025,Air India,AI 304,Airbus A320,BLR,Bengaluru,COK,Kochi,17:25,19:32,18:31,20:36,66,130,174,0.7471,Leisure,127,125,Delayed,Late Arrival of Aircraft,,2180,283400
FL03708,06-05-2025,Air India,AI 773,Airbus A321,DEL,Delhi,CCU,Kolkata,05:22,05:27,07:46,07:48,144,130,190,0.6842,Leisure,5,2,On Time,,,7170,932100
FL00156,07-05-2025,IndiGo,6E 248,Airbus A321neo,DEL,Delhi,BOM,Mumbai,12:27,13:31,14:36,15:23,129,137,220,0.6227,Family,64,47,Delayed,Air Traffic,,4660,638420
FL00653,07-05-2025,Akasa Air,QP 269,Boeing 737 MAX 8,COK,Kochi,MAA,Chennai,22:19,23:34,23:36,00:48,77,140,189,0.7407,Family,75,72,Delayed,Technical Issue,,2810,393400
FL01140,07-05-2025,IndiGo,6E 203,ATR 72,MAA,Chennai,HYD,Hyderabad,17:30,17:32,18:54,18:54,84,60,70,0.8571,Family,2,0,On Time,,,3180,190800
FL01501,07-05-2025,Air India,AI 702,Airbus A320,GAU,Guwahati,PNQ,Pune,09:35,09:37,12:58,12:58,203,138,174,0.7931,Student,2,0,On Time,,,12070,1665660
FL02688,07-05-2025,IndiGo,6E 774,Airbus A321neo,PNQ,Pune,AMD,Ahmedabad,09:07,11:59,10:28,13:16,81,169,220,0.7682,Leisure,172,168,Delayed,Crew,,2520,425880
FL03172,07-05-2025,IndiGo,6E 410,Airbus A320neo,PNQ,Pune,CJB,Coimbatore,12:25,12:29,14:12,14:18,107,114,180,0.6333,Senior Citizen,4,6,On Time,,,3910,445740
FL03346,07-05-2025,Akasa Air,QP 962,Boeing 737 MAX 8,CCU,Kolkata,BOM,Mumbai,11:17,11:25,14:06,14:11,169,110,189,0.582,Family,8,5,On Time,,,8080,888800
FL03628,07-05-2025,IndiGo,6E 812,Airbus A320neo,GAU,Guwahati,HYD,Hyderabad,06:34,06:38,09:28,09:34,174,102,180,0.5667,Leisure,4,6,On Time,,,8000,816000
FL04585,07-05-2025,Akasa Air,QP 482,Boeing 737 MAX 8,GOI,Goa,PNQ,Pune,09:25,10:14,10:32,11:19,67,113,189,0.5979,Leisure,49,47,Delayed,Ground Operations,,1800,203400
FL01466,08-05-2025,Air India Express,IX 503,Boeing 737-800,JAI,Jaipur,GOI,Goa,12:22,12:22,14:39,14:39,137,126,180,0.7,Family,0,0,On Time,,,6510,820260
FL02914,08-05-2025,SpiceJet,SG 763,Boeing 737-800,LKO,Lucknow,HYD,Hyderabad,16:14,16:21,18:15,18:15,121,138,189,0.7302,Leisure,7,0,On Time,,,5430,749340
FL03118,08-05-2025,SpiceJet,SG 800,Bombardier Q400,HYD,Hyderabad,MAA,Chennai,15:30,15:30,16:51,16:51,81,71,78,0.9103,Senior Citizen,0,0,On Time,,,2620,186020
FL00637,09-05-2025,SpiceJet,SG 271,Bombardier Q400,BLR,Bengaluru,AMD,Ahmedabad,22:29,22:38,00:44,00:48,135,66,78,0.8462,Leisure,9,4,On Time,,,6690,441540
FL00712,09-05-2025,Air India,AI 382,Airbus A320,CCU,Kolkata,GAU,Guwahati,14:33,14:37,15:57,16:04,84,152,174,0.8736,Leisure,4,7,On Time,,,3080,468160
FL01056,09-05-2025,Air India Express,IX 395,Boeing 737-8,DEL,Delhi,CCU,Kolkata,13:43,16:08,16:07,18:28,144,165,189,0.873,Student,145,141,Delayed,Technical Issue,,7500,1237500
FL01805,09-05-2025,Air India Express,IX 609,Boeing 737-8,LKO,Lucknow,PNQ,Pune,18:03,18:06,20:12,20:12,129,135,189,0.7143,Student,3,0,On Time,,,6740,909900
FL01992,09-05-2025,IndiGo,6E 949,Airbus A320neo,BLR,Bengaluru,PNQ,Pune,21:58,22:00,23:31,23:31,93,119,180,0.6611,Senior Citizen,2,0,On Time,,,4440,528360
FL02085,09-05-2025,SpiceJet,SG 584,Bombardier Q400,PNQ,Pune,BOM,Mumbai,20:06,20:07,20:53,20:53,47,50,78,0.641,Family,1,0,On Time,,,1800,90000
FL02759,09-05-2025,IndiGo,6E 841,Airbus A321neo,HYD,Hyderabad,CCU,Kolkata,20:45,20:45,22:59,23:01,134,150,220,0.6818,Family,0,2,On Time,,,7470,1120500
FL02768,09-05-2025,IndiGo,6E 849,Airbus A320neo,HYD,Hyderabad,GOI,Goa,08:13,08:17,09:41,09:42,88,117,180,0.65,Business,4,1,On Time,,,2800,327600
FL02924,09-05-2025,IndiGo,6E 983,Airbus A321neo,COK,Kochi,HYD,Hyderabad,16:58,17:06,18:26,18:26,88,186,220,0.8455,Student,8,0,On Time,,,4670,868620
FL04613,09-05-2025,IndiGo,6E 756,Airbus A321neo,PNQ,Pune,BOM,Mumbai,20:09,20:10,20:54,20:54,45,186,220,0.8455,Business,1,0,On Time,,,1800,334800
FL00649,10-05-2025,IndiGo,6E 632,ATR 72,MAA,Chennai,BLR,Bengaluru,14:49,14:57,15:40,15:44,51,61,70,0.8714,Family,8,4,On Time,,,1800,109800
FL01219,10-05-2025,Air India,AI 591,Airbus A321,BLR,Bengaluru,DEL,Delhi,17:35,20:33,20:36,23:24,181,172,190,0.9053,Senior Citizen,178,168,Delayed,Weather,,9670,1663240
FL03106,10-05-2025,Air India Express,IX 977,Boeing 737-8,DEL,Delhi,HYD,Hyderabad,06:53,06:58,09:15,09:29,142,154,189,0.8148,Business,5,14,On Time,,,5870,903980
FL03227,10-05-2025,Air India Express,IX 200,Boeing 737-800,AMD,Ahmedabad,DEL,Delhi,18:18,18:21,19:52,19:56,94,142,180,0.7889,Leisure,3,4,On Time,,,4240,602080
FL03487,10-05-2025,IndiGo,6E 700,Airbus A320neo,NAG,Nagpur,MAA,Chennai,13:28,13:36,15:15,15:16,107,123,180,0.6833,Business,8,1,On Time,,,4800,590400
FL03863,10-05-2025,Air India,AI 859,Airbus A320,JAI,Jaipur,AMD,Ahmedabad,20:15,20:15,21:40,21:40,85,159,174,0.9138,Leisure,0,0,On Time,,,3550,564450
FL04554,10-05-2025,Akasa Air,QP 474,Boeing 737 MAX 8,BOM,Mumbai,BLR,Bengaluru,13:52,13:53,15:31,15:35,99,117,189,0.619,Student,1,4,On Time,,,4190,490230
FL00208,11-05-2025,IndiGo,6E 288,ATR 72,NAG,Nagpur,BOM,Mumbai,10:23,12:32,11:52,13:46,89,69,70,0.9857,Leisure,129,114,Delayed,Crew,,4560,314640
FL00834,11-05-2025,Air India Express,IX 334,Boeing 737-800,PNQ,Pune,MAA,Chennai,05:42,05:48,07:30,07:39,108,122,180,0.6778,Leisure,6,9,On Time,,,4650,567300
FL01017,11-05-2025,Air India,AI 522,Airbus A321,BOM,Mumbai,AMD,Ahmedabad,05:24,05:28,06:38,06:48,74,171,190,0.9,Business,4,10,On Time,,,3260,557460
FL01603,11-05-2025,IndiGo,6E 632,ATR 72,BLR,Bengaluru,GOI,Goa,05:55,05:55,07:12,07:13,77,48,70,0.6857,Student,0,1,On Time,,,2570,123360
FL01695,11-05-2025,IndiGo,6E 707,Airbus A321neo,MAA,Chennai,COK,Kochi,10:17,10:23,11:35,11:42,78,171,220,0.7773,Family,6,7,On Time,,,3080,526680
FL02562,11-05-2025,IndiGo,6E 663,ATR 72,BLR,Bengaluru,CJB,Coimbatore,13:24,13:26,14:09,14:10,45,61,70,0.8714,Business,2,1,On Time,,,1800,109800
FL03175,11-05-2025,IndiGo,6E 411,Airbus A321neo,DEL,Delhi,LKO,Lucknow,12:52,13:00,14:04,14:06,72,165,220,0.75,Family,8,2,On Time,,,2810,463650
FL03359,11-05-2025,IndiGo,6E 568,Airbus A321neo,GAU,Guwahati,DEL,Delhi,19:43,19:52,22:13,22:26,150,162,220,0.7364,Business,9,13,On Time,,,8150,1320300
FL04581,11-05-2025,Akasa Air,QP 480,Boeing 737 MAX 8,AMD,Ahmedabad,BLR,Bengaluru,20:41,20:44,22:51,22:53,130,155,189,0.8201,Family,3,2,On Time,,,7920,1227600
FL01234,12-05-2025,Akasa Air,QP 427,Boeing 737 MAX 8,BLR,Bengaluru,MAA,Chennai,16:49,16:56,17:43,17:44,54,151,189,0.7989,Family,7,1,On Time,,,1800,271800
FL02083,12-05-2025,IndiGo,6E 227,ATR 72,GOI,Goa,MAA,Chennai,20:07,20:15,21:41,21:47,94,35,70,0.5,Leisure,8,6,On Time,,,3350,117250
FL02462,12-05-2025,IndiGo,6E 562,Airbus A321neo,COK,Kochi,BLR,Bengaluru,10:38,10:44,11:40,11:52,62,174,220,0.7909,Business,6,12,On Time,,,2550,443700
FL02799,12-05-2025,Air India,AI 432,Boeing 787-8,HYD,Hyderabad,GOI,Goa,14:54,15:50,16:06,17:03,72,190,256,0.7422,Business,56,57,Delayed,Weather,,2820,535800
FL02822,12-05-2025,IndiGo,6E 893,Airbus A321neo,COK,Kochi,HYD,Hyderabad,11:31,11:35,13:12,13:20,101,186,220,0.8455,Business,4,8,On Time,,,4800,892800
FL03447,12-05-2025,SpiceJet,SG 885,Bombardier Q400,MAA,Chennai,BLR,Bengaluru,05:50,05:57,06:49,06:50,59,64,78,0.8205,Family,7,1,On Time,,,1800,115200
FL03664,12-05-2025,IndiGo,6E 846,Airbus A321neo,NAG,Nagpur,DEL,Delhi,05:59,06:07,07:45,07:57,106,159,220,0.7227,Family,8,12,On Time,,,3910,621690
FL04217,12-05-2025,Akasa Air,QP 402,Boeing 737 MAX 8,CJB,Coimbatore,MAA,Chennai,09:03,09:05,10:10,10:15,67,130,189,0.6878,Family,2,5,On Time,,,1960,254800
FL00275,13-05-2025,IndiGo,6E 363,Airbus A321neo,HYD,Hyderabad,GOI,Goa,05:24,05:24,06:40,06:40,76,196,220,0.8909,Leisure,0,0,On Time,,,3020,591920
FL01316,13-05-2025,IndiGo,6E 377,Airbus A321neo,CCU,Kolkata,DEL,Delhi,20:35,20:43,23:01,23:13,146,155,220,0.7045,Leisure,8,12,On Time,,,7120,1103600
FL01596,13-05-2025,IndiGo,6E 622,Airbus A320neo,HYD,Hyderabad,CCU,Kolkata,10:26,10:29,12:45,12:59,139,159,180,0.8833,Leisure,3,14,On Time,,,7050,1120950
FL03509,13-05-2025,IndiGo,6E 718,Airbus A320neo,NAG,Nagpur,COK,Kochi,20:46,20:46,23:18,23:18,152,154,180,0.8556,Family,0,0,On Time,,,7580,1167320
FL03773,13-05-2025,Air India,AI 814,Boeing 787-8,PNQ,Pune,GOI,Goa,08:54,08:58,09:56,10:00,62,178,256,0.6953,Leisure,4,4,On Time,,,2090,372020
FL04528,13-05-2025,SpiceJet,SG 363,Bombardier Q400,DEL,Delhi,NAG,Nagpur,15:31,15:36,17:22,17:31,111,52,78,0.6667,Leisure,5,9,On Time,,,4080,212160
FL04812,13-05-2025,IndiGo,6E 902,ATR 72,HYD,Hyderabad,GOI,Goa,17:30,17:33,18:43,18:43,73,53,70,0.7571,Business,3,0,On Time,,,3060,162180
FL04878,13-05-2025,Air India,AI 480,Boeing 787-8,LKO,Lucknow,DEL,Delhi,13:19,13:28,14:29,14:38,70,129,256,0.5039,Business,9,9,On Time,,,2210,285090
FL00030,14-05-2025,Air India Express,IX 112,Boeing 737-8,DEL,Delhi,HYD,Hyderabad,09:52,09:55,12:12,12:25,140,152,189,0.8042,Business,3,13,On Time,,,6330,962160
FL00049,14-05-2025,SpiceJet,SG 116,Bombardier Q400,BOM,Mumbai,AMD,Ahmedabad,05:37,05:46,06:46,06:59,69,62,78,0.7949,Business,9,13,On Time,,,2340,145080
FL00848,14-05-2025,IndiGo,6E 795,ATR 72,BLR,Bengaluru,HYD,Hyderabad,09:11,,10:30,,79,0,70,0,Business,0,0,Cancelled,,Operational Issue,2600,0
FL01806,14-05-2025,Air India Express,IX 610,Boeing 737-8,GOI,Goa,BLR,Bengaluru,14:45,14:48,15:50,15:52,65,141,189,0.746,Leisure,3,2,On Time,,,2090,294690
FL02411,14-05-2025,Air India Express,IX 770,Boeing 737-800,GOI,Goa,BOM,Mumbai,14:01,14:09,15:06,15:16,65,141,180,0.7833,Senior Citizen,8,10,On Time,,,2060,290460
FL02502,14-05-2025,IndiGo,6E 601,Airbus A320neo,AMD,Ahmedabad,COK,Kochi,10:48,10:51,13:36,13:38,168,126,180,0.7,Leisure,3,2,On Time,,,6600,831600
FL03841,14-05-2025,IndiGo,6E 973,Airbus A321neo,BOM,Mumbai,GAU,Guwahati,14:26,,17:56,,210,0,220,0,Family,0,0,Cancelled,,Operational Issue,10160,0
FL04737,14-05-2025,Air India Express,IX 639,Boeing 737-800,DEL,Delhi,HYD,Hyderabad,05:39,05:43,07:58,08:01,139,144,180,0.8,Leisure,4,3,On Time,,,6660,959040
FL04833,14-05-2025,Akasa Air,QP 557,Boeing 737 MAX 8,AMD,Ahmedabad,BLR,Bengaluru,10:49,10:58,13:08,13:08,139,162,189,0.8571,Leisure,9,0,On Time,,,7730,1252260
FL04909,14-05-2025,Air India,AI 489,Boeing 787-8,HYD,Hyderabad,BLR,Bengaluru,08:38,08:45,09:36,09:41,58,199,256,0.7773,Business,7,5,On Time,,,2560,509440
FL00755,15-05-2025,Air India Express,IX 310,Boeing 737-800,BOM,Mumbai,DEL,Delhi,17:13,17:20,19:22,19:24,129,130,180,0.7222,Business,7,2,On Time,,,6190,804700
FL02835,15-05-2025,IndiGo,6E 901,Airbus A321neo,COK,Kochi,GOI,Goa,19:27,21:45,20:53,22:55,86,138,220,0.6273,Leisure,138,122,Delayed,Air Traffic,,3190,440220
FL02927,15-05-2025,Air India Express,IX 938,Boeing 737-800,BOM,Mumbai,NAG,Nagpur,21:07,21:14,22:37,22:47,90,155,180,0.8611,Family,7,10,On Time,,,3740,579700
FL03704,15-05-2025,Air India,AI 772,Boeing 787-8,HYD,Hyderabad,CCU,Kolkata,08:02,10:46,10:12,12:59,130,183,256,0.7148,Student,164,167,Delayed,Late Arrival of Aircraft,,7030,1286490
FL04552,15-05-2025,IndiGo,6E 709,ATR 72,BOM,Mumbai,HYD,Hyderabad,18:51,18:53,20:15,20:15,84,51,70,0.7286,Family,2,0,On Time,,,3450,175950
FL00318,16-05-2025,Air India,AI 191,Airbus A321,GAU,Guwahati,GOI,Goa,08:43,08:48,12:23,12:34,220,163,190,0.8579,Family,5,11,On Time,,,15290,2492270
FL00394,16-05-2025,Air India,AI 235,Boeing 787-8,MAA,Chennai,PNQ,Pune,17:35,17:37,19:09,19:09,94,237,256,0.9258,Family,2,0,On Time,,,7110,1685070
FL00890,16-05-2025,IndiGo,6E 822,Airbus A321neo,DEL,Delhi,CJB,Coimbatore,05:33,05:37,08:54,08:59,201,157,220,0.7136,Senior Citizen,4,5,On Time,,,11780,1849460
FL01068,16-05-2025,Air India,AI 542,Airbus A320,BLR,Bengaluru,MAA,Chennai,20:39,22:43,21:26,23:33,47,172,174,0.9885,Business,124,127,Delayed,Weather,,2100,361200
FL01788,16-05-2025,IndiGo,6E 786,Airbus A320neo,AMD,Ahmedabad,HYD,Hyderabad,09:25,11:02,11:15,13:05,110,170,180,0.9444,Business,97,110,Delayed,Weather,,5470,929900
FL02366,16-05-2025,SpiceJet,SG 652,Boeing 737-800,BOM,Mumbai,DEL,Delhi,08:17,08:20,10:27,10:27,130,146,189,0.7725,Family,3,0,On Time,,,5610,819060
FL03386,16-05-2025,Air India,AI 651,Airbus A320,HYD,Hyderabad,LKO,Lucknow,21:54,21:54,00:04,00:04,130,117,174,0.6724,Business,0,0,On Time,,,6400,748800
FL03819,16-05-2025,IndiGo,6E 960,Airbus A320neo,GOI,Goa,BLR,Bengaluru,16:19,16:26,17:24,17:38,65,129,180,0.7167,Family,7,14,On Time,,,2570,331530
FL03837,16-05-2025,Akasa Air,QP 285,Boeing 737 MAX 8,PNQ,Pune,HYD,Hyderabad,14:33,14:33,15:52,15:55,79,130,189,0.6878,Student,0,3,On Time,,,2660,345800
FL04220,16-05-2025,IndiGo,6E 440,ATR 72,BOM,Mumbai,GOI,Goa,14:39,16:26,15:43,17:28,64,62,70,0.8857,Family,107,105,Delayed,Weather,,2530,156860
FL04265,16-05-2025,Air India Express,IX 473,Boeing 737-800,BOM,Mumbai,PNQ,Pune,17:40,19:42,18:25,20:35,45,140,180,0.7778,Student,122,130,Delayed,Late Arrival of Aircraft,,1800,252000
FL04790,16-05-2025,Air India,AI 427,Airbus A320,GAU,Guwahati,BLR,Bengaluru,16:32,19:07,19:50,22:27,198,158,174,0.908,Business,155,157,Delayed,Air Traffic,,14520,2294160
FL00531,17-05-2025,Air India Express,IX 262,Boeing 737-800,HYD,Hyderabad,MAA,Chennai,08:41,08:47,10:01,10:09,80,153,180,0.85,Leisure,6,8,On Time,,,2610,399330
FL01128,17-05-2025,IndiGo,6E 992,Airbus A320neo,DEL,Delhi,BOM,Mumbai,12:36,12:44,14:50,14:57,134,170,180,0.9444,Leisure,8,7,On Time,,,7710,1310700
FL02010,17-05-2025,Air India,AI 920,Boeing 787-8,CCU,Kolkata,MAA,Chennai,10:47,10:53,13:05,13:13,138,200,256,0.7812,Business,6,8,On Time,,,9230,1846000
FL02787,17-05-2025,Air India Express,IX 888,Boeing 737-800,AMD,Ahmedabad,DEL,Delhi,10:15,10:18,11:45,11:50,90,121,180,0.6722,Family,3,5,On Time,,,3580,433180
FL04099,17-05-2025,SpiceJet,SG 238,Bombardier Q400,COK,Kochi,DEL,Delhi,14:32,15:31,17:56,19:00,204,64,78,0.8205,Student,59,64,Delayed,Weather,,10760,688640
FL04661,17-05-2025,Air India Express,IX 608,Boeing 737-800,HYD,Hyderabad,PNQ,Pune,19:03,19:05,20:18,20:24,75,169,180,0.9389,Family,2,6,On Time,,,2760,466440
FL01794,18-05-2025,IndiGo,6E 789,Airbus A320neo,COK,Kochi,HYD,Hyderabad,17:34,20:23,19:11,22:18,97,147,180,0.8167,Business,169,187,Delayed,Technical Issue,,4830,710010
FL02701,18-05-2025,Air India,AI 404,Boeing 787-8,BOM,Mumbai,AMD,Ahmedabad,06:26,09:26,07:28,10:09,62,216,256,0.8438,Leisure,180,161,Delayed,Late Arrival of Aircraft,,3040,656640
FL03129,18-05-2025,Air India,AI 559,Airbus A320,COK,Kochi,JAI,Jaipur,16:32,16:32,19:46,19:46,194,128,174,0.7356,Family,0,0,On Time,,,11260,1441280
FL04300,18-05-2025,Air India,AI 247,Boeing 787-8,BOM,Mumbai,DEL,Delhi,09:39,12:21,11:42,14:19,123,250,256,0.9766,Family,162,157,Delayed,Technical Issue,,7800,1950000
FL01359,19-05-2025,IndiGo,6E 420,Airbus A321neo,CCU,Kolkata,BOM,Mumbai,15:00,16:37,17:44,19:25,164,159,220,0.7227,Family,97,101,Delayed,Technical Issue,,8930,1419870
FL01634,19-05-2025,IndiGo,6E 665,ATR 72,COK,Kochi,HYD,Hyderabad,17:19,17:22,18:55,18:57,96,59,70,0.8429,Student,3,2,On Time,,,4850,286150
FL02336,19-05-2025,Air India,AI 242,Airbus A321,GAU,Guwahati,BLR,Bengaluru,13:50,13:51,17:14,17:22,204,152,190,0.8,Leisure,1,8,On Time,,,13260,2015520
FL02533,19-05-2025,IndiGo,6E 632,Airbus A321neo,HYD,Hyderabad,GAU,Guwahati,08:22,08:29,11:20,11:30,178,169,220,0.7682,Student,7,10,On Time,,,9180,1551420
FL03166,19-05-2025,Air India Express,IX 990,Boeing 737-800,PNQ,Pune,AMD,Ahmedabad,19:04,19:47,20:11,20:48,67,116,180,0.6444,Leisure,43,37,Delayed,Late Arrival of Aircraft,,1960,227360
FL04148,19-05-2025,SpiceJet,SG 250,Boeing 737-800,MAA,Chennai,CCU,Kolkata,20:29,20:31,22:57,22:59,148,145,189,0.7672,Leisure,2,2,On Time,,,7390,1071550
FL04638,19-05-2025,Air India,AI 365,Airbus A320,GOI,Goa,PNQ,Pune,21:24,21:24,22:23,22:23,59,114,174,0.6552,Leisure,0,0,On Time,,,1870,213180
FL02428,20-05-2025,SpiceJet,SG 664,Bombardier Q400,BOM,Mumbai,AMD,Ahmedabad,06:18,06:27,07:21,07:28,63,55,78,0.7051,Family,9,7,On Time,,,2130,117150
FL02786,20-05-2025,IndiGo,6E 864,Airbus A321neo,CJB,Coimbatore,BOM,Mumbai,10:32,10:37,12:32,12:35,120,168,220,0.7636,Student,5,3,On Time,,,5920,994560
FL03399,20-05-2025,Air India,AI 654,Airbus A321,CJB,Coimbatore,MAA,Chennai,09:43,09:47,10:44,10:53,61,128,190,0.6737,Senior Citizen,4,9,On Time,,,2300,294400
FL03451,20-05-2025,IndiGo,6E 659,Airbus A321neo,NAG,Nagpur,MAA,Chennai,05:36,05:37,07:43,07:43,127,138,220,0.6273,Senior Citizen,1,0,On Time,,,4720,651360
FL04356,20-05-2025,Akasa Air,QP 437,Boeing 737 MAX 8,HYD,Hyderabad,BOM,Mumbai,10:40,10:47,11:56,12:09,76,167,189,0.8836,Family,7,13,On Time,,,3690,616230
FL04895,20-05-2025,IndiGo,6E 975,Airbus A320neo,CCU,Kolkata,JAI,Jaipur,10:19,10:23,12:39,12:48,140,119,180,0.6611,Business,4,9,On Time,,,7160,852040
FL04950,20-05-2025,Air India,AI 512,Airbus A321,CCU,Kolkata,GAU,Guwahati,05:29,08:23,06:37,09:10,68,135,190,0.7105,Leisure,174,153,Delayed,Technical Issue,,2860,386100
FL00807,21-05-2025,IndiGo,6E 754,ATR 72,AMD,Ahmedabad,BOM,Mumbai,21:29,21:38,22:45,22:58,76,48,70,0.6857,Senior Citizen,9,13,On Time,,,2460,118080
FL01988,21-05-2025,IndiGo,6E 948,Airbus A320neo,DEL,Delhi,AMD,Ahmedabad,07:04,07:40,08:39,09:09,95,151,180,0.8389,Student,36,30,Delayed,Crew,,3760,567760
FL02556,21-05-2025,IndiGo,6E 652,Airbus A321neo,GAU,Guwahati,LKO,Lucknow,07:20,07:28,09:14,09:26,114,151,220,0.6864,Family,8,12,On Time,,,5630,850130
FL02813,21-05-2025,IndiGo,6E 885,ATR 72,AMD,Ahmedabad,BOM,Mumbai,13:08,13:11,14:10,14:10,62,57,70,0.8143,Leisure,3,0,On Time,,,2610,148770
FL00211,22-05-2025,IndiGo,6E 292,Airbus A320neo,MAA,Chennai,CCU,Kolkata,09:17,10:09,11:45,12:39,148,111,180,0.6167,Business,52,54,Delayed,Crew,,7720,856920
FL00333,22-05-2025,Air India,AI 196,Airbus A320,BLR,Bengaluru,COK,Kochi,08:43,08:44,09:42,09:45,59,94,174,0.5402,Family,1,3,On Time,,,1800,169200
FL01804,22-05-2025,Air India Express,IX 608,Boeing 737-8,HYD,Hyderabad,GOI,Goa,07:00,07:05,08:14,08:18,74,169,189,0.8942,Business,5,4,On Time,,,2610,441090
FL02380,22-05-2025,IndiGo,6E 493,Airbus A321neo,HYD,Hyderabad,COK,Kochi,14:51,14:59,16:31,16:37,100,216,220,0.9818,Business,8,6,On Time,,,5100,1101600
FL03367,22-05-2025,IndiGo,6E 581,Airbus A320neo,BOM,Mumbai,MAA,Chennai,14:54,14:58,16:53,16:56,119,172,180,0.9556,Family,4,3,On Time,,,6680,1148960
FL03616,22-05-2025,IndiGo,6E 805,ATR 72,PNQ,Pune,BOM,Mumbai,12:58,13:05,13:43,13:57,45,56,70,0.8,Business,7,14,On Time,,,1800,100800
FL03963,22-05-2025,Akasa Air,QP 324,Boeing 737 MAX 8,AMD,Ahmedabad,BOM,Mumbai,22:06,22:11,23:12,23:12,66,132,189,0.6984,Family,5,0,On Time,,,2030,267960
FL00092,23-05-2025,IndiGo,6E 181,Airbus A320neo,GOI,Goa,DEL,Delhi,16:27,16:35,19:14,19:20,167,147,180,0.8167,Leisure,8,6,On Time,,,9110,1339170
FL03224,23-05-2025,IndiGo,6E 449,Airbus A321neo,GAU,Guwahati,NAG,Nagpur,10:35,10:40,13:00,13:00,145,194,220,0.8818,Business,5,0,On Time,,,7730,1499620
FL03262,23-05-2025,IndiGo,6E 491,Airbus A320neo,DEL,Delhi,CJB,Coimbatore,05:52,05:52,09:08,09:10,196,144,180,0.8,Leisure,0,2,On Time,,,11430,1645920
FL04068,23-05-2025,Akasa Air,QP 363,Boeing 737 MAX 8,COK,Kochi,PNQ,Pune,10:22,10:24,12:25,12:25,123,143,189,0.7566,Family,2,0,On Time,,,5700,815100
FL04873,23-05-2025,Akasa Air,QP 561,Boeing 737 MAX 8,PNQ,Pune,MAA,Chennai,11:47,11:55,13:49,13:58,122,154,189,0.8148,Business,8,9,On Time,,,5280,813120
FL04888,23-05-2025,Akasa Air,QP 569,Boeing 737 MAX 8,GOI,Goa,BLR,Bengaluru,12:32,12:38,13:47,13:54,75,144,189,0.7619,Leisure,6,7,On Time,,,2970,427680
FL00004,24-05-2025,IndiGo,6E 105,Airbus A320neo,BOM,Mumbai,GOI,Goa,08:56,09:02,09:54,10:01,58,124,180,0.6889,Business,6,7,On Time,,,2160,267840
FL00433,24-05-2025,IndiGo,6E 482,Airbus A321neo,PNQ,Pune,MAA,Chennai,08:23,08:31,10:15,10:19,112,162,220,0.7364,Family,8,4,On Time,,,4890,792180
FL02435,24-05-2025,Air India Express,IX 779,Boeing 737-8,DEL,Delhi,BOM,Mumbai,21:44,21:49,23:51,23:54,127,187,189,0.9894,Business,5,3,On Time,,,7310,1366970
FL02577,24-05-2025,Air India,AI 352,Airbus A321,GAU,Guwahati,BLR,Bengaluru,09:27,09:34,12:52,12:55,205,157,190,0.8263,Business,7,3,On Time,,,13740,2157180
FL02930,24-05-2025,Air India,AI 464,Airbus A321,AMD,Ahmedabad,DEL,Delhi,09:49,09:52,11:32,11:33,103,158,190,0.8316,Senior Citizen,3,1,On Time,,,4930,778940
FL03790,24-05-2025,Air India Express,IX 355,Boeing 737-8,GOI,Goa,GAU,Guwahati,13:56,14:46,17:33,19:33,217,115,189,0.6085,Senior Citizen,50,120,Diverted,Late Arrival of Aircraft,,9860,1133900
FL00102,25-05-2025,Akasa Air,QP 120,Boeing 737 MAX 8,HYD,Hyderabad,DEL,Delhi,05:54,08:14,08:04,10:16,130,144,189,0.7619,Business,140,132,Delayed,Air Traffic,,6680,961920
FL00466,25-05-2025,Akasa Air,QP 197,Boeing 737 MAX 8,GOI,Goa,PNQ,Pune,07:04,07:08,08:01,08:07,57,105,189,0.5556,Leisure,4,6,On Time,,,1800,189000
FL00736,25-05-2025,Air India,AI 397,Boeing 787-8,NAG,Nagpur,AMD,Ahmedabad,15:05,15:07,16:31,16:32,86,161,256,0.6289,Business,2,1,On Time,,,4170,671370
FL02261,25-05-2025,IndiGo,6E 380,Airbus A321neo,LKO,Lucknow,PNQ,Pune,06:39,06:43,08:49,08:49,130,162,220,0.7364,Leisure,4,0,On Time,,,6790,1099980
FL02758,25-05-2025,IndiGo,6E 839,Airbus A321neo,DEL,Delhi,MAA,Chennai,17:15,20:13,20:15,23:16,180,146,220,0.6636,Family,178,181,Delayed,Late Arrival of Aircraft,,10660,1556360
FL03014,25-05-2025,IndiGo,6E 261,ATR 72,HYD,Hyderabad,PNQ,Pune,22:00,22:30,23:22,23:51,82,62,70,0.8857,Family,30,29,Delayed,Weather,,2750,170500
FL03392,25-05-2025,Akasa Air,QP 978,Boeing 737 MAX 8,MAA,Chennai,HYD,Hyderabad,18:02,18:06,19:16,19:16,74,166,189,0.8783,Student,4,0,On Time,,,2940,488040
FL04183,25-05-2025,Air India,AI 997,Airbus A321,HYD,Hyderabad,CJB,Coimbatore,16:09,16:12,17:38,17:38,89,122,190,0.6421,Business,3,0,On Time,,,5150,628300
FL04211,25-05-2025,Akasa Air,QP 400,Boeing 737 MAX 8,NAG,Nagpur,CCU,Kolkata,09:01,09:10,10:59,11:06,118,134,189,0.709,Leisure,9,7,On Time,,,5210,698140
FL00043,26-05-2025,Air India Express,IX 117,Boeing 737-800,HYD,Hyderabad,BLR,Bengaluru,10:46,12:29,11:59,13:47,73,147,180,0.8167,Family,103,108,Delayed,Air Traffic,,2430,357210
FL00674,26-05-2025,Akasa Air,QP 277,Boeing 737 MAX 8,CCU,Kolkata,GAU,Guwahati,12:24,12:32,13:39,13:48,75,124,189,0.6561,Student,8,9,On Time,,,2360,292640
FL03194,26-05-2025,IndiGo,6E 431,Airbus A321neo,NAG,Nagpur,DEL,Delhi,14:05,14:12,15:45,15:52,100,171,220,0.7773,Family,7,7,On Time,,,4820,824220
FL03485,26-05-2025,IndiGo,6E 698,Airbus A321neo,GOI,Goa,BLR,Bengaluru,08:02,08:09,09:11,09:17,69,183,220,0.8318,Business,7,6,On Time,,,2840,519720
FL04280,26-05-2025,Air India,AI 236,Airbus A320,NAG,Nagpur,DEL,Delhi,17:52,18:00,19:36,19:40,104,104,174,0.5977,Leisure,8,4,On Time,,,4270,444080
FL04605,26-05-2025,SpiceJet,SG 392,Boeing 737-800,BOM,Mumbai,NAG,Nagpur,19:31,19:38,20:49,21:01,78,136,189,0.7196,Family,7,12,On Time,,,3380,459680
FL00491,27-05-2025,IndiGo,6E 535,Airbus A321neo,HYD,Hyderabad,BOM,Mumbai,09:19,09:19,10:36,10:41,77,172,220,0.7818,Family,0,5,On Time,,,3400,584800
FL01060,27-05-2025,IndiGo,6E 931,Airbus A321neo,LKO,Lucknow,AMD,Ahmedabad,21:59,22:06,23:45,23:52,106,151,220,0.6864,Student,7,7,On Time,,,4650,702150
FL03212,27-05-2025,IndiGo,6E 443,ATR 72,CJB,Coimbatore,BLR,Bengaluru,17:29,19:28,18:22,20:15,53,48,70,0.6857,Family,119,113,Delayed,Weather,,1800,86400
FL00597,28-05-2025,IndiGo,6E 599,ATR 72,GAU,Guwahati,AMD,Ahmedabad,10:31,,13:49,,198,0,70,0,Family,0,0,Cancelled,,Weather,10770,0
FL02284,28-05-2025,IndiGo,6E 400,Airbus A321neo,BOM,Mumbai,CCU,Kolkata,15:38,15:39,18:34,18:38,176,130,220,0.5909,Student,1,4,On Time,,,8820,1146600
FL04062,28-05-2025,IndiGo,6E 319,Airbus A320neo,GAU,Guwahati,GOI,Goa,10:57,11:00,14:37,14:44,220,143,180,0.7944,Leisure,3,7,On Time,,,12580,1798940
FL04560,28-05-2025,IndiGo,6E 715,ATR 72,PNQ,Pune,GOI,Goa,15:26,15:34,16:18,16:26,52,44,70,0.6286,Business,8,8,On Time,,,1800,79200
FL04993,28-05-2025,IndiGo,6E 254,Airbus A321neo,HYD,Hyderabad,AMD,Ahmedabad,20:07,20:12,21:59,22:05,112,152,220,0.6909,Leisure,5,6,On Time,,,4350,661200
FL00055,29-05-2025,Akasa Air,QP 109,Boeing 737 MAX 8,GOI,Goa,JAI,Jaipur,08:44,10:29,10:56,12:56,132,90,189,0.4762,Leisure,105,120,Delayed,Weather,,5810,522900
FL01421,29-05-2025,Air India Express,IX 489,Boeing 737-8,HYD,Hyderabad,MAA,Chennai,08:11,08:19,09:22,09:36,71,146,189,0.7725,Senior Citizen,8,14,On Time,,,2380,347480
FL01534,29-05-2025,Air India Express,IX 519,Boeing 737-800,DEL,Delhi,PNQ,Pune,22:23,22:30,00:32,00:37,129,178,180,0.9889,Family,7,5,On Time,,,7210,1283380
FL02227,29-05-2025,IndiGo,6E 353,Airbus A321neo,DEL,Delhi,MAA,Chennai,10:35,10:44,13:36,13:45,181,173,220,0.7864,Leisure,9,9,On Time,,,9930,1717890
FL02911,29-05-2025,Air India,AI 458,Airbus A320,CJB,Coimbatore,CCU,Kolkata,13:53,13:53,17:03,17:03,190,118,174,0.6782,Student,0,0,On Time,,,8400,991200
FL03275,29-05-2025,Air India,AI 612,Boeing 787-8,BLR,Bengaluru,AMD,Ahmedabad,07:57,07:59,10:11,10:13,134,176,256,0.6875,Leisure,2,2,On Time,,,6790,1195040
FL03482,29-05-2025,IndiGo,6E 691,Airbus A321neo,BOM,Mumbai,JAI,Jaipur,17:15,17:20,19:05,19:08,110,149,220,0.6773,Student,5,3,On Time,,,4110,612390
FL03535,29-05-2025,Air India,AI 713,Airbus A320,AMD,Ahmedabad,PNQ,Pune,10:44,10:44,12:01,12:04,77,154,174,0.8851,Student,0,3,On Time,,,2640,406560
FL03777,29-05-2025,Air India,AI 818,Boeing 787-8,MAA,Chennai,CCU,Kolkata,17:24,17:25,19:44,19:44,140,202,256,0.7891,Leisure,1,0,On Time,,,8730,1763460
FL03903,29-05-2025,Air India Express,IX 382,Boeing 737-8,GOI,Goa,HYD,Hyderabad,09:09,12:00,10:17,13:32,68,131,189,0.6931,Senior Citizen,171,195,Delayed,Ground Operations,,2380,311780
FL04824,29-05-2025,SpiceJet,SG 445,Bombardier Q400,MAA,Chennai,CCU,Kolkata,20:35,20:41,23:00,23:11,145,49,78,0.6282,Family,6,11,On Time,,,5900,289100
FL00532,30-05-2025,IndiGo,6E 563,Airbus A320neo,JAI,Jaipur,HYD,Hyderabad,06:10,06:18,08:20,08:26,130,138,180,0.7667,Senior Citizen,8,6,On Time,,,7030,970140
FL01387,30-05-2025,IndiGo,6E 442,ATR 72,BLR,Bengaluru,GOI,Goa,14:51,14:53,16:03,16:03,72,61,70,0.8714,Business,2,0,On Time,,,2950,179950
FL02739,30-05-2025,IndiGo,6E 815,Airbus A321neo,BOM,Mumbai,DEL,Delhi,07:51,07:57,09:46,09:56,115,183,220,0.8318,Student,6,10,On Time,,,7110,1301130
FL03036,30-05-2025,Air India Express,IX 956,Boeing 737-800,LKO,Lucknow,DEL,Delhi,15:15,15:15,16:24,16:25,69,147,180,0.8167,Leisure,0,1,On Time,,,2260,332220
FL03848,30-05-2025,IndiGo,6E 976,Airbus A321neo,COK,Kochi,MAA,Chennai,07:17,07:25,08:25,08:33,68,170,220,0.7727,Leisure,8,8,On Time,,,2790,474300
FL03859,30-05-2025,Air India,AI 855,Airbus A320,BLR,Bengaluru,PNQ,Pune,21:37,21:40,23:04,23:11,87,168,174,0.9655,Student,3,7,On Time,,,4790,804720
FL04172,30-05-2025,IndiGo,6E 399,Airbus A320neo,PNQ,Pune,GOI,Goa,09:29,09:29,10:29,10:29,60,145,180,0.8056,Family,0,0,On Time,,,2300,333500
FL00800,31-05-2025,Akasa Air,QP 327,Boeing 737 MAX 8,HYD,Hyderabad,NAG,Nagpur,20:12,20:20,21:23,21:37,71,150,189,0.7937,Leisure,8,14,On Time,,,2340,351000
FL01410,31-05-2025,IndiGo,6E 460,ATR 72,BLR,Bengaluru,HYD,Hyderabad,12:57,13:21,13:59,14:31,62,69,70,0.9857,Leisure,24,32,Delayed,Crew,,2870,198030
FL01525,31-05-2025,SpiceJet,SG 470,Bombardier Q400,HYD,Hyderabad,MAA,Chennai,12:34,12:35,13:45,13:45,71,60,78,0.7692,Student,1,0,On Time,,,2810,168600
FL02292,31-05-2025,Air India Express,IX 744,Boeing 737-800,BLR,Bengaluru,GOI,Goa,22:27,22:35,23:42,23:46,75,131,180,0.7278,Leisure,8,4,On Time,,,2650,347150
FL03323,31-05-2025,Akasa Air,QP 959,Boeing 737 MAX 8,DEL,Delhi,GOI,Goa,13:21,13:23,15:56,15:56,155,121,189,0.6402,Student,2,0,On Time,,,8820,1067220
FL03512,31-05-2025,IndiGo,6E 721,ATR 72,CCU,Kolkata,MAA,Chennai,15:51,15:58,18:19,18:21,148,58,70,0.8286,Family,7,2,On Time,,,8250,478500
FL00446,01-06-2025,IndiGo,6E 495,Airbus A320neo,BLR,Bengaluru,GOI,Goa,20:10,20:12,21:22,21:26,72,154,180,0.8556,Student,2,4,On Time,,,2640,406560
FL00453,01-06-2025,Akasa Air,QP 192,Boeing 737 MAX 8,AMD,Ahmedabad,LKO,Lucknow,13:18,13:22,15:01,15:06,103,107,189,0.5661,Senior Citizen,4,5,On Time,,,4020,430140
FL01745,01-06-2025,IndiGo,6E 738,Airbus A320neo,BOM,Mumbai,DEL,Delhi,06:29,06:30,08:36,08:46,127,135,180,0.75,Family,1,10,On Time,,,5590,754650
FL02705,01-06-2025,IndiGo,6E 781,Airbus A320neo,MAA,Chennai,BLR,Bengaluru,09:33,09:37,10:18,10:28,45,135,180,0.75,Business,4,10,On Time,,,1800,243000
FL02920,01-06-2025,Air India Express,IX 936,Boeing 737-800,MAA,Chennai,BLR,Bengaluru,21:33,21:36,22:37,22:39,64,152,180,0.8444,Student,3,2,On Time,,,1800,273600
FL02978,01-06-2025,Air India,AI 488,Airbus A321,NAG,Nagpur,LKO,Lucknow,16:41,17:04,18:00,18:26,79,145,190,0.7632,Business,23,26,Delayed,Technical Issue,,4320,626400
FL03016,01-06-2025,IndiGo,6E 263,ATR 72,BLR,Bengaluru,CCU,Kolkata,22:01,22:07,00:49,00:55,168,45,70,0.6429,Senior Citizen,6,6,On Time,,,6850,308250
FL03274,01-06-2025,IndiGo,6E 499,Airbus A320neo,AMD,Ahmedabad,MAA,Chennai,14:30,16:13,16:53,18:32,143,113,180,0.6278,Business,103,99,Delayed,Weather,,6060,684780
FL03729,01-06-2025,IndiGo,6E 904,Airbus A320neo,BOM,Mumbai,MAA,Chennai,10:40,10:59,12:37,12:41,117,157,180,0.8722,Business,19,4,Delayed,Ground Operations,,6620,1039340
FL04139,01-06-2025,IndiGo,6E 379,Airbus A320neo,HYD,Hyderabad,BOM,Mumbai,08:10,08:19,09:33,09:45,83,162,180,0.9,Family,9,12,On Time,,,3300,534600
FL04770,01-06-2025,IndiGo,6E 873,Airbus A320neo,DEL,Delhi,CJB,Coimbatore,16:32,16:38,19:52,19:57,200,143,180,0.7944,Family,6,5,On Time,,,10640,1521520
FL00947,02-06-2025,SpiceJet,SG 344,Boeing 737-800,DEL,Delhi,AMD,Ahmedabad,15:14,15:20,16:48,16:48,94,122,189,0.6455,Family,6,0,On Time,,,3240,395280
FL01204,02-06-2025,IndiGo,6E 265,Airbus A320neo,BOM,Mumbai,CJB,Coimbatore,09:08,10:02,11:02,11:57,114,109,180,0.6056,Family,54,55,Delayed,Weather,,4320,470880
FL02106,02-06-2025,Air India Express,IX 679,Boeing 737-8,DEL,Delhi,COK,Kochi,06:20,07:27,10:00,11:11,220,130,189,0.6878,Business,67,71,Delayed,Air Traffic,,8430,1095900
FL03113,02-06-2025,IndiGo,6E 357,Airbus A320neo,NAG,Nagpur,COK,Kochi,11:51,14:38,14:08,16:42,137,89,180,0.4944,Student,167,154,Delayed,Technical Issue,,4360,388040
FL03173,02-06-2025,Akasa Air,QP 938,Boeing 737 MAX 8,COK,Kochi,CCU,Kolkata,14:31,15:38,17:36,18:55,185,115,189,0.6085,Family,67,79,Delayed,Technical Issue,,8480,975200
FL03561,02-06-2025,IndiGo,6E 765,Airbus A320neo,HYD,Hyderabad,BOM,Mumbai,11:42,12:56,13:03,14:28,81,159,180,0.8833,Leisure,74,85,Delayed,Air Traffic,,2830,449970
FL04905,02-06-2025,IndiGo,6E 991,Airbus A321neo,COK,Kochi,PNQ,Pune,07:14,07:14,09:16,09:16,122,96,220,0.4364,Business,0,0,On Time,,,3830,367680
FL00761,03-06-2025,IndiGo,6E 715,Airbus A321neo,DEL,Delhi,NAG,Nagpur,12:38,14:54,14:12,16:20,94,165,220,0.75,Business,136,128,Delayed,Weather,,4080,673200
FL01723,03-06-2025,Air India,AI 814,Boeing 787-8,MAA,Chennai,BOM,Mumbai,15:47,15:56,17:48,17:52,121,210,256,0.8203,Leisure,9,4,On Time,,,6150,1291500
FL01928,03-06-2025,Air India Express,IX 639,Boeing 737-8,GAU,Guwahati,COK,Kochi,07:23,07:32,11:09,11:12,226,132,189,0.6984,Senior Citizen,9,3,On Time,,,10670,1408440
FL01935,03-06-2025,SpiceJet,SG 541,Boeing 737-800,PNQ,Pune,BLR,Bengaluru,18:55,19:00,20:27,20:29,92,139,189,0.7354,Business,5,2,On Time,,,3490,485110
FL03148,03-06-2025,IndiGo,6E 389,Airbus A320neo,BLR,Bengaluru,BOM,Mumbai,14:23,14:23,15:59,15:59,96,130,180,0.7222,Leisure,0,0,On Time,,,4620,600600
FL04107,03-06-2025,Akasa Air,QP 367,Boeing 737 MAX 8,BLR,Bengaluru,BOM,Mumbai,09:23,09:32,11:05,11:10,102,148,189,0.7831,Business,9,5,On Time,,,3890,575720
FL00638,04-06-2025,SpiceJet,SG 274,Bombardier Q400,AMD,Ahmedabad,BLR,Bengaluru,15:55,17:36,17:58,19:18,123,68,78,0.8718,Senior Citizen,101,80,Delayed,Weather,,5960,405280
FL01777,04-06-2025,IndiGo,6E 778,ATR 72,HYD,Hyderabad,NAG,Nagpur,12:31,12:57,13:37,14:10,66,53,70,0.7571,Business,26,33,Delayed,Ground Operations,,2400,127200
FL02107,04-06-2025,Air India Express,IX 680,Boeing 737-8,PNQ,Pune,BLR,Bengaluru,18:52,19:00,20:33,20:44,101,120,189,0.6349,Senior Citizen,8,11,On Time,,,2790,334800
FL03883,04-06-2025,Air India,AI 869,Airbus A320,PNQ,Pune,BOM,Mumbai,08:02,08:02,08:47,08:47,45,114,174,0.6552,Leisure,0,0,On Time,,,1800,205200
FL04302,05-06-2025,Air India Express,IX 488,Boeing 737-8,HYD,Hyderabad,AMD,Ahmedabad,10:09,10:10,11:57,11:58,108,97,189,0.5132,Family,1,1,On Time,,,3590,348230
FL04821,05-06-2025,IndiGo,6E 911,Airbus A321neo,GOI,Goa,GAU,Guwahati,16:32,17:46,20:11,21:25,219,146,220,0.6636,Family,74,74,Delayed,Technical Issue,,10530,1537380
FL04960,05-06-2025,IndiGo,6E 237,Airbus A320neo,HYD,Hyderabad,MAA,Chennai,10:27,10:44,11:35,11:37,68,158,180,0.8778,Family,17,2,Delayed,Late Arrival of Aircraft,,2400,379200
FL00215,06-06-2025,Air India Express,IX 172,Boeing 737-8,MAA,Chennai,DEL,Delhi,08:36,08:39,11:47,11:47,191,138,189,0.7302,Leisure,3,0,On Time,,,8240,1137120
FL02979,06-06-2025,IndiGo,6E 236,Airbus A321neo,GAU,Guwahati,BLR,Bengaluru,19:40,20:03,23:03,23:33,203,109,220,0.4955,Business,23,30,Delayed,Weather,,8420,917780
FL03164,06-06-2025,IndiGo,6E 400,ATR 72,BLR,Bengaluru,MAA,Chennai,05:11,05:19,06:00,06:10,49,50,70,0.7143,Family,8,10,On Time,,,1800,90000
FL03954,06-06-2025,Akasa Air,QP 319,Boeing 737 MAX 8,CJB,Coimbatore,BLR,Bengaluru,05:24,05:24,06:14,06:19,50,150,189,0.7937,Family,0,5,On Time,,,1800,270000
FL04001,06-06-2025,Air India,AI 915,Boeing 787-8,LKO,Lucknow,HYD,Hyderabad,16:49,16:56,18:50,18:54,121,194,256,0.7578,Leisure,7,4,On Time,,,6640,1288160
FL00106,07-06-2025,IndiGo,6E 192,ATR 72,MAA,Chennai,CCU,Kolkata,10:30,10:31,12:59,13:04,149,53,70,0.7571,Leisure,1,5,On Time,,,7220,382660
FL00666,07-06-2025,Air India Express,IX 293,Boeing 737-8,AMD,Ahmedabad,DEL,Delhi,17:37,18:15,19:07,19:51,90,169,189,0.8942,Business,38,44,Delayed,Technical Issue,,4170,704730
FL02089,07-06-2025,IndiGo,6E 233,Airbus A320neo,BOM,Mumbai,GAU,Guwahati,14:27,14:30,17:47,17:54,200,165,180,0.9167,Leisure,3,7,On Time,,,10930,1803450
FL02641,07-06-2025,Air India,AI 383,Airbus A321,DEL,Delhi,MAA,Chennai,06:49,07:33,09:51,10:14,182,162,190,0.8526,Business,44,23,Delayed,Late Arrival of Aircraft,,12070,1955340
FL03497,07-06-2025,IndiGo,6E 706,Airbus A321neo,BOM,Mumbai,AMD,Ahmedabad,20:02,20:09,21:17,21:22,75,158,220,0.7182,Leisure,7,5,On Time,,,2050,323900
FL03746,07-06-2025,Akasa Air,QP 262,Boeing 737 MAX 8,HYD,Hyderabad,CJB,Coimbatore,10:34,11:38,12:00,13:10,86,125,189,0.6614,Leisure,64,70,Delayed,Late Arrival of Aircraft,,3290,411250
FL03881,07-06-2025,Air India Express,IX 377,Boeing 737-800,AMD,Ahmedabad,MAA,Chennai,13:38,13:43,16:01,16:11,143,133,180,0.7389,Leisure,5,10,On Time,,,6880,915040
FL04050,07-06-2025,IndiGo,6E 302,Airbus A320neo,HYD,Hyderabad,NAG,Nagpur,07:44,08:07,09:04,09:35,80,154,180,0.8556,Senior Citizen,23,31,Delayed,Technical Issue,,2570,395780
FL04929,07-06-2025,Air India,AI 500,Boeing 787-8,GOI,Goa,MAA,Chennai,05:02,05:05,06:38,06:41,96,182,256,0.7109,Student,3,3,On Time,,,3780,687960
FL00387,08-06-2025,Air India Express,IX 227,Boeing 737-800,BOM,Mumbai,DEL,Delhi,07:46,07:47,09:51,09:51,125,132,180,0.7333,Leisure,1,0,On Time,,,5110,674520
FL02207,08-06-2025,IndiGo,6E 337,Airbus A320neo,CCU,Kolkata,JAI,Jaipur,13:23,13:31,15:45,15:57,142,135,180,0.75,Leisure,8,12,On Time,,,7080,955800
FL02432,08-06-2025,Akasa Air,QP 749,Boeing 737 MAX 8,PNQ,Pune,HYD,Hyderabad,09:07,09:08,10:13,10:14,66,133,189,0.7037,Leisure,1,1,On Time,,,2120,281960
FL03305,08-06-2025,Air India Express,IX 231,Boeing 737-8,AMD,Ahmedabad,NAG,Nagpur,09:40,09:44,11:04,11:06,84,134,189,0.709,Family,4,2,On Time,,,3170,424780
FL03505,08-06-2025,IndiGo,6E 715,Airbus A321neo,PNQ,Pune,JAI,Jaipur,10:43,11:29,12:28,13:27,105,136,220,0.6182,Student,46,59,Delayed,Technical Issue,,3980,541280
FL04245,08-06-2025,IndiGo,6E 463,Airbus A321neo,HYD,Hyderabad,GOI,Goa,15:40,15:49,16:54,17:04,74,140,220,0.6364,Family,9,10,On Time,,,2400,336000
FL00118,09-06-2025,Air India,AI 128,Airbus A320,GOI,Goa,BOM,Mumbai,18:57,18:59,20:04,20:07,67,115,174,0.6609,Family,2,3,On Time,,,1970,226550
FL00875,09-06-2025,SpiceJet,SG 323,Boeing 737-800,BOM,Mumbai,GOI,Goa,13:25,13:30,14:32,14:32,67,153,189,0.8095,Business,5,0,On Time,,,2150,328950
FL01032,09-06-2025,IndiGo,6E 910,Airbus A320neo,MAA,Chennai,COK,Kochi,19:39,19:39,20:53,20:53,74,101,180,0.5611,Leisure,0,0,On Time,,,2240,226240
FL02452,09-06-2025,Akasa Air,QP 754,Boeing 737 MAX 8,HYD,Hyderabad,BOM,Mumbai,05:14,05:14,06:34,06:34,80,120,189,0.6349,Business,0,0,On Time,,,2680,321600
FL04389,09-06-2025,IndiGo,6E 573,Airbus A320neo,BLR,Bengaluru,CCU,Kolkata,19:19,19:24,22:02,22:05,163,107,180,0.5944,Business,5,3,On Time,,,6750,722250
FL00604,10-06-2025,Akasa Air,QP 254,Boeing 737 MAX 8,GAU,Guwahati,CCU,Kolkata,11:41,11:50,12:48,13:02,67,124,189,0.6561,Business,9,14,On Time,,,2150,266600
FL02193,10-06-2025,IndiGo,6E 325,Airbus A321neo,CCU,Kolkata,CJB,Coimbatore,05:21,05:27,08:24,08:24,183,148,220,0.6727,Student,6,0,On Time,,,7920,1172160
FL03135,10-06-2025,IndiGo,6E 374,Airbus A320neo,BLR,Bengaluru,PNQ,Pune,20:05,20:05,21:39,21:41,94,123,180,0.6833,Business,0,2,On Time,,,3430,421890
FL03292,10-06-2025,Air India,AI 621,Airbus A321,NAG,Nagpur,PNQ,Pune,16:08,16:12,17:37,17:39,89,121,190,0.6368,Senior Citizen,4,2,On Time,,,3340,404140
FL04020,10-06-2025,Akasa Air,QP 347,Boeing 737 MAX 8,GOI,Goa,JAI,Jaipur,20:53,20:56,23:15,23:24,142,140,189,0.7407,Family,3,9,On Time,,,6250,875000
FL00087,11-06-2025,Air India Express,IX 140,Boeing 737-800,GOI,Goa,HYD,Hyderabad,07:26,07:33,08:48,08:55,82,135,180,0.75,Business,7,7,On Time,,,2540,342900
FL01469,11-06-2025,Akasa Air,QP 494,Boeing 737 MAX 8,NAG,Nagpur,GOI,Goa,06:33,06:41,08:20,08:27,107,137,189,0.7249,Leisure,8,7,On Time,,,3940,539780
FL01700,11-06-2025,Akasa Air,QP 562,Boeing 737 MAX 8,COK,Kochi,DEL,Delhi,14:12,14:12,17:45,17:45,213,145,189,0.7672,Family,0,0,On Time,,,10590,1535550
FL03584,11-06-2025,Air India Express,IX 292,Boeing 737-800,DEL,Delhi,BOM,Mumbai,07:02,07:04,09:09,09:12,127,151,180,0.8389,Leisure,2,3,On Time,,,4670,705170
FL01299,12-06-2025,Air India Express,IX 463,Boeing 737-8,BLR,Bengaluru,JAI,Jaipur,15:08,15:17,17:45,17:56,157,128,189,0.6772,Senior Citizen,9,11,On Time,,,6340,811520
FL02269,12-06-2025,IndiGo,6E 390,Airbus A320neo,GAU,Guwahati,COK,Kochi,08:09,08:17,12:01,12:03,232,101,180,0.5611,Business,8,2,On Time,,,10180,1028180
FL02345,12-06-2025,Akasa Air,QP 731,Boeing 737 MAX 8,HYD,Hyderabad,BOM,Mumbai,06:44,06:51,08:05,08:08,81,104,189,0.5503,Family,7,3,On Time,,,2260,235040
FL02473,12-06-2025,IndiGo,6E 580,Airbus A320neo,HYD,Hyderabad,COK,Kochi,10:54,10:58,12:29,12:35,95,106,180,0.5889,Business,4,6,On Time,,,3680,390080
FL03074,12-06-2025,IndiGo,6E 322,Airbus A321neo,MAA,Chennai,CCU,Kolkata,08:04,08:08,10:24,10:33,140,183,220,0.8318,Senior Citizen,4,9,On Time,,,6110,1118130
FL03825,12-06-2025,IndiGo,6E 962,Airbus A321neo,LKO,Lucknow,CCU,Kolkata,09:24,09:27,11:15,11:20,111,183,220,0.8318,Family,3,5,On Time,,,4950,905850
FL04192,12-06-2025,Akasa Air,QP 393,Boeing 737 MAX 8,BLR,Bengaluru,CJB,Coimbatore,15:29,15:29,16:20,16:20,51,130,189,0.6878,Leisure,0,0,On Time,,,1800,234000
FL04377,12-06-2025,IndiGo,6E 564,Airbus A321neo,CJB,Coimbatore,NAG,Nagpur,17:30,17:37,19:34,19:46,124,142,220,0.6455,Leisure,7,12,On Time,,,5400,766800
FL00799,13-06-2025,SpiceJet,SG 309,Bombardier Q400,PNQ,Pune,MAA,Chennai,17:59,18:00,19:46,19:51,107,61,78,0.7821,Leisure,1,5,On Time,,,4550,277550
FL01918,13-06-2025,Air India Express,IX 630,Boeing 737-8,PNQ,Pune,MAA,Chennai,10:58,11:02,12:45,12:49,107,108,189,0.5714,Leisure,4,4,On Time,,,4260,460080
FL02752,13-06-2025,IndiGo,6E 830,Airbus A321neo,BLR,Bengaluru,GOI,Goa,17:16,17:25,18:34,18:45,78,171,220,0.7773,Family,9,11,On Time,,,2680,458280
FL03738,13-06-2025,IndiGo,6E 905,ATR 72,HYD,Hyderabad,MAA,Chennai,10:08,10:10,11:24,11:27,76,49,70,0.7,Student,2,3,On Time,,,2390,117110
FL04527,13-06-2025,SpiceJet,SG 361,Boeing 737-800,CCU,Kolkata,BOM,Mumbai,08:41,10:44,11:33,13:35,172,120,189,0.6349,Senior Citizen,123,122,Delayed,Weather,,7690,922800
FL04558,13-06-2025,Akasa Air,QP 477,Boeing 737 MAX 8,PNQ,Pune,BLR,Bengaluru,06:26,06:29,07:57,07:57,91,103,189,0.545,Leisure,3,0,On Time,,,3230,332690
FL04938,13-06-2025,IndiGo,6E 224,Airbus A320neo,BLR,Bengaluru,GOI,Goa,13:47,14:24,15:03,15:34,76,110,180,0.6111,Leisure,37,31,Delayed,Air Traffic,,2300,253000
FL00338,14-06-2025,SpiceJet,SG 203,Boeing 737-800,PNQ,Pune,COK,Kochi,16:47,16:53,18:43,18:49,116,158,189,0.836,Student,6,6,On Time,,,5160,815280
FL00835,14-06-2025,IndiGo,6E 781,Airbus A321neo,CCU,Kolkata,GAU,Guwahati,12:12,14:32,13:32,15:32,80,168,220,0.7636,Business,140,120,Delayed,Weather,,2260,379680
FL01009,14-06-2025,IndiGo,6E 898,ATR 72,GOI,Goa,HYD,Hyderabad,22:23,22:26,23:34,23:41,71,54,70,0.7714,Student,3,7,On Time,,,2810,151740
FL02426,14-06-2025,IndiGo,6E 534,Airbus A321neo,BOM,Mumbai,CJB,Coimbatore,14:42,,16:32,,110,0,220,0,Family,0,0,Cancelled,,Crew Availability,4700,0
FL04181,14-06-2025,Air India,AI 996,Airbus A321,MAA,Chennai,BLR,Bengaluru,16:12,16:14,17:04,17:04,52,138,190,0.7263,Senior Citizen,2,0,On Time,,,1800,248400
FL04549,14-06-2025,IndiGo,6E 702,Airbus A320neo,CCU,Kolkata,MAA,Chennai,21:45,22:50,00:27,01:28,162,151,180,0.8389,Leisure,65,61,Delayed,Security,,8390,1266890
FL00159,15-06-2025,IndiGo,6E 251,Airbus A320neo,MAA,Chennai,COK,Kochi,19:17,19:17,20:29,20:32,72,138,180,0.7667,Family,0,3,On Time,,,2850,393300
FL01134,15-06-2025,SpiceJet,SG 406,Boeing 737-800,BLR,Bengaluru,AMD,Ahmedabad,05:32,05:37,07:49,07:49,137,123,189,0.6508,Family,5,0,On Time,,,5520,678960
FL02343,15-06-2025,IndiGo,6E 449,Airbus A320neo,LKO,Lucknow,MAA,Chennai,17:16,17:20,19:54,20:01,158,129,180,0.7167,Leisure,4,7,On Time,,,7290,940410
FL03187,15-06-2025,IndiGo,6E 422,ATR 72,HYD,Hyderabad,GOI,Goa,08:00,08:03,09:15,09:19,75,35,70,0.5,Family,3,4,On Time,,,2360,82600
FL04108,15-06-2025,IndiGo,6E 356,ATR 72,MAA,Chennai,CCU,Kolkata,22:05,23:41,00:36,02:24,151,59,70,0.8429,Leisure,96,108,Delayed,Late Arrival of Aircraft,,7000,413000
FL04693,15-06-2025,Air India Express,IX 616,Boeing 737-8,AMD,Ahmedabad,PNQ,Pune,10:02,11:31,11:09,12:36,67,141,189,0.746,Family,89,87,Delayed,Late Arrival of Aircraft,,2530,356730
FL01677,16-06-2025,IndiGo,6E 693,Airbus A321neo,MAA,Chennai,HYD,Hyderabad,12:56,13:03,14:08,14:20,72,158,220,0.7182,Leisure,7,12,On Time,,,2180,344440
FL02297,16-06-2025,SpiceJet,SG 633,Boeing 737-800,PNQ,Pune,NAG,Nagpur,07:18,08:10,08:38,10:15,80,146,189,0.7725,Student,52,97,Diverted,Late Arrival of Aircraft,,2720,397120
FL02647,16-06-2025,IndiGo,6E 724,Airbus A321neo,DEL,Delhi,GOI,Goa,10:04,10:07,12:45,12:45,161,135,220,0.6136,Student,3,0,On Time,,,5740,774900
FL04083,16-06-2025,IndiGo,6E 330,Airbus A321neo,BOM,Mumbai,HYD,Hyderabad,15:11,15:50,16:32,17:01,81,154,220,0.7,Leisure,39,29,Delayed,Weather,,3140,483560
FL04690,16-06-2025,Akasa Air,QP 509,Boeing 737 MAX 8,BOM,Mumbai,PNQ,Pune,12:37,12:39,13:22,13:22,45,135,189,0.7143,Leisure,2,0,On Time,,,1800,243000
FL00380,17-06-2025,IndiGo,6E 435,Airbus A321neo,JAI,Jaipur,DEL,Delhi,12:08,,13:02,,54,0,220,0,Business,0,0,Cancelled,,Weather,1800,0
FL01640,17-06-2025,SpiceJet,SG 489,Boeing 737-800,HYD,Hyderabad,LKO,Lucknow,05:28,08:02,07:26,09:47,118,127,189,0.672,Leisure,154,141,Delayed,Late Arrival of Aircraft,,5020,637540
FL01967,17-06-2025,Air India Express,IX 653,Boeing 737-8,CCU,Kolkata,AMD,Ahmedabad,21:24,21:24,00:24,00:24,180,116,189,0.6138,Business,0,0,On Time,,,6620,767920
FL02300,17-06-2025,IndiGo,6E 412,Airbus A320neo,PNQ,Pune,BLR,Bengaluru,21:38,,23:09,,91,0,180,0,Business,0,0,Cancelled,,Weather,3500,0
FL03717,17-06-2025,Air India Express,IX 325,Boeing 737-8,BLR,Bengaluru,DEL,Delhi,19:12,19:20,22:02,22:16,170,137,189,0.7249,Leisure,8,14,On Time,,,7930,1086410
FL04345,17-06-2025,IndiGo,6E 537,Airbus A320neo,PNQ,Pune,BOM,Mumbai,07:40,07:40,08:25,08:25,45,147,180,0.8167,Senior Citizen,0,0,On Time,,,1800,264600
FL04593,17-06-2025,Akasa Air,QP 484,Boeing 737 MAX 8,GAU,Guwahati,COK,Kochi,06:28,06:34,10:24,10:32,236,78,189,0.4127,Leisure,6,8,On Time,,,9490,740220
FL04806,17-06-2025,Air India Express,IX 649,Boeing 737-800,LKO,Lucknow,BOM,Mumbai,21:51,21:52,00:04,00:05,133,97,180,0.5389,Family,1,1,On Time,,,4690,454930
FL00862,18-06-2025,Akasa Air,QP 339,Boeing 737 MAX 8,DEL,Delhi,MAA,Chennai,07:24,07:26,10:21,10:24,177,160,189,0.8466,Business,2,3,On Time,,,7930,1268800
FL02808,18-06-2025,SpiceJet,SG 729,Boeing 737-800,HYD,Hyderabad,MAA,Chennai,15:14,17:53,16:29,19:04,75,135,189,0.7143,Student,159,155,Delayed,Late Arrival of Aircraft,,2460,332100
FL03069,18-06-2025,IndiGo,6E 318,Airbus A321neo,BOM,Mumbai,MAA,Chennai,14:05,14:05,16:15,16:18,130,166,220,0.7545,Leisure,0,3,On Time,,,5170,858220
FL04131,18-06-2025,Akasa Air,QP 371,Boeing 737 MAX 8,BOM,Mumbai,DEL,Delhi,20:54,23:48,22:58,02:12,124,136,189,0.7196,Leisure,174,194,Delayed,Ground Operations,,6090,828240
FL04852,18-06-2025,Air India Express,IX 652,Boeing 737-8,AMD,Ahmedabad,DEL,Delhi,11:51,12:00,13:22,13:25,91,140,189,0.7407,Leisure,9,3,On Time,,,3300,462000
FL00609,19-06-2025,SpiceJet,SG 259,Boeing 737-800,MAA,Chennai,BLR,Bengaluru,07:01,07:03,07:49,07:52,48,165,189,0.873,Family,2,3,On Time,,,1800,297000
FL03847,19-06-2025,Akasa Air,QP 286,Boeing 737 MAX 8,GOI,Goa,PNQ,Pune,17:13,19:58,18:15,20:49,62,129,189,0.6825,Student,165,154,Delayed,Other,,1800,232200
FL04233,19-06-2025,Akasa Air,QP 409,Boeing 737 MAX 8,COK,Kochi,PNQ,Pune,15:45,15:46,17:40,17:40,115,143,189,0.7566,Family,1,0,On Time,,,4530,647790
FL00616,20-06-2025,IndiGo,6E 612,Airbus A320neo,BLR,Bengaluru,MAA,Chennai,21:17,21:19,22:18,22:25,61,131,180,0.7278,Student,2,7,On Time,,,1800,235800
FL00857,20-06-2025,Air India Express,IX 348,Boeing 737-800,COK,Kochi,HYD,Hyderabad,15:48,15:50,17:34,17:36,106,131,180,0.7278,Business,2,2,On Time,,,3600,471600
FL01840,20-06-2025,IndiGo,6E 826,ATR 72,GAU,Guwahati,DEL,Delhi,07:42,,10:14,,152,0,70,0,Leisure,0,0,Cancelled,,Weather,7180,0
FL01973,20-06-2025,SpiceJet,SG 552,Bombardier Q400,BLR,Bengaluru,COK,Kochi,19:15,19:23,20:15,20:20,60,47,78,0.6026,Business,8,5,On Time,,,1800,84600
FL01979,20-06-2025,IndiGo,6E 935,Airbus A320neo,GOI,Goa,HYD,Hyderabad,18:19,18:24,19:40,19:40,81,104,180,0.5778,Senior Citizen,5,0,On Time,,,2550,265200
FL02466,20-06-2025,Akasa Air,QP 764,Boeing 737 MAX 8,DEL,Delhi,BOM,Mumbai,21:39,21:47,23:46,23:59,127,138,189,0.7302,Student,8,13,On Time,,,4910,677580
FL03710,20-06-2025,IndiGo,6E 893,Airbus A321neo,HYD,Hyderabad,COK,Kochi,06:33,06:34,08:09,08:09,96,151,220,0.6864,Business,1,0,On Time,,,4200,634200
FL04525,20-06-2025,SpiceJet,SG 360,Bombardier Q400,BOM,Mumbai,DEL,Delhi,11:02,11:04,13:08,13:08,126,54,78,0.6923,Leisure,2,0,On Time,,,5120,276480
FL00331,21-06-2025,IndiGo,6E 404,ATR 72,GOI,Goa,BOM,Mumbai,12:16,12:16,13:22,13:23,66,50,70,0.7143,Leisure,0,1,On Time,,,1910,95500
FL00443,21-06-2025,SpiceJet,SG 228,Boeing 737-800,GOI,Goa,LKO,Lucknow,05:53,06:00,08:17,08:23,144,108,189,0.5714,Student,7,6,On Time,,,6410,692280
FL00930,21-06-2025,IndiGo,6E 852,Airbus A321neo,DEL,Delhi,PNQ,Pune,16:03,16:08,18:13,18:17,130,153,220,0.6955,Leisure,5,4,On Time,,,5500,841500
FL01200,21-06-2025,IndiGo,6E 262,Airbus A320neo,CJB,Coimbatore,PNQ,Pune,17:35,17:42,19:24,19:33,109,145,180,0.8056,Family,7,9,On Time,,,4310,624950
FL03147,21-06-2025,SpiceJet,SG 808,Bombardier Q400,BLR,Bengaluru,PNQ,Pune,21:25,21:33,22:58,23:09,93,67,78,0.859,Leisure,8,11,On Time,,,3360,225120
FL00501,22-06-2025,IndiGo,6E 540,ATR 72,BOM,Mumbai,GOI,Goa,08:07,08:13,09:14,09:20,67,52,70,0.7429,Student,6,6,On Time,,,1970,102440
FL01507,22-06-2025,Air India,AI 712,Airbus A321,NAG,Nagpur,MAA,Chennai,18:43,18:52,20:22,20:29,99,102,190,0.5368,Leisure,9,7,On Time,,,4170,425340
FL01694,22-06-2025,IndiGo,6E 706,Airbus A320neo,GOI,Goa,LKO,Lucknow,19:09,19:16,21:53,21:54,164,152,180,0.8444,Student,7,1,On Time,,,8670,1317840
FL02830,22-06-2025,IndiGo,6E 896,Airbus A320neo,BOM,Mumbai,CJB,Coimbatore,10:17,10:21,12:06,12:06,109,109,180,0.6056,Family,4,0,On Time,,,4420,481780
FL04684,22-06-2025,Air India Express,IX 615,Boeing 737-800,BLR,Bengaluru,CJB,Coimbatore,17:09,17:46,17:59,18:30,50,115,180,0.6389,Senior Citizen,37,31,Delayed,Late Arrival of Aircraft,,1800,207000
FL01172,23-06-2025,Air India Express,IX 428,Boeing 737-8,MAA,Chennai,BLR,Bengaluru,18:49,18:56,19:34,19:44,45,153,189,0.8095,Business,7,10,On Time,,,1800,275400
FL01825,23-06-2025,Air India Express,IX 619,Boeing 737-8,COK,Kochi,BLR,Bengaluru,08:31,08:36,09:28,09:33,57,123,189,0.6508,Senior Citizen,5,5,On Time,,,1800,221400
FL03317,23-06-2025,IndiGo,6E 529,Airbus A321neo,GAU,Guwahati,JAI,Jaipur,19:48,20:53,22:26,23:40,158,137,220,0.6227,Leisure,65,74,Delayed,Late Arrival of Aircraft,,7170,982290
FL03681,23-06-2025,IndiGo,6E 855,Airbus A320neo,BOM,Mumbai,COK,Kochi,19:35,19:41,21:44,21:49,129,107,180,0.5944,Business,6,5,On Time,,,4500,481500
FL00216,24-06-2025,Air India,AI 163,Airbus A320,MAA,Chennai,CCU,Kolkata,14:51,17:28,17:21,20:11,150,116,174,0.6667,Leisure,157,170,Delayed,Weather,,6140,712240
FL00641,24-06-2025,Air India Express,IX 281,Boeing 737-8,HYD,Hyderabad,GAU,Guwahati,19:11,19:16,22:04,22:04,173,166,189,0.8783,Leisure,5,0,On Time,,,8150,1352900
FL00801,24-06-2025,IndiGo,6E 749,Airbus A320neo,MAA,Chennai,BOM,Mumbai,09:35,,11:28,,113,0,180,0,Business,0,0,Cancelled,,Crew Availability,5140,0
FL01029,24-06-2025,Air India,AI 526,Airbus A320,NAG,Nagpur,DEL,Delhi,22:02,23:12,23:41,00:35,99,134,174,0.7701,Business,70,54,Delayed,Weather,,3950,529300
FL02686,24-06-2025,Air India,AI 396,Airbus A320,JAI,Jaipur,BOM,Mumbai,15:03,17:16,16:51,18:56,108,131,174,0.7529,Family,133,125,Delayed,Air Traffic,,4380,573780
FL02826,24-06-2025,Akasa Air,QP 842,Boeing 737 MAX 8,BLR,Bengaluru,BOM,Mumbai,16:19,18:50,18:04,20:09,105,110,189,0.582,Student,151,125,Delayed,Ground Operations,,3690,405900
FL01965,25-06-2025,IndiGo,6E 917,Airbus A321neo,BOM,Mumbai,BLR,Bengaluru,17:24,17:32,19:01,19:15,97,173,220,0.7864,Leisure,8,14,On Time,,,4030,697190
FL02726,25-06-2025,IndiGo,6E 808,Airbus A321neo,HYD,Hyderabad,NAG,Nagpur,18:26,18:32,19:34,19:42,68,191,220,0.8682,Family,6,8,On Time,,,1940,370540
FL02793,25-06-2025,Air India,AI 431,Boeing 787-8,BOM,Mumbai,LKO,Lucknow,22:11,22:12,00:24,00:25,133,120,256,0.4688,Student,1,1,On Time,,,5170,620400
FL03395,25-06-2025,IndiGo,6E 600,Airbus A321neo,DEL,Delhi,GOI,Goa,21:29,21:30,00:08,00:16,159,152,220,0.6909,Family,1,8,On Time,,,7250,1102000
FL04834,25-06-2025,IndiGo,6E 918,Airbus A321neo,AMD,Ahmedabad,BLR,Bengaluru,17:58,20:55,20:12,23:24,134,129,220,0.5864,Family,177,192,Delayed,Weather,,4780,616620
FL00861,26-06-2025,IndiGo,6E 800,Airbus A320neo,COK,Kochi,AMD,Ahmedabad,16:07,18:04,18:45,20:56,158,106,180,0.5889,Leisure,117,131,Delayed,Technical Issue,,7500,795000
FL00983,26-06-2025,IndiGo,6E 880,Airbus A320neo,JAI,Jaipur,DEL,Delhi,09:41,09:43,10:26,10:26,45,124,180,0.6889,Business,2,0,On Time,,,1800,223200
FL04328,26-06-2025,IndiGo,6E 519,Airbus A321neo,DEL,Delhi,GOI,Goa,19:25,19:57,21:54,22:27,149,154,220,0.7,Leisure,32,33,Delayed,Weather,,6410,987140
FL04360,26-06-2025,Air India,AI 277,Airbus A320,DEL,Delhi,JAI,Jaipur,11:35,11:42,12:33,12:40,58,114,174,0.6552,Senior Citizen,7,7,On Time,,,1800,205200
FL04952,26-06-2025,Air India Express,IX 669,Boeing 737-8,CJB,Coimbatore,GOI,Goa,20:36,20:39,21:58,22:05,82,112,189,0.5926,Family,3,7,On Time,,,2420,271040
FL00518,27-06-2025,Air India Express,IX 255,Boeing 737-8,BLR,Bengaluru,DEL,Delhi,10:55,12:09,13:51,16:54,176,147,189,0.7778,Leisure,74,183,Diverted,Weather,,6780,996660
FL00697,27-06-2025,Air India,AI 375,Airbus A321,BOM,Mumbai,MAA,Chennai,12:32,12:40,14:27,14:34,115,139,190,0.7316,Senior Citizen,8,7,On Time,,,4380,608820
FL01319,27-06-2025,Air India Express,IX 467,Boeing 737-8,MAA,Chennai,LKO,Lucknow,06:49,09:19,09:29,11:57,160,139,189,0.7354,Family,150,148,Delayed,Crew,,6990,971610
FL01813,27-06-2025,SpiceJet,SG 519,Boeing 737-800,HYD,Hyderabad,MAA,Chennai,16:24,16:32,17:38,17:52,74,146,189,0.7725,Leisure,8,14,On Time,,,2320,338720
FL03022,27-06-2025,Air India,AI 516,Airbus A320,BLR,Bengaluru,AMD,Ahmedabad,15:56,15:56,18:09,18:09,133,136,174,0.7816,Leisure,0,0,On Time,,,6890,937040
FL04413,27-06-2025,IndiGo,6E 595,Airbus A320neo,BLR,Bengaluru,COK,Kochi,16:21,16:27,17:27,17:32,66,121,180,0.6722,Student,6,5,On Time,,,1860,225060
FL00031,28-06-2025,Air India,AI 104,Boeing 787-8,DEL,Delhi,BOM,Mumbai,06:55,08:21,09:04,10:41,129,173,256,0.6758,Student,86,97,Delayed,Technical Issue,,5930,1025890
FL00871,28-06-2025,Air India,AI 450,Airbus A321,PNQ,Pune,BLR,Bengaluru,09:37,11:19,10:57,12:45,80,147,190,0.7737,Family,102,108,Delayed,Late Arrival of Aircraft,,4020,590940
FL01681,28-06-2025,IndiGo,6E 699,Airbus A320neo,PNQ,Pune,CCU,Kolkata,15:52,16:00,18:44,18:53,172,154,180,0.8556,Business,8,9,On Time,,,7610,1171940
FL01747,28-06-2025,IndiGo,6E 739,ATR 72,COK,Kochi,LKO,Lucknow,11:58,14:20,15:13,17:39,195,64,70,0.9143,Leisure,142,146,Delayed,Air Traffic,,10250,656000
FL02654,28-06-2025,Air India Express,IX 851,Boeing 737-8,DEL,Delhi,COK,Kochi,20:12,20:18,23:39,23:47,207,126,189,0.6667,Business,6,8,On Time,,,9290,1170540
FL04365,28-06-2025,IndiGo,6E 557,Airbus A320neo,GOI,Goa,BOM,Mumbai,10:16,11:57,11:25,12:55,69,163,180,0.9056,Business,101,90,Delayed,Late Arrival of Aircraft,,2060,335780
FL00256,29-06-2025,IndiGo,6E 339,Airbus A320neo,LKO,Lucknow,HYD,Hyderabad,09:15,09:21,11:26,11:26,131,158,180,0.8778,Student,6,0,On Time,,,6690,1057020
FL00439,29-06-2025,SpiceJet,SG 227,Boeing 737-800,NAG,Nagpur,MAA,Chennai,08:47,08:47,10:39,10:47,112,136,189,0.7196,Student,0,8,On Time,,,4580,622880
FL01086,29-06-2025,SpiceJet,SG 398,Bombardier Q400,GOI,Goa,COK,Kochi,09:41,09:46,10:59,11:08,78,60,78,0.7692,Business,5,9,On Time,,,3230,193800
FL01510,29-06-2025,IndiGo,6E 555,ATR 72,COK,Kochi,BLR,Bengaluru,05:53,07:30,06:57,08:51,64,51,70,0.7286,Student,97,114,Delayed,Weather,,1820,92820
FL01736,29-06-2025,SpiceJet,SG 504,Bombardier Q400,CJB,Coimbatore,HYD,Hyderabad,08:34,08:35,10:00,10:00,86,53,78,0.6795,Senior Citizen,1,0,On Time,,,2520,133560
FL02679,29-06-2025,IndiGo,6E 765,Airbus A321neo,GAU,Guwahati,CCU,Kolkata,14:54,16:38,16:07,17:44,73,155,220,0.7045,Family,104,97,Delayed,Late Arrival of Aircraft,,2570,398350
FL03004,29-06-2025,Air India,AI 501,Airbus A321,DEL,Delhi,HYD,Hyderabad,13:48,13:48,16:09,16:11,141,147,190,0.7737,Family,0,2,On Time,,,6990,1027530
FL03488,29-06-2025,IndiGo,6E 701,Airbus A321neo,DEL,Delhi,GOI,Goa,08:19,10:15,10:58,12:52,159,138,220,0.6273,Family,116,114,Delayed,Late Arrival of Aircraft,,7930,1094340
FL03579,29-06-2025,Akasa Air,QP 229,Boeing 737 MAX 8,PNQ,Pune,DEL,Delhi,08:11,08:15,10:21,10:21,130,144,189,0.7619,Family,4,0,On Time,,,5880,846720
FL04205,29-06-2025,SpiceJet,SG 264,Bombardier Q400,DEL,Delhi,MAA,Chennai,15:31,15:37,18:27,18:32,176,62,78,0.7949,Leisure,6,5,On Time,,,8450,523900
FL04556,29-06-2025,Air India Express,IX 568,Boeing 737-8,DEL,Delhi,HYD,Hyderabad,05:36,05:44,07:58,08:06,142,145,189,0.7672,Senior Citizen,8,8,On Time,,,5640,817800
FL04736,29-06-2025,IndiGo,6E 845,Airbus A321neo,COK,Kochi,MAA,Chennai,15:36,15:43,16:48,16:57,72,180,220,0.8182,Senior Citizen,7,9,On Time,,,2940,529200
FL00189,30-06-2025,IndiGo,6E 277,ATR 72,LKO,Lucknow,CJB,Coimbatore,16:58,17:03,20:08,20:18,190,36,70,0.5143,Student,5,10,On Time,,,8640,311040
FL01514,30-06-2025,IndiGo,6E 558,ATR 72,AMD,Ahmedabad,NAG,Nagpur,12:48,13:19,14:24,14:42,96,62,70,0.8857,Senior Citizen,31,18,Delayed,Technical Issue,,3650,226300
FL01626,30-06-2025,IndiGo,6E 660,Airbus A320neo,GAU,Guwahati,CCU,Kolkata,20:39,20:46,21:59,22:09,80,115,180,0.6389,Family,7,10,On Time,,,2130,244950
FL02101,30-06-2025,IndiGo,6E 245,Airbus A320neo,HYD,Hyderabad,MAA,Chennai,12:14,12:21,13:23,13:25,69,161,180,0.8944,Business,7,2,On Time,,,2540,408940
FL02563,30-06-2025,Air India Express,IX 817,Boeing 737-800,BOM,Mumbai,MAA,Chennai,13:46,13:52,15:54,16:02,128,139,180,0.7722,Business,6,8,On Time,,,4010,557390
FL04402,30-06-2025,IndiGo,6E 583,Airbus A321neo,PNQ,Pune,CCU,Kolkata,19:29,19:32,22:17,22:24,168,135,220,0.6136,Leisure,3,7,On Time,,,6380,861300
FL00180,01-07-2025,Air India Express,IX 160,Boeing 737-800,CCU,Kolkata,MAA,Chennai,10:28,10:35,12:55,12:59,147,124,180,0.6889,Family,7,4,On Time,,,5140,637360
FL01538,01-07-2025,IndiGo,6E 581,Airbus A321neo,COK,Kochi,MAA,Chennai,22:18,22:20,23:26,23:28,68,157,220,0.7136,Leisure,2,2,On Time,,,2450,384650
FL02235,01-07-2025,SpiceJet,SG 611,Bombardier Q400,COK,Kochi,GOI,Goa,07:17,07:23,08:42,08:42,85,54,78,0.6923,Student,6,0,On Time,,,3310,178740
FL02389,01-07-2025,Akasa Air,QP 739,Boeing 737 MAX 8,DEL,Delhi,CCU,Kolkata,13:29,13:34,15:43,15:48,134,120,189,0.6349,Leisure,5,5,On Time,,,5060,607200
FL02859,01-07-2025,Akasa Air,QP 851,Boeing 737 MAX 8,JAI,Jaipur,HYD,Hyderabad,14:20,14:24,16:28,16:32,128,117,189,0.619,Business,4,4,On Time,,,4890,572130
FL03216,01-07-2025,IndiGo,6E 447,Airbus A321neo,DEL,Delhi,GOI,Goa,16:44,18:16,19:27,21:06,163,156,220,0.7091,Leisure,92,99,Delayed,Air Traffic,,6550,1021800
FL01022,02-07-2025,SpiceJet,SG 379,Boeing 737-800,LKO,Lucknow,NAG,Nagpur,08:50,08:52,10:14,10:16,84,113,189,0.5979,Student,2,2,On Time,,,2400,271200
FL01147,02-07-2025,IndiGo,6E 210,Airbus A321neo,GOI,Goa,BLR,Bengaluru,11:09,11:17,12:08,12:20,59,147,220,0.6682,Student,8,12,On Time,,,2180,320460
FL01683,02-07-2025,Akasa Air,QP 552,Boeing 737 MAX 8,COK,Kochi,CCU,Kolkata,11:45,11:48,15:01,15:08,196,97,189,0.5132,Family,3,7,On Time,,,6780,657660
FL01733,02-07-2025,SpiceJet,SG 503,Boeing 737-800,JAI,Jaipur,GOI,Goa,15:52,15:55,18:15,18:15,143,136,189,0.7196,Leisure,3,0,On Time,,,6210,844560
FL01884,02-07-2025,SpiceJet,SG 531,Bombardier Q400,GOI,Goa,COK,Kochi,20:03,20:03,21:35,21:35,92,67,78,0.859,Family,0,0,On Time,,,2620,175540
FL03045,02-07-2025,SpiceJet,SG 791,Boeing 737-800,NAG,Nagpur,BLR,Bengaluru,12:51,12:57,14:40,14:40,109,145,189,0.7672,Leisure,6,0,On Time,,,4810,697450
FL03486,02-07-2025,Akasa Air,QP 998,Boeing 737 MAX 8,JAI,Jaipur,BLR,Bengaluru,11:53,11:59,14:28,14:37,155,138,189,0.7302,Business,6,9,On Time,,,5890,812820
FL04788,02-07-2025,SpiceJet,SG 437,Boeing 737-800,HYD,Hyderabad,GOI,Goa,05:14,05:20,06:24,06:29,70,117,189,0.619,Senior Citizen,6,5,On Time,,,2360,276120
FL04917,02-07-2025,Akasa Air,QP 579,Boeing 737 MAX 8,COK,Kochi,BOM,Mumbai,14:54,15:13,17:02,17:15,128,158,189,0.836,Leisure,19,13,Delayed,Air Traffic,,5210,823180
FL00617,03-07-2025,IndiGo,6E 615,ATR 72,MAA,Chennai,HYD,Hyderabad,13:56,14:17,15:21,15:42,85,49,70,0.7,Leisure,21,21,Delayed,Crew,,2360,115640
FL00992,03-07-2025,Air India Express,IX 377,Boeing 737-8,PNQ,Pune,NAG,Nagpur,14:07,17:04,15:31,18:26,84,116,189,0.6138,Leisure,177,175,Delayed,Air Traffic,,2370,274920
FL01176,03-07-2025,Air India,AI 571,Boeing 787-8,CJB,Coimbatore,PNQ,Pune,09:50,11:15,11:37,13:07,107,144,256,0.5625,Leisure,85,90,Delayed,Late Arrival of Aircraft,,3560,512640
FL02573,03-07-2025,Air India Express,IX 821,Boeing 737-800,DEL,Delhi,LKO,Lucknow,20:48,20:50,21:55,22:03,67,152,180,0.8444,Leisure,2,8,On Time,,,1800,273600
FL03010,03-07-2025,IndiGo,6E 258,ATR 72,COK,Kochi,MAA,Chennai,05:48,05:49,06:59,07:02,71,54,70,0.7714,Senior Citizen,1,3,On Time,,,3000,162000
FL00689,04-07-2025,Air India,AI 370,Airbus A321,GOI,Goa,BOM,Mumbai,12:51,12:59,14:05,14:15,74,137,190,0.7211,Business,8,10,On Time,,,2400,328800
FL01174,04-07-2025,SpiceJet,SG 419,Bombardier Q400,MAA,Chennai,BLR,Bengaluru,07:47,,08:39,,52,0,78,0,Leisure,0,0,Cancelled,,Operational Issue,1800,0
FL01181,04-07-2025,IndiGo,6E 242,Airbus A320neo,DEL,Delhi,CCU,Kolkata,07:32,08:23,09:51,10:30,139,141,180,0.7833,Leisure,51,39,Delayed,Air Traffic,,7470,1053270
FL01548,04-07-2025,IndiGo,6E 587,Airbus A321neo,COK,Kochi,BOM,Mumbai,12:16,12:17,14:18,14:18,122,137,220,0.6227,Student,1,0,On Time,,,4950,678150
FL02267,04-07-2025,Air India,AI 217,Boeing 787-8,HYD,Hyderabad,BLR,Bengaluru,14:34,16:21,15:50,17:32,76,241,256,0.9414,Student,107,102,Delayed,Air Traffic,,2960,713360
FL03465,04-07-2025,Air India Express,IX 260,Boeing 737-800,PNQ,Pune,HYD,Hyderabad,09:55,11:30,11:16,12:55,81,115,180,0.6389,Leisure,95,99,Delayed,Late Arrival of Aircraft,,2240,257600
FL03695,04-07-2025,IndiGo,6E 874,ATR 72,GOI,Goa,MAA,Chennai,22:26,22:26,23:59,23:59,93,47,70,0.6714,Family,0,0,On Time,,,3940,185180
FL03754,04-07-2025,IndiGo,6E 907,ATR 72,JAI,Jaipur,DEL,Delhi,15:59,16:02,16:54,17:01,55,63,70,0.9,Leisure,3,7,On Time,,,1800,113400
FL04206,04-07-2025,IndiGo,6E 424,Airbus A320neo,JAI,Jaipur,MAA,Chennai,18:40,18:42,21:26,21:28,166,145,180,0.8056,Leisure,2,2,On Time,,,8430,1222350
FL00895,05-07-2025,Air India Express,IX 356,Boeing 737-800,DEL,Delhi,MAA,Chennai,05:30,05:33,08:27,08:30,177,138,180,0.7667,Family,3,3,On Time,,,8880,1225440
FL02403,05-07-2025,Air India Express,IX 764,Boeing 737-8,HYD,Hyderabad,BLR,Bengaluru,17:28,17:35,18:38,18:44,70,126,189,0.6667,Leisure,7,6,On Time,,,2100,264600
FL02604,05-07-2025,IndiGo,6E 691,Airbus A320neo,COK,Kochi,BLR,Bengaluru,19:23,19:32,20:29,20:36,66,128,180,0.7111,Leisure,9,7,On Time,,,1800,230400
FL04042,05-07-2025,Akasa Air,QP 351,Boeing 737 MAX 8,BOM,Mumbai,COK,Kochi,16:47,16:47,18:50,18:50,123,152,189,0.8042,Business,0,0,On Time,,,5810,883120
FL01257,06-07-2025,IndiGo,6E 311,ATR 72,PNQ,Pune,HYD,Hyderabad,07:52,08:01,09:06,09:09,74,47,70,0.6714,Business,9,3,On Time,,,2280,107160
FL01641,06-07-2025,Air India Express,IX 547,Boeing 737-800,DEL,Delhi,HYD,Hyderabad,05:18,05:27,07:32,07:40,134,132,180,0.7333,Leisure,9,8,On Time,,,5690,751080
FL01996,06-07-2025,Akasa Air,QP 650,Boeing 737 MAX 8,JAI,Jaipur,HYD,Hyderabad,06:50,08:32,08:53,10:24,123,136,189,0.7196,Family,102,91,Delayed,Technical Issue,,5310,722160
FL02273,06-07-2025,IndiGo,6E 396,Airbus A320neo,DEL,Delhi,HYD,Hyderabad,13:32,13:40,15:50,15:59,138,153,180,0.85,Business,8,9,On Time,,,6660,1018980
FL02775,06-07-2025,Air India,AI 420,Boeing 787-8,PNQ,Pune,LKO,Lucknow,15:39,15:46,17:46,17:53,127,185,256,0.7227,Leisure,7,7,On Time,,,5840,1080400
FL03714,06-07-2025,IndiGo,6E 896,ATR 72,AMD,Ahmedabad,HYD,Hyderabad,15:39,15:41,17:24,17:28,105,53,70,0.7571,Business,2,4,On Time,,,4480,237440
FL04567,06-07-2025,Air India Express,IX 571,Boeing 737-800,BLR,Bengaluru,COK,Kochi,19:48,19:56,20:40,20:50,52,141,180,0.7833,Leisure,8,10,On Time,,,1800,253800
FL00549,07-07-2025,Air India,AI 299,Boeing 787-8,PNQ,Pune,AMD,Ahmedabad,22:29,00:28,23:51,01:49,82,194,256,0.7578,Leisure,119,118,Delayed,Late Arrival of Aircraft,,2700,523800
FL01303,07-07-2025,SpiceJet,SG 436,Bombardier Q400,CCU,Kolkata,HYD,Hyderabad,06:30,09:14,08:32,11:01,122,43,78,0.5513,Leisure,164,149,Delayed,Ground Operations,,5120,220160
FL01854,07-07-2025,SpiceJet,SG 525,Boeing 737-800,MAA,Chennai,DEL,Delhi,17:25,17:31,20:28,20:34,183,138,189,0.7302,Student,6,6,On Time,,,8660,1195080
FL02392,07-07-2025,Air India,AI 268,Airbus A321,DEL,Delhi,BLR,Bengaluru,21:59,22:05,00:59,01:13,180,162,190,0.8526,Student,6,14,On Time,,,10590,1715580
FL02440,07-07-2025,IndiGo,6E 545,Airbus A320neo,GAU,Guwahati,AMD,Ahmedabad,10:44,12:40,14:00,16:05,196,118,180,0.6556,Business,116,125,Delayed,Ground Operations,,9090,1072620
FL03516,07-07-2025,Akasa Air,QP 210,Boeing 737 MAX 8,COK,Kochi,BOM,Mumbai,15:00,17:22,16:59,19:19,119,99,189,0.5238,Leisure,142,140,Delayed,Late Arrival of Aircraft,,4490,444510
FL03646,07-07-2025,Akasa Air,QP 243,Boeing 737 MAX 8,HYD,Hyderabad,GOI,Goa,05:56,05:56,07:16,07:17,80,124,189,0.6561,Leisure,0,1,On Time,,,2360,292640
FL02132,08-07-2025,IndiGo,6E 272,Airbus A321neo,PNQ,Pune,COK,Kochi,13:40,13:42,15:27,15:29,107,190,220,0.8636,Leisure,2,2,On Time,,,5320,1010800
FL02302,08-07-2025,Air India,AI 225,Airbus A320,PNQ,Pune,MAA,Chennai,16:05,16:06,17:56,18:00,111,109,174,0.6264,Student,1,4,On Time,,,4940,538460
FL02430,08-07-2025,Air India,AI 281,Airbus A321,NAG,Nagpur,BOM,Mumbai,16:57,16:57,18:22,18:22,85,105,190,0.5526,Student,0,0,On Time,,,2970,311850
FL03297,08-07-2025,Air India,AI 624,Boeing 787-8,PNQ,Pune,AMD,Ahmedabad,15:16,15:17,16:30,16:30,74,160,256,0.625,Student,1,0,On Time,,,2340,374400
FL03448,08-07-2025,IndiGo,6E 656,Airbus A320neo,PNQ,Pune,JAI,Jaipur,12:21,12:25,14:10,14:14,109,86,180,0.4778,Leisure,4,4,On Time,,,4180,359480
FL03730,08-07-2025,SpiceJet,SG 947,Bombardier Q400,HYD,Hyderabad,PNQ,Pune,22:19,22:19,23:27,23:29,68,54,78,0.6923,Leisure,0,2,On Time,,,2390,129060
FL04270,08-07-2025,Air India,AI 235,Airbus A320,LKO,Lucknow,BLR,Bengaluru,05:45,05:54,08:22,08:29,157,137,174,0.7874,Family,9,7,On Time,,,8480,1161760
FL04398,08-07-2025,IndiGo,6E 579,Airbus A320neo,LKO,Lucknow,DEL,Delhi,08:38,08:43,09:50,09:53,72,114,180,0.6333,Leisure,5,3,On Time,,,2050,233700
FL04509,08-07-2025,Air India Express,IX 561,Boeing 737-800,AMD,Ahmedabad,MAA,Chennai,16:55,17:22,19:25,20:12,150,126,180,0.7,Business,27,47,Delayed,Late Arrival of Aircraft,,5980,753480
FL00021,09-07-2025,IndiGo,6E 125,ATR 72,GAU,Guwahati,LKO,Lucknow,09:42,09:44,11:46,11:52,124,52,70,0.7429,Family,2,6,On Time,,,5260,273520
FL00837,09-07-2025,IndiGo,6E 786,Airbus A320neo,LKO,Lucknow,HYD,Hyderabad,20:30,23:21,22:27,01:32,117,134,180,0.7444,Leisure,171,185,Delayed,Late Arrival of Aircraft,,5170,692780
FL01211,09-07-2025,Air India,AI 588,Boeing 787-8,DEL,Delhi,MAA,Chennai,07:30,07:37,10:27,10:33,177,235,256,0.918,Business,7,6,On Time,,,9690,2277150
FL02855,09-07-2025,SpiceJet,SG 744,Boeing 737-800,BLR,Bengaluru,AMD,Ahmedabad,08:59,09:08,11:14,11:21,135,108,189,0.5714,Leisure,9,7,On Time,,,4710,508680
FL03498,09-07-2025,Air India,AI 696,Boeing 787-8,GAU,Guwahati,PNQ,Pune,19:34,19:36,22:43,22:43,189,189,256,0.7383,Business,2,0,On Time,,,8950,1691550
FL03712,09-07-2025,Air India,AI 776,Airbus A320,BOM,Mumbai,CCU,Kolkata,16:26,16:31,19:10,19:23,164,108,174,0.6207,Leisure,5,13,On Time,,,9060,978480
FL03779,09-07-2025,IndiGo,6E 932,Airbus A321neo,LKO,Lucknow,BOM,Mumbai,15:22,15:22,17:34,17:37,132,117,220,0.5318,Leisure,0,3,On Time,,,5650,661050
FL04800,09-07-2025,Air India,AI 430,Boeing 787-8,MAA,Chennai,DEL,Delhi,07:55,08:35,11:01,11:38,186,168,256,0.6562,Family,40,37,Delayed,Technical Issue,,8080,1357440
FL04931,09-07-2025,IndiGo,6E 215,ATR 72,DEL,Delhi,LKO,Lucknow,20:38,22:09,21:43,23:15,65,48,70,0.6857,Leisure,91,92,Delayed,Late Arrival of Aircraft,,1800,86400
FL00117,10-07-2025,SpiceJet,SG 142,Bombardier Q400,COK,Kochi,AMD,Ahmedabad,10:10,10:13,12:51,12:51,161,46,78,0.5897,Leisure,3,0,On Time,,,6620,304520
FL01850,10-07-2025,IndiGo,6E 831,Airbus A320neo,NAG,Nagpur,AMD,Ahmedabad,16:09,17:20,17:42,18:24,93,130,180,0.7222,Leisure,71,42,Delayed,Late Arrival of Aircraft,,3630,471900
FL01892,10-07-2025,IndiGo,6E 868,ATR 72,HYD,Hyderabad,BLR,Bengaluru,17:06,17:06,18:09,18:09,63,63,70,0.9,Business,0,0,On Time,,,2190,137970
FL00934,11-07-2025,Air India,AI 478,Airbus A321,BLR,Bengaluru,COK,Kochi,05:25,05:31,06:24,06:33,59,153,190,0.8053,Family,6,9,On Time,,,2170,332010
FL01524,11-07-2025,IndiGo,6E 568,Airbus A321neo,BLR,Bengaluru,HYD,Hyderabad,06:49,06:56,07:53,08:02,64,162,220,0.7364,Student,7,9,On Time,,,2660,430920
FL01673,11-07-2025,Air India,AI 789,Boeing 787-8,CCU,Kolkata,BOM,Mumbai,14:56,15:04,17:45,17:59,169,196,256,0.7656,Family,8,14,On Time,,,9390,1840440
FL01817,11-07-2025,Air India Express,IX 614,Boeing 737-8,PNQ,Pune,BOM,Mumbai,11:50,11:57,12:37,12:49,47,138,189,0.7302,Leisure,7,12,On Time,,,1800,248400
FL02642,11-07-2025,Air India,AI 384,Airbus A320,GAU,Guwahati,PNQ,Pune,11:29,11:51,14:46,16:58,197,106,174,0.6092,Business,22,132,Diverted,Crew,,10330,1094980
FL03085,11-07-2025,Air India,AI 546,Boeing 787-8,BOM,Mumbai,MAA,Chennai,07:06,07:06,09:06,09:06,120,182,256,0.7109,Business,0,0,On Time,,,5430,988260
FL03104,11-07-2025,Air India Express,IX 976,Boeing 737-800,AMD,Ahmedabad,MAA,Chennai,10:24,11:25,12:58,13:50,154,142,180,0.7889,Business,61,52,Delayed,Technical Issue,,7090,1006780
FL03223,11-07-2025,Air India Express,IX 998,Boeing 737-8,HYD,Hyderabad,BLR,Bengaluru,12:01,14:49,13:13,15:46,72,139,189,0.7354,Student,168,153,Delayed,Late Arrival of Aircraft,,2180,303020
FL04392,11-07-2025,Air India,AI 292,Airbus A321,JAI,Jaipur,CCU,Kolkata,07:25,09:26,09:50,11:57,145,136,190,0.7158,Senior Citizen,121,127,Delayed,Air Traffic,,7610,1034960
FL04683,11-07-2025,SpiceJet,SG 414,Boeing 737-800,NAG,Nagpur,LKO,Lucknow,15:36,15:36,17:03,17:04,87,114,189,0.6032,Family,0,1,On Time,,,3240,369360
FL00007,12-07-2025,IndiGo,6E 111,Airbus A321neo,GOI,Goa,BLR,Bengaluru,14:52,14:53,16:13,16:19,81,162,220,0.7364,Business,1,6,On Time,,,2590,419580
FL00602,12-07-2025,Akasa Air,QP 249,Boeing 737 MAX 8,DEL,Delhi,JAI,Jaipur,06:10,07:30,07:00,08:23,50,126,189,0.6667,Family,80,83,Delayed,Ground Operations,,1800,226800
FL02386,12-07-2025,IndiGo,6E 497,Airbus A320neo,GOI,Goa,MAA,Chennai,21:56,22:35,23:32,23:53,96,140,180,0.7778,Business,39,21,Delayed,Ground Operations,,3540,495600
FL03013,12-07-2025,SpiceJet,SG 783,Bombardier Q400,PNQ,Pune,GOI,Goa,05:08,05:12,06:15,06:20,67,58,78,0.7436,Business,4,5,On Time,,,1800,104400
FL03136,12-07-2025,SpiceJet,SG 806,Boeing 737-800,MAA,Chennai,BOM,Mumbai,20:15,20:16,22:12,22:12,117,148,189,0.7831,Student,1,0,On Time,,,5300,784400
FL03201,12-07-2025,Akasa Air,QP 946,Boeing 737 MAX 8,DEL,Delhi,HYD,Hyderabad,11:42,12:03,14:05,14:20,143,150,189,0.7937,Senior Citizen,21,15,Delayed,Weather,,6800,1020000
FL03571,12-07-2025,IndiGo,6E 776,Airbus A321neo,PNQ,Pune,BOM,Mumbai,05:57,06:03,06:42,06:55,45,141,220,0.6409,Leisure,6,13,On Time,,,1800,253800
FL00371,13-07-2025,IndiGo,6E 427,Airbus A320neo,BOM,Mumbai,PNQ,Pune,10:05,10:12,10:50,10:58,45,103,180,0.5722,Leisure,7,8,On Time,,,1800,185400
FL00567,13-07-2025,IndiGo,6E 587,Airbus A321neo,PNQ,Pune,CCU,Kolkata,14:59,15:03,17:39,17:46,160,145,220,0.6591,Business,4,7,On Time,,,6790,984550
FL01088,13-07-2025,Air India,AI 545,Airbus A320,BLR,Bengaluru,CCU,Kolkata,22:06,22:08,00:48,00:48,162,93,174,0.5345,Student,2,0,On Time,,,7180,667740
FL01556,13-07-2025,Air India,AI 731,Airbus A321,HYD,Hyderabad,GOI,Goa,15:21,15:28,16:31,16:35,70,97,190,0.5105,Leisure,7,4,On Time,,,2290,222130
FL01953,13-07-2025,IndiGo,6E 909,Airbus A321neo,BOM,Mumbai,MAA,Chennai,18:26,19:35,20:25,21:34,119,196,220,0.8909,Business,69,69,Delayed,Weather,,5930,1162280
FL03268,13-07-2025,Air India,AI 608,Airbus A321,BLR,Bengaluru,DEL,Delhi,21:00,21:05,23:59,00:00,179,120,190,0.6316,Family,5,1,On Time,,,8880,1065600
FL04519,13-07-2025,IndiGo,6E 675,Airbus A321neo,HYD,Hyderabad,BOM,Mumbai,17:23,17:26,18:49,18:51,86,174,220,0.7909,Business,3,2,On Time,,,3630,631620
FL00357,14-07-2025,Air India,AI 211,Airbus A321,COK,Kochi,PNQ,Pune,07:29,07:38,09:24,09:30,115,118,190,0.6211,Family,9,6,On Time,,,5020,592360
FL00911,14-07-2025,Air India Express,IX 359,Boeing 737-8,NAG,Nagpur,CJB,Coimbatore,07:04,07:10,09:06,09:06,122,112,189,0.5926,Family,6,0,On Time,,,4740,530880
FL01087,14-07-2025,Air India Express,IX 403,Boeing 737-800,MAA,Chennai,GAU,Guwahati,14:57,15:19,18:06,18:32,189,75,180,0.4167,Family,22,26,Delayed,Ground Operations,,7010,525750
FL02040,14-07-2025,Air India,AI 936,Airbus A320,NAG,Nagpur,BOM,Mumbai,17:48,20:22,19:12,21:26,84,139,174,0.7989,Business,154,134,Delayed,Ground Operations,,4230,587970
FL02139,14-07-2025,Akasa Air,QP 679,Boeing 737 MAX 8,AMD,Ahmedabad,BLR,Bengaluru,13:06,13:13,15:23,15:29,137,124,189,0.6561,Student,7,6,On Time,,,4780,592720
FL02288,14-07-2025,Akasa Air,QP 720,Boeing 737 MAX 8,BOM,Mumbai,HYD,Hyderabad,07:30,07:35,08:53,09:05,83,133,189,0.7037,Family,5,12,On Time,,,3390,450870
FL02318,14-07-2025,Air India,AI 233,Airbus A320,CJB,Coimbatore,BLR,Bengaluru,13:51,13:59,14:42,14:52,51,150,174,0.8621,Family,8,10,On Time,,,1800,270000
FL02744,14-07-2025,Air India,AI 409,Boeing 787-8,GAU,Guwahati,CCU,Kolkata,15:48,15:50,17:09,17:15,81,149,256,0.582,Senior Citizen,2,6,On Time,,,2370,353130
FL03043,14-07-2025,IndiGo,6E 296,Airbus A320neo,JAI,Jaipur,HYD,Hyderabad,08:20,08:26,10:32,10:38,132,130,180,0.7222,Leisure,6,6,On Time,,,5260,683800
FL04092,14-07-2025,Air India,AI 949,Airbus A320,CCU,Kolkata,GOI,Goa,16:26,19:11,19:22,22:19,176,113,174,0.6494,Student,165,177,Delayed,Weather,,8550,966150
FL00064,15-07-2025,IndiGo,6E 160,ATR 72,BOM,Mumbai,PNQ,Pune,12:42,12:51,13:27,13:41,45,57,70,0.8143,Leisure,9,14,On Time,,,1800,102600
FL01791,15-07-2025,Air India Express,IX 597,Boeing 737-8,HYD,Hyderabad,GOI,Goa,11:02,12:33,12:22,14:03,80,153,189,0.8095,Leisure,91,101,Delayed,Late Arrival of Aircraft,,2540,388620
FL02423,15-07-2025,Air India,AI 278,Boeing 787-8,BLR,Bengaluru,GAU,Guwahati,18:19,19:01,21:51,22:38,212,171,256,0.668,Business,42,47,Delayed,Crew,,10280,1757880
FL03520,15-07-2025,Air India,AI 703,Airbus A321,BOM,Mumbai,BLR,Bengaluru,21:04,21:13,22:51,23:04,107,151,190,0.7947,Leisure,9,13,On Time,,,4140,625140
FL03581,15-07-2025,IndiGo,6E 780,ATR 72,COK,Kochi,MAA,Chennai,19:48,19:53,21:01,21:04,73,43,70,0.6143,Leisure,5,3,On Time,,,2250,96750
FL02143,16-07-2025,Akasa Air,QP 684,Boeing 737 MAX 8,GOI,Goa,BOM,Mumbai,14:49,14:51,15:56,15:56,67,110,189,0.582,Leisure,2,0,On Time,,,2030,223300
FL04347,16-07-2025,IndiGo,6E 541,Airbus A320neo,HYD,Hyderabad,CJB,Coimbatore,15:07,18:07,16:36,19:24,89,126,180,0.7,Student,180,168,Delayed,Late Arrival of Aircraft,,2570,323820
FL02591,17-07-2025,Air India Express,IX 826,Boeing 737-8,HYD,Hyderabad,AMD,Ahmedabad,14:48,14:51,16:39,16:44,111,142,189,0.7513,Family,3,5,On Time,,,3440,488480
FL02849,17-07-2025,IndiGo,6E 916,Airbus A321neo,BLR,Bengaluru,HYD,Hyderabad,07:09,07:10,08:21,08:25,72,169,220,0.7682,Leisure,1,4,On Time,,,2140,361660
FL04115,17-07-2025,IndiGo,6E 363,ATR 72,MAA,Chennai,BLR,Bengaluru,12:59,14:01,13:51,14:55,52,49,70,0.7,Leisure,62,64,Delayed,Crew,,1800,88200
FL00160,18-07-2025,Air India Express,IX 154,Boeing 737-8,HYD,Hyderabad,DEL,Delhi,21:05,21:11,23:24,23:31,139,139,189,0.7354,Leisure,6,7,On Time,,,6380,886820
FL00574,18-07-2025,IndiGo,6E 589,ATR 72,LKO,Lucknow,DEL,Delhi,10:07,10:14,11:11,11:23,64,57,70,0.8143,Family,7,12,On Time,,,2290,130530
FL01839,18-07-2025,Air India Express,IX 620,Boeing 737-8,CJB,Coimbatore,MAA,Chennai,13:43,13:49,14:48,14:55,65,111,189,0.5873,Leisure,6,7,On Time,,,1800,199800
FL03821,18-07-2025,SpiceJet,SG 965,Boeing 737-800,HYD,Hyderabad,JAI,Jaipur,08:43,08:50,10:52,11:00,129,117,189,0.619,Family,7,8,On Time,,,5050,590850
FL04586,18-07-2025,IndiGo,6E 739,ATR 72,JAI,Jaipur,GOI,Goa,11:08,,13:29,,141,0,70,0,Leisure,0,0,Cancelled,,Weather,5840,0
FL01461,19-07-2025,Air India,AI 691,Airbus A321,BLR,Bengaluru,MAA,Chennai,12:53,12:54,13:50,13:55,57,132,190,0.6947,Business,1,5,On Time,,,1800,237600
FL01716,19-07-2025,Akasa Air,QP 567,Boeing 737 MAX 8,JAI,Jaipur,HYD,Hyderabad,12:29,12:37,14:29,14:41,120,145,189,0.7672,Business,8,12,On Time,,,5670,822150
FL02149,19-07-2025,IndiGo,6E 285,Airbus A321neo,AMD,Ahmedabad,CCU,Kolkata,06:59,06:59,09:47,09:48,168,179,220,0.8136,Student,0,1,On Time,,,8420,1507180
FL02153,19-07-2025,Akasa Air,QP 688,Boeing 737 MAX 8,CJB,Coimbatore,NAG,Nagpur,15:10,15:15,17:14,17:16,124,163,189,0.8624,Leisure,5,2,On Time,,,6110,995930
FL02800,19-07-2025,Air India Express,IX 895,Boeing 737-800,BLR,Bengaluru,GOI,Goa,12:48,12:57,13:59,14:13,71,130,180,0.7222,Family,9,14,On Time,,,2020,262600
FL04113,19-07-2025,Air India,AI 956,Boeing 787-8,MAA,Chennai,CJB,Coimbatore,05:23,,06:24,,61,0,256,0,Business,0,0,Cancelled,,Crew Availability,2050,0
FL04500,19-07-2025,SpiceJet,SG 348,Boeing 737-800,BLR,Bengaluru,HYD,Hyderabad,05:27,05:31,06:37,06:39,70,165,189,0.873,Business,4,2,On Time,,,2290,377850
FL04531,19-07-2025,IndiGo,6E 689,Airbus A321neo,CCU,Kolkata,GOI,Goa,12:55,13:01,15:53,15:59,178,162,220,0.7364,Leisure,6,6,On Time,,,9730,1576260
FL04557,19-07-2025,IndiGo,6E 711,ATR 72,HYD,Hyderabad,PNQ,Pune,18:56,18:57,20:01,20:01,65,56,70,0.8,Leisure,1,0,On Time,,,2650,148400
FL00185,20-07-2025,IndiGo,6E 273,Airbus A321neo,DEL,Delhi,AMD,Ahmedabad,06:56,,08:29,,93,0,220,0,Business,0,0,Cancelled,,Weather,3710,0
FL00432,20-07-2025,Air India Express,IX 240,Boeing 737-800,MAA,Chennai,HYD,Hyderabad,07:52,07:52,08:55,08:55,63,147,180,0.8167,Student,0,0,On Time,,,2830,416010
FL00529,20-07-2025,IndiGo,6E 560,Airbus A320neo,NAG,Nagpur,GOI,Goa,06:39,06:43,08:17,08:29,98,138,180,0.7667,Business,4,12,On Time,,,4570,630660
FL01613,20-07-2025,IndiGo,6E 647,ATR 72,CCU,Kolkata,BOM,Mumbai,11:51,11:52,14:40,14:44,169,51,70,0.7286,Business,1,4,On Time,,,6880,350880
FL02252,20-07-2025,IndiGo,6E 370,Airbus A320neo,CCU,Kolkata,BLR,Bengaluru,06:35,06:43,09:11,09:23,156,125,180,0.6944,Leisure,8,12,On Time,,,7750,968750
FL00779,21-07-2025,Air India Express,IX 318,Boeing 737-8,AMD,Ahmedabad,MAA,Chennai,18:58,21:12,21:29,23:56,151,161,189,0.8519,Family,134,147,Delayed,Technical Issue,,6510,1048110
FL00935,21-07-2025,IndiGo,6E 854,ATR 72,BLR,Bengaluru,GOI,Goa,22:21,23:24,23:32,00:32,71,50,70,0.7143,Leisure,63,60,Delayed,Ground Operations,,2280,114000
FL02487,21-07-2025,IndiGo,6E 585,Airbus A320neo,BLR,Bengaluru,AMD,Ahmedabad,18:30,21:26,20:44,23:38,134,160,180,0.8889,Family,176,174,Delayed,Weather,,6190,990400
FL02614,21-07-2025,Air India Express,IX 842,Boeing 737-800,MAA,Chennai,BOM,Mumbai,08:09,11:08,10:05,12:44,116,139,180,0.7722,Student,179,159,Delayed,Ground Operations,,4190,582410
FL04234,21-07-2025,IndiGo,6E 451,Airbus A320neo,GAU,Guwahati,CCU,Kolkata,10:19,11:56,11:30,13:08,71,148,180,0.8222,Student,97,98,Delayed,Late Arrival of Aircraft,,2330,344840
FL04523,21-07-2025,IndiGo,6E 682,Airbus A320neo,DEL,Delhi,MAA,Chennai,11:09,13:38,14:05,16:34,176,143,180,0.7944,Business,149,149,Delayed,Weather,,8360,1195480
FL00001,22-07-2025,Air India Express,IX 103,Boeing 737-8,BLR,Bengaluru,HYD,Hyderabad,06:47,06:52,07:58,07:59,71,146,189,0.7725,Senior Citizen,5,1,On Time,,,1970,287620
FL00367,22-07-2025,Akasa Air,QP 181,Boeing 737 MAX 8,MAA,Chennai,BLR,Bengaluru,05:29,07:59,06:26,08:48,57,137,189,0.7249,Family,150,142,Delayed,Air Traffic,,1800,246600
FL00639,22-07-2025,Air India,AI 349,Boeing 787-8,DEL,Delhi,PNQ,Pune,09:03,09:09,11:17,11:18,134,190,256,0.7422,Business,6,1,On Time,,,6550,1244500
FL01106,22-07-2025,IndiGo,6E 973,Airbus A321neo,CJB,Coimbatore,BOM,Mumbai,14:35,14:40,16:28,16:38,113,213,220,0.9682,Leisure,5,10,On Time,,,6060,1290780
FL01772,22-07-2025,Air India,AI 832,Airbus A321,COK,Kochi,HYD,Hyderabad,07:01,07:03,08:40,08:46,99,114,190,0.6,Family,2,6,On Time,,,3800,433200
FL02138,22-07-2025,Akasa Air,QP 676,Boeing 737 MAX 8,BLR,Bengaluru,MAA,Chennai,05:51,05:58,06:50,06:57,59,155,189,0.8201,Student,7,7,On Time,,,1800,279000
FL03006,22-07-2025,Air India,AI 503,Boeing 787-8,AMD,Ahmedabad,BOM,Mumbai,20:43,20:51,21:51,21:55,68,161,256,0.6289,Leisure,8,4,On Time,,,2240,360640
FL03349,22-07-2025,Air India,AI 643,Boeing 787-8,DEL,Delhi,HYD,Hyderabad,22:12,22:19,00:28,00:30,136,238,256,0.9297,Student,7,2,On Time,,,7780,1851640
FL01160,23-07-2025,IndiGo,6E 230,ATR 72,NAG,Nagpur,BLR,Bengaluru,08:00,,09:46,,106,0,70,0,Family,0,0,Cancelled,,Weather,4260,0
FL01331,23-07-2025,Air India,AI 640,Boeing 787-8,MAA,Chennai,HYD,Hyderabad,09:23,09:31,10:36,10:42,73,159,256,0.6211,Leisure,8,6,On Time,,,2330,370470
FL04416,23-07-2025,Air India,AI 298,Airbus A321,COK,Kochi,BOM,Mumbai,20:26,21:13,22:25,23:02,119,123,190,0.6474,Leisure,47,37,Delayed,Air Traffic,,5020,617460
FL04700,23-07-2025,Air India,AI 390,Airbus A320,BLR,Bengaluru,HYD,Hyderabad,17:06,17:12,18:21,18:21,75,101,174,0.5805,Business,6,0,On Time,,,2350,237350
FL04850,23-07-2025,IndiGo,6E 941,Airbus A321neo,DEL,Delhi,CCU,Kolkata,15:20,15:23,17:35,17:38,135,133,220,0.6045,Student,3,3,On Time,,,5110,679630
FL04864,23-07-2025,IndiGo,6E 952,Airbus A321neo,NAG,Nagpur,DEL,Delhi,07:45,07:54,09:27,09:38,102,154,220,0.7,Leisure,9,11,On Time,,,4110,632940
FL00418,24-07-2025,IndiGo,6E 470,Airbus A321neo,NAG,Nagpur,GAU,Guwahati,22:08,23:09,00:33,01:21,145,166,220,0.7545,Family,61,48,Delayed,Late Arrival of Aircraft,,6770,1123820
FL01612,24-07-2025,Air India,AI 758,Airbus A321,BLR,Bengaluru,PNQ,Pune,13:57,16:37,15:35,18:07,98,159,190,0.8368,Leisure,160,152,Delayed,Weather,,3530,561270
FL01933,24-07-2025,IndiGo,6E 896,Airbus A320neo,COK,Kochi,BLR,Bengaluru,17:09,19:12,18:09,20:18,60,90,180,0.5,Leisure,123,129,Delayed,Crew,,1800,162000
FL02952,24-07-2025,IndiGo,6E 206,Airbus A321neo,COK,Kochi,NAG,Nagpur,06:15,06:23,08:20,08:28,125,127,220,0.5773,Senior Citizen,8,8,On Time,,,5340,678180
FL04487,24-07-2025,IndiGo,6E 659,Airbus A321neo,PNQ,Pune,BLR,Bengaluru,20:06,22:18,21:45,23:51,99,145,220,0.6591,Leisure,132,126,Delayed,Air Traffic,,3040,440800
FL00201,25-07-2025,Air India Express,IX 166,Boeing 737-800,BLR,Bengaluru,PNQ,Pune,11:53,14:51,13:22,16:17,89,125,180,0.6944,Leisure,178,175,Delayed,Air Traffic,,3360,420000
FL00621,25-07-2025,Air India,AI 338,Boeing 787-8,MAA,Chennai,HYD,Hyderabad,17:29,19:18,18:41,20:47,72,219,256,0.8555,Business,109,126,Delayed,Late Arrival of Aircraft,,3550,777450
FL00957,25-07-2025,SpiceJet,SG 354,Bombardier Q400,CCU,Kolkata,LKO,Lucknow,14:01,14:09,15:54,16:05,113,54,78,0.6923,Leisure,8,11,On Time,,,3840,207360
FL01048,25-07-2025,Air India,AI 538,Airbus A321,BOM,Mumbai,BLR,Bengaluru,07:44,07:47,09:24,09:28,100,149,190,0.7842,Leisure,3,4,On Time,,,4680,697320
FL03139,25-07-2025,IndiGo,6E 380,ATR 72,GOI,Goa,BOM,Mumbai,16:26,16:30,17:36,17:37,70,55,70,0.7857,Leisure,4,1,On Time,,,2390,131450
FL00025,26-07-2025,IndiGo,6E 132,Airbus A320neo,PNQ,Pune,BOM,Mumbai,15:52,18:35,16:37,19:16,45,131,180,0.7278,Leisure,163,159,Delayed,Air Traffic,,1800,235800
FL00105,26-07-2025,Air India Express,IX 146,Boeing 737-800,JAI,Jaipur,DEL,Delhi,21:26,21:32,22:20,22:22,54,129,180,0.7167,Leisure,6,2,On Time,,,1800,232200
FL00299,26-07-2025,Air India,AI 181,Airbus A321,BLR,Bengaluru,AMD,Ahmedabad,09:56,10:05,12:21,12:30,145,135,190,0.7105,Business,9,9,On Time,,,6630,895050
FL00301,26-07-2025,IndiGo,6E 381,Airbus A320neo,CCU,Kolkata,CJB,Coimbatore,08:45,08:45,11:48,11:52,183,136,180,0.7556,Family,0,4,On Time,,,7560,1028160
FL01740,26-07-2025,Air India Express,IX 578,Boeing 737-8,HYD,Hyderabad,MAA,Chennai,09:37,11:19,10:38,12:15,61,148,189,0.7831,Family,102,97,Delayed,Weather,,2300,340400
FL03589,26-07-2025,Air India Express,IX 293,Boeing 737-8,MAA,Chennai,JAI,Jaipur,10:57,10:57,13:44,13:49,167,91,189,0.4815,Leisure,0,5,On Time,,,7090,645190
FL03798,26-07-2025,IndiGo,6E 947,Airbus A320neo,COK,Kochi,AMD,Ahmedabad,07:51,09:35,10:31,12:13,160,113,180,0.6278,Senior Citizen,104,102,Delayed,Technical Issue,,7610,859930
FL04400,26-07-2025,Air India Express,IX 510,Boeing 737-800,PNQ,Pune,COK,Kochi,15:56,16:11,17:50,18:18,114,131,180,0.7278,Leisure,15,28,Delayed,Security,,5260,689060
FL04743,26-07-2025,Akasa Air,QP 520,Boeing 737 MAX 8,COK,Kochi,HYD,Hyderabad,09:05,09:11,10:54,11:01,109,153,189,0.8095,Senior Citizen,6,7,On Time,,,4420,676260
FL00056,27-07-2025,IndiGo,6E 152,ATR 72,BLR,Bengaluru,GOI,Goa,09:20,09:28,10:35,10:47,75,54,70,0.7714,Family,8,12,On Time,,,2460,132840
FL00383,27-07-2025,IndiGo,6E 438,Airbus A321neo,GOI,Goa,HYD,Hyderabad,13:18,16:02,14:29,17:19,71,137,220,0.6227,Student,164,170,Delayed,Weather,,2460,337020
FL00749,27-07-2025,Air India,AI 404,Boeing 787-8,CJB,Coimbatore,BLR,Bengaluru,06:17,06:24,07:10,07:19,53,183,256,0.7148,Leisure,7,9,On Time,,,1800,329400
FL01429,27-07-2025,IndiGo,6E 471,Airbus A321neo,MAA,Chennai,PNQ,Pune,05:42,05:45,07:27,07:36,105,179,220,0.8136,Student,3,9,On Time,,,5310,950490
FL01675,27-07-2025,IndiGo,6E 690,Airbus A321neo,PNQ,Pune,LKO,Lucknow,16:42,17:54,18:48,19:58,126,184,220,0.8364,Leisure,72,70,Delayed,Air Traffic,,6320,1162880
FL03084,27-07-2025,Air India Express,IX 969,Boeing 737-800,COK,Kochi,HYD,Hyderabad,20:45,20:52,22:27,22:32,102,146,180,0.8111,Family,7,5,On Time,,,3880,566480
FL00403,28-07-2025,Air India,AI 238,Boeing 787-8,HYD,Hyderabad,JAI,Jaipur,09:07,09:10,11:19,11:19,132,209,256,0.8164,Leisure,3,0,On Time,,,5860,1224740
FL00606,28-07-2025,IndiGo,6E 605,Airbus A321neo,COK,Kochi,DEL,Delhi,06:35,06:37,09:52,10:00,197,150,220,0.6818,Leisure,2,8,On Time,,,9740,1461000
FL01494,28-07-2025,IndiGo,6E 539,ATR 72,BOM,Mumbai,AMD,Ahmedabad,06:15,06:23,07:25,07:34,70,50,70,0.7143,Leisure,8,9,On Time,,,2120,106000
FL02537,28-07-2025,IndiGo,6E 636,Airbus A321neo,CCU,Kolkata,DEL,Delhi,15:53,17:24,18:22,19:29,149,152,220,0.6909,Senior Citizen,91,67,Delayed,Weather,,6800,1033600
FL00139,29-07-2025,IndiGo,6E 229,Airbus A321neo,BLR,Bengaluru,MAA,Chennai,12:37,12:42,13:34,13:41,57,158,220,0.7182,Family,5,7,On Time,,,1800,284400
FL00345,29-07-2025,IndiGo,6E 412,Airbus A321neo,HYD,Hyderabad,DEL,Delhi,15:56,16:04,18:13,18:14,137,154,220,0.7,Business,8,1,On Time,,,6200,954800
FL00863,29-07-2025,IndiGo,6E 802,Airbus A320neo,PNQ,Pune,HYD,Hyderabad,20:16,20:25,21:23,21:33,67,117,180,0.65,Family,9,10,On Time,,,2320,271440
FL01537,29-07-2025,Air India,AI 722,Boeing 787-8,BOM,Mumbai,MAA,Chennai,10:24,10:31,12:23,12:23,119,160,256,0.625,Leisure,7,0,On Time,,,4080,652800
FL01663,29-07-2025,IndiGo,6E 686,Airbus A320neo,BOM,Mumbai,COK,Kochi,13:27,14:23,15:23,16:12,116,160,180,0.8889,Leisure,56,49,Delayed,Weather,,5530,884800
FL02036,29-07-2025,Akasa Air,QP 655,Boeing 737 MAX 8,PNQ,Pune,BOM,Mumbai,15:12,15:15,16:03,16:08,51,96,189,0.5079,Student,3,5,On Time,,,1800,172800
FL02746,29-07-2025,IndiGo,6E 823,Airbus A320neo,COK,Kochi,HYD,Hyderabad,14:08,14:12,15:35,15:35,87,140,180,0.7778,Student,4,0,On Time,,,4080,571200
FL03054,29-07-2025,IndiGo,6E 300,Airbus A320neo,AMD,Ahmedabad,BOM,Mumbai,21:07,21:11,22:18,22:20,71,102,180,0.5667,Leisure,4,2,On Time,,,1860,189720
FL03456,29-07-2025,Air India,AI 679,Boeing 787-8,DEL,Delhi,GAU,Guwahati,05:00,05:19,07:35,07:47,155,116,256,0.4531,Senior Citizen,19,12,Delayed,Weather,,5510,639160
FL04241,29-07-2025,IndiGo,6E 457,Airbus A320neo,HYD,Hyderabad,DEL,Delhi,09:01,09:02,11:14,11:15,133,141,180,0.7833,Business,1,1,On Time,,,6680,941880
FL04948,29-07-2025,Air India,AI 511,Airbus A320,BLR,Bengaluru,CCU,Kolkata,18:08,18:14,20:48,20:58,160,99,174,0.569,Business,6,10,On Time,,,7800,772200
FL00080,30-07-2025,Air India Express,IX 135,Boeing 737-800,AMD,Ahmedabad,HYD,Hyderabad,16:01,16:01,17:54,17:54,113,123,180,0.6833,Senior Citizen,0,0,On Time,,,3840,472320
FL00459,30-07-2025,IndiGo,6E 510,Airbus A321neo,BLR,Bengaluru,DEL,Delhi,09:57,10:06,12:48,12:56,171,184,220,0.8364,Student,9,8,On Time,,,8600,1582400
FL00708,30-07-2025,Air India,AI 381,Airbus A320,JAI,Jaipur,HYD,Hyderabad,21:14,22:22,23:20,00:14,126,107,174,0.6149,Leisure,68,54,Delayed,Weather,,5310,568170
FL00238,31-07-2025,IndiGo,6E 315,ATR 72,BOM,Mumbai,HYD,Hyderabad,09:11,09:13,10:40,10:40,89,67,70,0.9571,Business,2,0,On Time,,,3360,225120
FL02181,31-07-2025,IndiGo,6E 314,Airbus A321neo,BLR,Bengaluru,PNQ,Pune,21:36,21:45,23:04,23:11,88,150,220,0.6818,Leisure,9,7,On Time,,,3020,453000
FL02727,31-07-2025,Akasa Air,QP 815,Boeing 737 MAX 8,BOM,Mumbai,HYD,Hyderabad,15:45,17:49,17:11,19:28,86,124,189,0.6561,Leisure,124,137,Delayed,Late Arrival of Aircraft,,3040,376960
FL00008,01-08-2025,SpiceJet,SG 103,Bombardier Q400,PNQ,Pune,HYD,Hyderabad,19:05,19:06,20:21,20:21,76,45,78,0.5769,Family,1,0,On Time,,,2210,99450
FL01324,01-08-2025,Akasa Air,QP 456,Boeing 737 MAX 8,BOM,Mumbai,HYD,Hyderabad,18:04,18:49,19:28,19:58,84,175,189,0.9259,Leisure,45,30,Delayed,Crew,,3210,561750
FL03418,01-08-2025,IndiGo,6E 629,Airbus A321neo,JAI,Jaipur,LKO,Lucknow,05:06,05:13,06:20,06:27,74,149,220,0.6773,Leisure,7,7,On Time,,,2540,378460
FL04829,01-08-2025,Air India,AI 447,Airbus A320,MAA,Chennai,COK,Kochi,15:41,15:48,16:47,16:55,66,139,174,0.7989,Family,7,8,On Time,,,3030,421170
FL00053,02-08-2025,Air India Express,IX 126,Boeing 737-800,COK,Kochi,DEL,Delhi,05:56,06:48,09:19,10:10,203,119,180,0.6611,Leisure,52,51,Delayed,Crew,,9230,1098370
FL00495,02-08-2025,SpiceJet,SG 239,Boeing 737-800,JAI,Jaipur,CJB,Coimbatore,22:25,00:50,01:25,03:57,180,157,189,0.8307,Senior Citizen,145,152,Delayed,Weather,,10050,1577850
FL00715,02-08-2025,Air India,AI 387,Boeing 787-8,BOM,Mumbai,BLR,Bengaluru,20:23,,21:57,,94,0,256,0,Student,0,0,Cancelled,,Weather,4730,0
FL01142,02-08-2025,IndiGo,6E 207,Airbus A321neo,BOM,Mumbai,AMD,Ahmedabad,14:14,14:20,15:26,15:40,72,178,220,0.8091,Business,6,14,On Time,,,2340,416520
FL01691,02-08-2025,IndiGo,6E 704,Airbus A320neo,MAA,Chennai,CCU,Kolkata,17:25,17:28,19:38,19:38,133,144,180,0.8,Business,3,0,On Time,,,7250,1044000
FL01711,02-08-2025,Air India,AI 806,Airbus A321,BOM,Mumbai,AMD,Ahmedabad,17:37,17:39,18:38,18:38,61,136,190,0.7158,Leisure,2,0,On Time,,,2040,277440
FL02042,02-08-2025,Akasa Air,QP 656,Boeing 737 MAX 8,BLR,Bengaluru,BOM,Mumbai,12:52,15:37,14:43,17:30,111,128,189,0.6772,Family,165,167,Delayed,Technical Issue,,4520,578560
FL02841,02-08-2025,Air India,AI 440,Boeing 787-8,LKO,Lucknow,HYD,Hyderabad,15:50,16:57,17:57,19:05,127,147,256,0.5742,Student,67,68,Delayed,Air Traffic,,6010,883470
FL04318,02-08-2025,Air India Express,IX 493,Boeing 737-8,HYD,Hyderabad,MAA,Chennai,22:25,23:56,23:33,01:02,68,169,189,0.8942,Student,91,89,Delayed,Crew,,2280,385320
FL04933,02-08-2025,Akasa Air,QP 585,Boeing 737 MAX 8,MAA,Chennai,CJB,Coimbatore,07:39,07:46,08:40,08:42,61,133,189,0.7037,Family,7,2,On Time,,,1880,250040
FL03462,03-08-2025,Air India,AI 682,Boeing 787-8,PNQ,Pune,MAA,Chennai,20:51,20:55,22:39,22:49,108,195,256,0.7617,Leisure,4,10,On Time,,,5640,1099800
FL04066,03-08-2025,Air India,AI 933,Airbus A320,COK,Kochi,AMD,Ahmedabad,16:21,16:27,19:10,19:16,169,168,174,0.9655,Family,6,6,On Time,,,9080,1525440
FL04175,03-08-2025,IndiGo,6E 401,Airbus A320neo,GAU,Guwahati,BLR,Bengaluru,20:49,20:54,00:15,00:22,206,109,180,0.6056,Leisure,5,7,On Time,,,9720,1059480
FL02454,04-08-2025,Air India Express,IX 784,Boeing 737-800,COK,Kochi,GOI,Goa,16:26,16:31,18:04,18:05,98,107,180,0.5944,Business,5,1,On Time,,,3030,324210
FL03031,04-08-2025,IndiGo,6E 283,Airbus A321neo,COK,Kochi,MAA,Chennai,10:40,10:46,11:55,12:01,75,181,220,0.8227,Senior Citizen,6,6,On Time,,,2550,461550
FL03213,04-08-2025,Air India,AI 585,Boeing 787-8,PNQ,Pune,COK,Kochi,10:58,11:03,12:44,12:52,106,179,256,0.6992,Leisure,5,8,On Time,,,4680,837720
FL03675,04-08-2025,Air India,AI 763,Airbus A320,BOM,Mumbai,MAA,Chennai,15:24,15:25,17:26,17:26,122,123,174,0.7069,Leisure,1,0,On Time,,,5830,717090
FL03766,04-08-2025,Air India Express,IX 345,Boeing 737-800,MAA,Chennai,BLR,Bengaluru,11:34,11:35,12:24,12:31,50,118,180,0.6556,Business,1,7,On Time,,,1800,212400
FL04483,04-08-2025,Akasa Air,QP 462,Boeing 737 MAX 8,CJB,Coimbatore,NAG,Nagpur,05:23,05:27,07:35,07:40,132,130,189,0.6878,Leisure,4,5,On Time,,,5160,670800
FL04582,04-08-2025,IndiGo,6E 736,Airbus A321neo,DEL,Delhi,GOI,Goa,21:48,21:51,00:21,00:24,153,154,220,0.7,Student,3,3,On Time,,,5840,899360
FL01118,05-08-2025,IndiGo,6E 984,ATR 72,BOM,Mumbai,CCU,Kolkata,12:21,13:07,15:11,15:46,170,42,70,0.6,Business,46,35,Delayed,Weather,,7830,328860
FL01565,05-08-2025,IndiGo,6E 596,ATR 72,MAA,Chennai,HYD,Hyderabad,18:44,21:18,19:55,22:51,71,52,70,0.7429,Leisure,154,176,Delayed,Technical Issue,,2270,118040
FL02991,05-08-2025,Air India,AI 494,Airbus A320,COK,Kochi,BOM,Mumbai,08:29,08:30,10:29,10:33,120,109,174,0.6264,Leisure,1,4,On Time,,,5440,592960
FL03460,05-08-2025,Air India,AI 681,Airbus A320,CCU,Kolkata,NAG,Nagpur,11:45,11:54,13:41,13:55,116,118,174,0.6782,Family,9,14,On Time,,,5450,643100
FL00707,06-08-2025,SpiceJet,SG 285,Bombardier Q400,GAU,Guwahati,HYD,Hyderabad,18:20,19:50,21:13,22:52,173,59,78,0.7564,Business,90,99,Delayed,Weather,,7640,450760
FL01577,06-08-2025,IndiGo,6E 601,ATR 72,MAA,Chennai,HYD,Hyderabad,10:52,10:55,12:09,12:09,77,60,70,0.8571,Student,3,0,On Time,,,2560,153600
FL02402,06-08-2025,Akasa Air,QP 744,Boeing 737 MAX 8,BLR,Bengaluru,PNQ,Pune,08:50,08:51,10:19,10:24,89,134,189,0.709,Family,1,5,On Time,,,2840,380560
FL03582,06-08-2025,IndiGo,6E 782,Airbus A320neo,HYD,Hyderabad,PNQ,Pune,09:25,09:48,10:40,10:40,75,116,180,0.6444,Leisure,23,0,Delayed,Late Arrival of Aircraft,,2270,263320
FL03775,06-08-2025,Akasa Air,QP 270,Boeing 737 MAX 8,PNQ,Pune,GOI,Goa,13:48,13:53,14:53,14:53,65,145,189,0.7672,Student,5,0,On Time,,,1800,261000
FL04900,06-08-2025,Air India,AI 486,Airbus A320,GAU,Guwahati,NAG,Nagpur,14:03,14:06,16:39,16:44,156,143,174,0.8218,Student,3,5,On Time,,,7870,1125410
FL00627,07-08-2025,IndiGo,6E 616,Airbus A320neo,AMD,Ahmedabad,PNQ,Pune,15:12,15:21,16:28,16:39,76,107,180,0.5944,Business,9,11,On Time,,,2520,269640
FL00993,07-08-2025,Air India,AI 512,Airbus A321,CJB,Coimbatore,DEL,Delhi,21:36,21:40,00:57,00:59,201,112,190,0.5895,Business,4,2,On Time,,,8210,919520
FL02258,07-08-2025,IndiGo,6E 376,Airbus A320neo,GAU,Guwahati,MAA,Chennai,16:28,16:49,19:45,20:12,197,146,180,0.8111,Leisure,21,27,Delayed,Crew,,9690,1414740
FL03466,07-08-2025,IndiGo,6E 672,Airbus A320neo,CCU,Kolkata,DEL,Delhi,14:48,14:49,17:05,17:05,137,127,180,0.7056,Business,1,0,On Time,,,6130,778510
FL04269,07-08-2025,Air India Express,IX 477,Boeing 737-800,GAU,Guwahati,MAA,Chennai,17:16,17:23,20:29,20:43,193,125,180,0.6944,Family,7,14,On Time,,,9570,1196250
FL04711,07-08-2025,IndiGo,6E 825,ATR 72,GOI,Goa,AMD,Ahmedabad,19:31,21:50,21:17,23:44,106,51,70,0.7286,Business,139,147,Delayed,Air Traffic,,4470,227970
FL00346,08-08-2025,Akasa Air,QP 175,Boeing 737 MAX 8,DEL,Delhi,JAI,Jaipur,14:39,14:47,15:33,15:35,54,136,189,0.7196,Family,8,2,On Time,,,1800,244800
FL00990,08-08-2025,SpiceJet,SG 370,Boeing 737-800,MAA,Chennai,GOI,Goa,18:41,21:10,20:07,22:40,86,149,189,0.7884,Student,149,153,Delayed,Crew,,3450,514050
FL01351,08-08-2025,IndiGo,6E 412,Airbus A321neo,GOI,Goa,BLR,Bengaluru,16:49,16:54,17:58,18:04,69,163,220,0.7409,Family,5,6,On Time,,,2460,400980
FL01698,08-08-2025,Air India,AI 798,Airbus A320,BOM,Mumbai,MAA,Chennai,10:01,10:06,12:06,12:14,125,118,174,0.6782,Business,5,8,On Time,,,5420,639560
FL03536,08-08-2025,Air India,AI 715,Airbus A320,BLR,Bengaluru,MAA,Chennai,18:50,18:54,19:35,19:40,45,139,174,0.7989,Leisure,4,5,On Time,,,1800,250200
FL03839,08-08-2025,Air India,AI 841,Airbus A321,BOM,Mumbai,JAI,Jaipur,09:48,09:53,11:32,11:32,104,157,190,0.8263,Family,5,0,On Time,,,5790,909030
FL00242,09-08-2025,IndiGo,6E 322,Airbus A320neo,BLR,Bengaluru,CJB,Coimbatore,05:11,05:20,06:05,06:19,54,149,180,0.8278,Business,9,14,On Time,,,1800,268200
FL00842,09-08-2025,Air India Express,IX 340,Boeing 737-800,HYD,Hyderabad,MAA,Chennai,08:50,10:40,10:00,11:53,70,134,180,0.7444,Student,110,113,Delayed,Technical Issue,,2390,320260
FL01416,09-08-2025,Air India Express,IX 488,Boeing 737-8,BOM,Mumbai,AMD,Ahmedabad,15:16,16:35,16:16,17:36,60,161,189,0.8519,Leisure,79,80,Delayed,Other,,2340,376740
FL01648,09-08-2025,IndiGo,6E 673,ATR 72,DEL,Delhi,HYD,Hyderabad,15:36,15:36,17:57,17:59,141,59,70,0.8429,Senior Citizen,0,2,On Time,,,6210,366390
FL01782,09-08-2025,Air India,AI 835,Airbus A321,HYD,Hyderabad,JAI,Jaipur,14:47,16:15,16:51,18:48,124,137,190,0.7211,Leisure,88,117,Delayed,Late Arrival of Aircraft,,6710,919270
FL02356,09-08-2025,Air India,AI 254,Airbus A320,HYD,Hyderabad,JAI,Jaipur,10:25,12:33,12:32,15:05,127,122,174,0.7011,Family,128,153,Delayed,Late Arrival of Aircraft,,5480,668560
FL03347,09-08-2025,Akasa Air,QP 965,Boeing 737 MAX 8,PNQ,Pune,BOM,Mumbai,09:15,09:19,10:00,10:05,45,160,189,0.8466,Student,4,5,On Time,,,1800,288000
FL03739,09-08-2025,SpiceJet,SG 949,Bombardier Q400,GOI,Goa,HYD,Hyderabad,14:33,16:04,15:38,17:00,65,58,78,0.7436,Senior Citizen,91,82,Delayed,Weather,,2400,139200
FL04025,09-08-2025,Air India,AI 917,Airbus A320,AMD,Ahmedabad,MAA,Chennai,13:58,16:30,16:15,18:53,137,137,174,0.7874,Leisure,152,158,Delayed,Air Traffic,,7740,1060380
FL04140,09-08-2025,Akasa Air,QP 374,Boeing 737 MAX 8,BOM,Mumbai,PNQ,Pune,16:04,16:07,16:49,16:51,45,134,189,0.709,Business,3,2,On Time,,,1800,241200
FL00868,10-08-2025,IndiGo,6E 809,Airbus A320neo,AMD,Ahmedabad,HYD,Hyderabad,05:13,,06:59,,106,0,180,0,Leisure,0,0,Cancelled,,Weather,3910,0
FL01103,10-08-2025,Air India Express,IX 410,Boeing 737-8,JAI,Jaipur,MAA,Chennai,12:48,12:48,15:22,15:23,154,116,189,0.6138,Senior Citizen,0,1,On Time,,,7020,814320
FL02756,10-08-2025,Akasa Air,QP 823,Boeing 737 MAX 8,GAU,Guwahati,MAA,Chennai,21:12,21:13,00:20,00:20,188,152,189,0.8042,Leisure,1,0,On Time,,,9850,1497200
FL02961,10-08-2025,IndiGo,6E 217,Airbus A320neo,BOM,Mumbai,PNQ,Pune,21:05,21:14,21:50,21:54,45,106,180,0.5889,Family,9,4,On Time,,,1800,190800
FL03810,10-08-2025,SpiceJet,SG 960,Bombardier Q400,LKO,Lucknow,CCU,Kolkata,12:33,12:39,14:23,14:30,110,60,78,0.7692,Leisure,6,7,On Time,,,4120,247200
FL04122,10-08-2025,IndiGo,6E 371,Airbus A321neo,NAG,Nagpur,GAU,Guwahati,15:24,15:27,18:00,18:05,156,161,220,0.7318,Student,3,5,On Time,,,7550,1215550
FL04312,10-08-2025,IndiGo,6E 513,Airbus A320neo,COK,Kochi,BOM,Mumbai,11:30,11:33,13:37,13:44,127,142,180,0.7889,Family,3,7,On Time,,,5120,727040
FL04401,10-08-2025,IndiGo,6E 581,Airbus A321neo,PNQ,Pune,COK,Kochi,08:17,09:20,10:16,11:27,119,181,220,0.8227,Business,63,71,Delayed,Weather,,4380,792780
FL00358,11-08-2025,Air India Express,IX 212,Boeing 737-8,MAA,Chennai,BOM,Mumbai,07:12,07:19,09:08,09:16,116,129,189,0.6825,Business,7,8,On Time,,,4960,639840
FL00789,11-08-2025,IndiGo,6E 737,Airbus A320neo,GOI,Goa,AMD,Ahmedabad,16:17,16:17,18:00,18:00,103,129,180,0.7167,Leisure,0,0,On Time,,,3970,512130
FL01876,11-08-2025,IndiGo,6E 856,ATR 72,MAA,Chennai,CJB,Coimbatore,11:25,11:29,12:39,12:42,74,45,70,0.6429,Senior Citizen,4,3,On Time,,,1800,81000
FL02154,11-08-2025,Air India,AI 982,Airbus A321,COK,Kochi,HYD,Hyderabad,05:31,06:11,07:14,07:46,103,127,190,0.6684,Family,40,32,Delayed,Crew,,3930,499110
FL02648,11-08-2025,IndiGo,6E 727,Airbus A321neo,HYD,Hyderabad,JAI,Jaipur,08:49,10:59,10:56,12:47,127,148,220,0.6727,Student,130,111,Delayed,Weather,,4120,609760
FL02948,11-08-2025,Air India,AI 479,Boeing 787-8,MAA,Chennai,BOM,Mumbai,16:56,19:07,18:46,20:51,110,136,256,0.5312,Senior Citizen,131,125,Delayed,Security,,4630,629680
FL03556,11-08-2025,IndiGo,6E 763,Airbus A320neo,BOM,Mumbai,PNQ,Pune,09:25,10:47,10:10,11:41,45,97,180,0.5389,Senior Citizen,82,91,Delayed,Air Traffic,,1800,174600
FL03726,11-08-2025,SpiceJet,SG 946,Boeing 737-800,NAG,Nagpur,DEL,Delhi,17:50,20:32,19:26,22:15,96,123,189,0.6508,Leisure,162,169,Delayed,Technical Issue,,3980,489540
FL04129,11-08-2025,SpiceJet,SG 246,Boeing 737-800,BLR,Bengaluru,LKO,Lucknow,13:31,13:31,16:19,16:19,168,131,189,0.6931,Leisure,0,0,On Time,,,5860,767660
FL00506,12-08-2025,Akasa Air,QP 213,Boeing 737 MAX 8,HYD,Hyderabad,PNQ,Pune,19:40,19:41,20:50,20:51,70,127,189,0.672,Senior Citizen,1,1,On Time,,,2040,259080
FL02772,12-08-2025,IndiGo,6E 854,ATR 72,BOM,Mumbai,DEL,Delhi,19:19,19:25,21:22,21:25,123,51,70,0.7286,Business,6,3,On Time,,,6030,307530
FL04060,12-08-2025,IndiGo,6E 316,Airbus A320neo,JAI,Jaipur,BOM,Mumbai,20:43,20:43,22:26,22:26,103,141,180,0.7833,Leisure,0,0,On Time,,,4730,666930
FL04250,12-08-2025,Air India,AI 225,Airbus A321,JAI,Jaipur,DEL,Delhi,13:47,13:52,14:41,14:47,54,87,190,0.4579,Business,5,6,On Time,,,1800,156600
FL00343,13-08-2025,IndiGo,6E 411,Airbus A321neo,LKO,Lucknow,BOM,Mumbai,09:46,11:16,12:03,13:33,137,161,220,0.7318,Student,90,90,Delayed,Ground Operations,,4650,748650
FL00426,13-08-2025,Air India,AI 252,Airbus A320,PNQ,Pune,HYD,Hyderabad,05:01,05:04,06:09,06:10,68,131,174,0.7529,Family,3,1,On Time,,,2830,370730
FL00430,13-08-2025,Air India,AI 256,Boeing 787-8,COK,Kochi,AMD,Ahmedabad,21:37,22:53,00:09,01:29,152,189,256,0.7383,Leisure,76,80,Delayed,Weather,,7850,1483650
FL00642,13-08-2025,Akasa Air,QP 264,Boeing 737 MAX 8,GOI,Goa,CCU,Kolkata,19:09,19:09,22:09,22:12,180,73,189,0.3862,Senior Citizen,0,3,On Time,,,6320,461360
FL01148,13-08-2025,IndiGo,6E 212,ATR 72,HYD,Hyderabad,BLR,Bengaluru,18:47,18:54,19:58,20:05,71,53,70,0.7571,Business,7,7,On Time,,,2130,112890
FL01451,13-08-2025,Akasa Air,QP 492,Boeing 737 MAX 8,HYD,Hyderabad,DEL,Delhi,11:49,11:50,14:07,14:08,138,149,189,0.7884,Business,1,1,On Time,,,6130,913370
FL02681,13-08-2025,SpiceJet,SG 711,Boeing 737-800,CJB,Coimbatore,LKO,Lucknow,05:44,05:52,08:43,08:48,179,103,189,0.545,Leisure,8,5,On Time,,,7390,761170
FL03324,13-08-2025,SpiceJet,SG 857,Bombardier Q400,NAG,Nagpur,HYD,Hyderabad,16:59,17:00,18:01,18:11,62,55,78,0.7051,Leisure,1,10,On Time,,,2050,112750
FL03586,13-08-2025,SpiceJet,SG 914,Boeing 737-800,HYD,Hyderabad,PNQ,Pune,12:18,12:24,13:28,13:33,70,103,189,0.545,Business,6,5,On Time,,,1800,185400
FL04946,13-08-2025,Air India,AI 509,Airbus A320,DEL,Delhi,CCU,Kolkata,11:44,14:06,14:15,16:36,151,137,174,0.7874,Business,142,141,Delayed,Ground Operations,,6920,948040
FL00298,14-08-2025,Air India,AI 178,Boeing 787-8,BLR,Bengaluru,CCU,Kolkata,19:27,19:29,22:05,22:05,158,198,256,0.7734,Business,2,0,On Time,,,8770,1736460
FL00630,14-08-2025,Air India,AI 347,Airbus A320,HYD,Hyderabad,BOM,Mumbai,11:29,11:34,12:53,13:04,84,121,174,0.6954,Leisure,5,11,On Time,,,3450,417450
FL01650,14-08-2025,Akasa Air,QP 547,Boeing 737 MAX 8,HYD,Hyderabad,BOM,Mumbai,07:08,07:11,08:31,08:34,83,134,189,0.709,Leisure,3,3,On Time,,,2710,363140
FL01909,14-08-2025,IndiGo,6E 883,ATR 72,CJB,Coimbatore,COK,Kochi,05:07,05:15,05:52,06:04,45,55,70,0.7857,Student,8,12,On Time,,,1800,99000
FL02488,14-08-2025,Air India,AI 308,Boeing 787-8,DEL,Delhi,HYD,Hyderabad,17:11,17:53,19:31,20:10,140,177,256,0.6914,Leisure,42,39,Delayed,Technical Issue,,6330,1120410
FL03248,14-08-2025,IndiGo,6E 471,ATR 72,DEL,Delhi,LKO,Lucknow,09:57,10:02,11:06,11:06,69,51,70,0.7286,Leisure,5,0,On Time,,,2150,109650
FL03718,14-08-2025,IndiGo,6E 899,Airbus A321neo,DEL,Delhi,AMD,Ahmedabad,12:10,14:17,13:48,15:36,98,145,220,0.6591,Leisure,127,108,Delayed,Technical Issue,,3290,477050
FL04652,14-08-2025,IndiGo,6E 781,ATR 72,GOI,Goa,COK,Kochi,13:09,,14:32,,83,0,70,0,Business,0,0,Cancelled,,Crew Availability,2920,0
FL00214,15-08-2025,Air India,AI 160,Boeing 787-8,GAU,Guwahati,CCU,Kolkata,15:19,15:25,16:33,16:33,74,173,256,0.6758,Business,6,0,On Time,,,2820,487860
FL03256,15-08-2025,IndiGo,6E 483,Airbus A320neo,BLR,Bengaluru,BOM,Mumbai,08:56,,10:42,,106,0,180,0,Family,0,0,Cancelled,,Weather,3870,0
FL03591,15-08-2025,IndiGo,6E 785,Airbus A321neo,CCU,Kolkata,HYD,Hyderabad,15:57,16:03,18:14,18:15,137,141,220,0.6409,Family,6,1,On Time,,,5210,734610
FL00046,16-08-2025,Air India,AI 112,Airbus A320,CJB,Coimbatore,NAG,Nagpur,09:43,09:48,11:45,11:45,122,113,174,0.6494,Leisure,5,0,On Time,,,5600,632800
FL00236,16-08-2025,IndiGo,6E 314,Airbus A321neo,PNQ,Pune,BOM,Mumbai,16:09,16:18,16:54,17:03,45,199,220,0.9045,Leisure,9,9,On Time,,,1800,358200
FL00327,16-08-2025,IndiGo,6E 396,Airbus A321neo,COK,Kochi,AMD,Ahmedabad,19:52,22:20,22:30,00:47,158,126,220,0.5727,Senior Citizen,148,137,Delayed,Technical Issue,,7300,919800
FL03639,16-08-2025,Akasa Air,QP 242,Boeing 737 MAX 8,CCU,Kolkata,PNQ,Pune,12:35,13:24,15:16,16:09,161,158,189,0.836,Business,49,53,Delayed,Weather,,8630,1363540
FL03857,16-08-2025,SpiceJet,SG 968,Bombardier Q400,LKO,Lucknow,COK,Kochi,19:22,19:22,22:32,22:36,190,54,78,0.6923,Leisure,0,4,On Time,,,9220,497880
FL04727,16-08-2025,Air India,AI 399,Boeing 787-8,BLR,Bengaluru,CCU,Kolkata,13:32,13:33,16:19,16:30,167,171,256,0.668,Family,1,11,On Time,,,9280,1586880
FL01266,17-08-2025,IndiGo,6E 324,Airbus A321neo,JAI,Jaipur,HYD,Hyderabad,18:04,18:12,20:18,20:21,134,176,220,0.8,Family,8,3,On Time,,,5530,973280
FL02144,17-08-2025,IndiGo,6E 277,Airbus A321neo,BOM,Mumbai,DEL,Delhi,06:55,07:45,09:10,11:52,135,202,220,0.9182,Business,50,162,Diverted,Security,,5470,1104940
FL02405,17-08-2025,SpiceJet,SG 657,Bombardier Q400,CCU,Kolkata,GOI,Goa,18:04,20:32,20:57,23:18,173,59,78,0.7564,Business,148,141,Delayed,Crew,,8170,482030
FL02666,17-08-2025,Air India,AI 389,Airbus A321,MAA,Chennai,CCU,Kolkata,20:44,20:46,23:11,23:15,147,138,190,0.7263,Business,2,4,On Time,,,7670,1058460
FL03593,17-08-2025,Air India Express,IX 298,Boeing 737-800,LKO,Lucknow,BLR,Bengaluru,10:10,10:15,12:49,12:54,159,145,180,0.8056,Family,5,5,On Time,,,7410,1074450
FL04186,17-08-2025,IndiGo,6E 409,Airbus A321neo,CJB,Coimbatore,CCU,Kolkata,18:15,18:24,21:22,21:31,187,150,220,0.6818,Leisure,9,9,On Time,,,7860,1179000
FL04202,17-08-2025,SpiceJet,SG 263,Boeing 737-800,CJB,Coimbatore,DEL,Delhi,21:31,21:37,00:51,01:02,200,105,189,0.5556,Student,6,11,On Time,,,8780,921900
FL04853,17-08-2025,Air India Express,IX 655,Boeing 737-8,HYD,Hyderabad,PNQ,Pune,12:56,12:58,14:11,14:12,75,119,189,0.6296,Senior Citizen,2,1,On Time,,,2050,243950
FL00667,18-08-2025,IndiGo,6E 648,Airbus A320neo,BLR,Bengaluru,PNQ,Pune,05:14,05:20,06:44,06:47,90,100,180,0.5556,Leisure,6,3,On Time,,,2710,271000
FL02103,18-08-2025,IndiGo,6E 247,Airbus A321neo,COK,Kochi,BLR,Bengaluru,07:43,07:44,08:45,08:45,62,121,220,0.55,Leisure,1,0,On Time,,,1800,217800
FL02722,18-08-2025,IndiGo,6E 801,ATR 72,LKO,Lucknow,DEL,Delhi,16:55,19:42,17:59,20:28,64,47,70,0.6714,Student,167,149,Delayed,Air Traffic,,1870,87890
FL03226,18-08-2025,IndiGo,6E 450,Airbus A321neo,BOM,Mumbai,COK,Kochi,06:37,06:40,08:40,08:40,123,99,220,0.45,Student,3,0,On Time,,,4880,483120
FL04273,18-08-2025,SpiceJet,SG 283,Boeing 737-800,GAU,Guwahati,NAG,Nagpur,21:23,21:31,23:54,23:57,151,139,189,0.7354,Business,8,3,On Time,,,6200,861800
FL00168,19-08-2025,Akasa Air,QP 136,Boeing 737 MAX 8,AMD,Ahmedabad,JAI,Jaipur,06:32,06:40,07:45,07:58,73,119,189,0.6296,Senior Citizen,8,13,On Time,,,1930,229670
FL01374,19-08-2025,SpiceJet,SG 452,Bombardier Q400,AMD,Ahmedabad,BOM,Mumbai,14:12,16:58,15:22,18:05,70,75,78,0.9615,Leisure,166,163,Delayed,Ground Operations,,2360,177000
FL01623,20-08-2025,Air India,AI 761,Boeing 787-8,DEL,Delhi,BOM,Mumbai,10:35,12:57,12:50,14:55,135,187,256,0.7305,Family,142,125,Delayed,Other,,5490,1026630
FL03508,20-08-2025,Akasa Air,QP 204,Boeing 737 MAX 8,BLR,Bengaluru,CCU,Kolkata,19:03,19:03,21:40,21:43,157,125,189,0.6614,Family,0,3,On Time,,,6450,806250
FL04295,20-08-2025,Air India,AI 246,Airbus A321,BOM,Mumbai,AMD,Ahmedabad,17:46,17:55,18:54,19:04,68,120,190,0.6316,Student,9,10,On Time,,,2350,282000
FL01342,21-08-2025,IndiGo,6E 405,Airbus A320neo,GAU,Guwahati,HYD,Hyderabad,14:23,14:23,17:11,17:11,168,110,180,0.6111,Leisure,0,0,On Time,,,7440,818400
FL01934,21-08-2025,Air India Express,IX 644,Boeing 737-800,AMD,Ahmedabad,DEL,Delhi,10:06,11:48,11:42,13:18,96,121,180,0.6722,Business,102,96,Delayed,Air Traffic,,2640,319440
FL02027,21-08-2025,SpiceJet,SG 569,Boeing 737-800,COK,Kochi,AMD,Ahmedabad,14:42,17:30,17:26,20:08,164,136,189,0.7196,Leisure,168,162,Delayed,Weather,,5620,764320
FL03902,21-08-2025,Air India Express,IX 380,Boeing 737-800,GAU,Guwahati,BLR,Bengaluru,05:32,05:36,08:53,09:01,201,109,180,0.6056,Leisure,4,8,On Time,,,8010,873090
FL04667,21-08-2025,IndiGo,6E 794,Airbus A321neo,CJB,Coimbatore,BOM,Mumbai,14:49,14:58,16:38,16:42,109,138,220,0.6273,Business,9,4,On Time,,,4130,569940
FL01505,22-08-2025,SpiceJet,SG 465,Bombardier Q400,GOI,Goa,BLR,Bengaluru,18:30,18:32,19:36,19:36,66,32,78,0.4103,Leisure,2,0,On Time,,,1800,57600
FL01599,22-08-2025,Air India Express,IX 534,Boeing 737-800,BOM,Mumbai,DEL,Delhi,05:27,05:34,07:38,07:47,131,102,180,0.5667,Leisure,7,9,On Time,,,4900,499800
FL01754,22-08-2025,Air India,AI 823,Airbus A321,GAU,Guwahati,CCU,Kolkata,08:54,11:01,10:09,12:01,75,138,190,0.7263,Leisure,127,112,Delayed,Weather,,2760,380880
FL02704,22-08-2025,Air India Express,IX 868,Boeing 737-800,PNQ,Pune,BLR,Bengaluru,20:48,23:40,22:19,01:31,91,92,180,0.5111,Business,172,192,Delayed,Late Arrival of Aircraft,,2900,266800
FL02829,22-08-2025,Air India Express,IX 912,Boeing 737-800,GOI,Goa,PNQ,Pune,21:55,00:17,22:53,01:38,58,136,180,0.7556,Leisure,142,165,Delayed,Weather,,1800,244800
FL03222,22-08-2025,Air India Express,IX 995,Boeing 737-800,GOI,Goa,HYD,Hyderabad,14:54,14:57,16:11,16:11,77,122,180,0.6778,Leisure,3,0,On Time,,,2320,283040
FL03406,22-08-2025,Air India,AI 657,Airbus A320,GOI,Goa,CJB,Coimbatore,18:51,18:59,20:12,20:17,81,127,174,0.7299,Leisure,8,5,On Time,,,2980,378460
FL03566,22-08-2025,Air India Express,IX 285,Boeing 737-8,HYD,Hyderabad,AMD,Ahmedabad,10:40,10:42,12:27,12:27,107,164,189,0.8677,Family,2,0,On Time,,,4730,775720
FL04340,22-08-2025,Air India,AI 268,Boeing 787-8,HYD,Hyderabad,BOM,Mumbai,18:10,18:14,19:32,19:36,82,207,256,0.8086,Senior Citizen,4,4,On Time,,,3530,730710
FL04979,22-08-2025,SpiceJet,SG 468,Boeing 737-800,BOM,Mumbai,BLR,Bengaluru,21:34,22:55,23:19,00:42,105,128,189,0.6772,Business,81,83,Delayed,Technical Issue,,4010,513280
FL00083,23-08-2025,IndiGo,6E 176,ATR 72,MAA,Chennai,BOM,Mumbai,09:25,11:09,11:26,13:01,121,50,70,0.7143,Leisure,104,95,Delayed,Late Arrival of Aircraft,,4920,246000
FL00787,23-08-2025,Air India Express,IX 322,Boeing 737-800,LKO,Lucknow,MAA,Chennai,05:38,05:40,08:19,08:19,161,139,180,0.7722,Business,2,0,On Time,,,6910,960490
FL02653,23-08-2025,IndiGo,6E 734,Airbus A320neo,CCU,Kolkata,MAA,Chennai,16:23,16:29,18:58,19:03,155,141,180,0.7833,Family,6,5,On Time,,,7140,1006740
FL03907,23-08-2025,IndiGo,6E 217,ATR 72,MAA,Chennai,DEL,Delhi,06:49,07:45,09:53,11:15,184,59,70,0.8429,Family,56,82,Delayed,Ground Operations,,9750,575250
FL04564,23-08-2025,Akasa Air,QP 479,Boeing 737 MAX 8,PNQ,Pune,BOM,Mumbai,06:21,06:40,07:06,07:16,45,172,189,0.9101,Student,19,10,Delayed,Weather,,1800,309600
FL00713,24-08-2025,Air India,AI 385,Airbus A321,CJB,Coimbatore,MAA,Chennai,19:42,19:44,20:43,20:49,61,128,190,0.6737,Leisure,2,6,On Time,,,1970,252160
FL01539,24-08-2025,Akasa Air,QP 513,Boeing 737 MAX 8,CCU,Kolkata,DEL,Delhi,16:12,19:06,18:38,21:23,146,145,189,0.7672,Leisure,174,165,Delayed,Other,,5300,768500
FL01604,24-08-2025,SpiceJet,SG 482,Bombardier Q400,BOM,Mumbai,AMD,Ahmedabad,21:49,00:09,22:58,01:17,69,64,78,0.8205,Business,140,139,Delayed,Weather,,2280,145920
FL02853,24-08-2025,IndiGo,6E 919,Airbus A321neo,COK,Kochi,HYD,Hyderabad,19:16,19:16,21:00,21:01,104,161,220,0.7318,Leisure,0,1,On Time,,,3990,642390
FL02943,24-08-2025,Air India,AI 473,Airbus A320,PNQ,Pune,NAG,Nagpur,06:48,06:48,08:03,08:03,75,138,174,0.7931,Leisure,0,0,On Time,,,3240,447120
FL04805,24-08-2025,Air India,AI 432,Boeing 787-8,BLR,Bengaluru,MAA,Chennai,13:10,13:17,13:59,14:01,49,241,256,0.9414,Leisure,7,2,On Time,,,1800,433800
FL04916,24-08-2025,IndiGo,6E 205,Airbus A320neo,HYD,Hyderabad,BOM,Mumbai,19:03,19:09,20:23,20:29,80,173,180,0.9611,Student,6,6,On Time,,,3590,621070
FL00257,25-08-2025,SpiceJet,SG 174,Boeing 737-800,COK,Kochi,AMD,Ahmedabad,05:03,05:06,07:43,07:45,160,155,189,0.8201,Leisure,3,2,On Time,,,7160,1109800
FL01098,25-08-2025,Air India Express,IX 407,Boeing 737-8,CCU,Kolkata,AMD,Ahmedabad,17:40,17:47,20:25,20:36,165,109,189,0.5767,Leisure,7,11,On Time,,,5670,618030
FL02196,25-08-2025,IndiGo,6E 330,Airbus A321neo,NAG,Nagpur,GOI,Goa,08:26,09:25,10:17,11:22,111,169,220,0.7682,Leisure,59,65,Delayed,Other,,4160,703040
FL02485,25-08-2025,Air India,AI 305,Boeing 787-8,BLR,Bengaluru,CJB,Coimbatore,14:49,14:58,15:40,15:46,51,197,256,0.7695,Family,9,6,On Time,,,1800,354600
FL03073,25-08-2025,Air India,AI 537,Airbus A321,BLR,Bengaluru,MAA,Chennai,13:37,13:43,14:36,14:36,59,117,190,0.6158,Family,6,0,On Time,,,1800,210600
FL03496,25-08-2025,Air India,AI 695,Airbus A320,CCU,Kolkata,MAA,Chennai,07:09,07:13,09:35,09:41,146,111,174,0.6379,Family,4,6,On Time,,,7390,820290
FL03643,25-08-2025,IndiGo,6E 825,ATR 72,DEL,Delhi,AMD,Ahmedabad,07:35,09:14,09:07,10:37,92,47,70,0.6714,Leisure,99,90,Delayed,Air Traffic,,3490,164030
FL04268,25-08-2025,Akasa Air,QP 416,Boeing 737 MAX 8,JAI,Jaipur,AMD,Ahmedabad,08:12,09:46,09:28,10:42,76,112,189,0.5926,Leisure,94,74,Delayed,Crew,,2400,268800
FL04264,26-08-2025,IndiGo,6E 478,Airbus A321neo,JAI,Jaipur,PNQ,Pune,20:01,20:01,21:53,21:54,112,157,220,0.7136,Senior Citizen,0,1,On Time,,,4030,632710
FL00982,27-08-2025,IndiGo,6E 878,Airbus A320neo,CCU,Kolkata,AMD,Ahmedabad,09:39,12:31,12:28,15:39,169,127,180,0.7056,Senior Citizen,172,191,Delayed,Late Arrival of Aircraft,,8210,1042670
FL02187,27-08-2025,IndiGo,6E 318,Airbus A320neo,BLR,Bengaluru,PNQ,Pune,09:47,12:03,11:18,13:31,91,109,180,0.6056,Student,136,133,Delayed,Late Arrival of Aircraft,,3720,405480
FL02678,27-08-2025,Air India Express,IX 858,Boeing 737-8,CJB,Coimbatore,DEL,Delhi,09:54,10:01,13:10,13:19,196,132,189,0.6984,Student,7,9,On Time,,,9030,1191960
FL03774,27-08-2025,Air India,AI 815,Airbus A320,AMD,Ahmedabad,NAG,Nagpur,16:51,16:52,18:16,18:20,85,120,174,0.6897,Student,1,4,On Time,,,3350,402000
FL01169,28-08-2025,Air India Express,IX 425,Boeing 737-800,HYD,Hyderabad,CCU,Kolkata,17:23,17:29,19:27,19:34,124,128,180,0.7111,Leisure,6,7,On Time,,,5290,677120
FL01258,28-08-2025,IndiGo,6E 314,Airbus A321neo,BOM,Mumbai,HYD,Hyderabad,15:51,15:54,17:24,17:24,93,182,220,0.8273,Leisure,3,0,On Time,,,3030,551460
FL02499,28-08-2025,IndiGo,6E 598,Airbus A320neo,PNQ,Pune,CCU,Kolkata,11:17,11:25,13:59,14:08,162,111,180,0.6167,Leisure,8,9,On Time,,,7270,806970
FL02612,28-08-2025,IndiGo,6E 697,Airbus A320neo,AMD,Ahmedabad,GOI,Goa,09:34,10:20,11:11,11:45,97,153,180,0.85,Family,46,34,Delayed,Air Traffic,,4040,618120
FL02697,28-08-2025,Air India Express,IX 862,Boeing 737-8,HYD,Hyderabad,BLR,Bengaluru,22:09,22:09,23:23,23:31,74,152,189,0.8042,Leisure,0,8,On Time,,,2310,351120
FL02976,28-08-2025,IndiGo,6E 233,Airbus A320neo,GAU,Guwahati,BOM,Mumbai,19:51,19:54,23:17,23:20,206,103,180,0.5722,Business,3,3,On Time,,,9800,1009400
FL03276,28-08-2025,SpiceJet,SG 837,Boeing 737-800,HYD,Hyderabad,AMD,Ahmedabad,22:07,22:14,23:59,00:03,112,128,189,0.6772,Leisure,7,4,On Time,,,4420,565760
FL03725,28-08-2025,Akasa Air,QP 253,Boeing 737 MAX 8,CCU,Kolkata,DEL,Delhi,15:28,16:21,17:54,20:04,146,157,189,0.8307,Business,53,130,Diverted,Air Traffic,,6750,1059750
FL03910,28-08-2025,IndiGo,6E 218,ATR 72,BLR,Bengaluru,MAA,Chennai,20:45,20:48,21:43,21:49,58,60,70,0.8571,Leisure,3,6,On Time,,,1800,108000
FL04314,28-08-2025,Air India,AI 253,Boeing 787-8,COK,Kochi,BLR,Bengaluru,22:07,00:05,23:04,00:55,57,161,256,0.6289,Student,118,111,Delayed,Late Arrival of Aircraft,,1800,289800
FL01144,29-08-2025,IndiGo,6E 208,ATR 72,PNQ,Pune,BLR,Bengaluru,14:20,,15:52,,92,0,70,0,Leisure,0,0,Cancelled,,Air Traffic,3820,0
FL01541,29-08-2025,Akasa Air,QP 515,Boeing 737 MAX 8,LKO,Lucknow,GAU,Guwahati,19:31,19:32,21:27,21:27,116,133,189,0.7037,Business,1,0,On Time,,,5540,736820
FL01682,29-08-2025,Air India,AI 795,Boeing 787-8,LKO,Lucknow,GOI,Goa,17:39,17:39,20:10,20:14,151,180,256,0.7031,Family,0,4,On Time,,,7100,1278000
FL03577,29-08-2025,IndiGo,6E 778,Airbus A320neo,DEL,Delhi,HYD,Hyderabad,11:24,12:33,13:41,14:34,137,110,180,0.6111,Family,69,53,Delayed,Late Arrival of Aircraft,,5830,641300
FL04577,29-08-2025,Air India Express,IX 573,Boeing 737-800,BOM,Mumbai,PNQ,Pune,06:37,06:37,07:22,07:27,45,119,180,0.6611,Business,0,5,On Time,,,1800,214200
FL00632,30-08-2025,IndiGo,6E 622,Airbus A321neo,BOM,Mumbai,GAU,Guwahati,16:36,16:38,20:09,20:13,213,201,220,0.9136,Family,2,4,On Time,,,11650,2341650
FL01492,30-08-2025,IndiGo,6E 536,Airbus A321neo,PNQ,Pune,COK,Kochi,10:47,10:56,12:46,12:54,119,167,220,0.7591,Leisure,9,8,On Time,,,5020,838340
FL02992,30-08-2025,Air India,AI 495,Airbus A320,NAG,Nagpur,CCU,Kolkata,19:56,21:56,21:52,23:50,116,147,174,0.8448,Leisure,120,118,Delayed,Late Arrival of Aircraft,,5420,796740
FL03342,30-08-2025,IndiGo,6E 556,Airbus A321neo,COK,Kochi,BLR,Bengaluru,22:06,22:09,23:12,23:16,66,124,220,0.5636,Business,3,4,On Time,,,1800,223200
FL03430,30-08-2025,SpiceJet,SG 882,Boeing 737-800,COK,Kochi,CCU,Kolkata,08:38,08:39,11:47,11:47,189,167,189,0.8836,Family,1,0,On Time,,,8850,1477950
FL03450,30-08-2025,IndiGo,6E 658,Airbus A320neo,GOI,Goa,MAA,Chennai,08:26,08:33,10:01,10:07,95,133,180,0.7389,Senior Citizen,7,6,On Time,,,3900,518700
FL03637,30-08-2025,IndiGo,6E 818,Airbus A321neo,BLR,Bengaluru,PNQ,Pune,15:52,16:29,17:25,18:08,93,191,220,0.8682,Leisure,37,43,Delayed,Late Arrival of Aircraft,,4230,807930
FL04040,30-08-2025,IndiGo,6E 296,Airbus A321neo,DEL,Delhi,COK,Kochi,12:11,12:17,15:38,15:47,207,139,220,0.6318,Leisure,6,9,On Time,,,9100,1264900
FL00014,31-08-2025,IndiGo,6E 118,ATR 72,AMD,Ahmedabad,MAA,Chennai,20:17,22:00,22:42,00:10,145,48,70,0.6857,Leisure,103,88,Delayed,Ground Operations,,7350,352800
FL01163,31-08-2025,IndiGo,6E 235,Airbus A321neo,HYD,Hyderabad,MAA,Chennai,07:05,07:05,08:18,08:18,73,185,220,0.8409,Leisure,0,0,On Time,,,2570,475450
FL01167,31-08-2025,IndiGo,6E 238,Airbus A320neo,COK,Kochi,AMD,Ahmedabad,21:52,21:57,00:24,00:24,152,136,180,0.7556,Business,5,0,On Time,,,7720,1049920
FL01186,31-08-2025,IndiGo,6E 248,Airbus A321neo,AMD,Ahmedabad,CCU,Kolkata,13:57,13:57,16:48,16:51,171,192,220,0.8727,Leisure,0,3,On Time,,,9030,1733760
FL02178,31-08-2025,SpiceJet,SG 599,Bombardier Q400,CJB,Coimbatore,BLR,Bengaluru,19:24,19:26,20:15,20:19,51,55,78,0.7051,Family,2,4,On Time,,,1800,99000
FL02619,31-08-2025,IndiGo,6E 704,Airbus A320neo,AMD,Ahmedabad,MAA,Chennai,17:53,17:55,20:26,20:28,153,107,180,0.5944,Leisure,2,2,On Time,,,5900,631300
FL02639,31-08-2025,Air India,AI 380,Boeing 787-8,COK,Kochi,BLR,Bengaluru,16:04,16:10,17:00,17:08,56,217,256,0.8477,Leisure,6,8,On Time,,,1990,431830
FL00262,01-09-2025,SpiceJet,SG 180,Bombardier Q400,COK,Kochi,MAA,Chennai,19:00,19:47,20:23,21:09,83,51,78,0.6538,Family,47,46,Delayed,Crew,,2430,123930
FL01945,01-09-2025,IndiGo,6E 906,Airbus A320neo,HYD,Hyderabad,JAI,Jaipur,09:24,09:25,11:29,11:29,125,120,180,0.6667,Leisure,1,0,On Time,,,5280,633600
FL04321,01-09-2025,Air India,AI 259,Airbus A321,AMD,Ahmedabad,GOI,Goa,14:43,14:43,16:31,16:34,108,123,190,0.6474,Student,0,3,On Time,,,4000,492000
FL04460,01-09-2025,IndiGo,6E 639,Airbus A321neo,CJB,Coimbatore,BLR,Bengaluru,14:58,,16:03,,65,0,220,0,Student,0,0,Cancelled,,Weather,1800,0
FL00151,02-09-2025,Air India,AI 138,Airbus A320,PNQ,Pune,MAA,Chennai,15:37,15:45,17:23,17:36,106,141,174,0.8103,Family,8,13,On Time,,,4890,689490
FL00397,02-09-2025,IndiGo,6E 447,ATR 72,HYD,Hyderabad,BOM,Mumbai,22:09,00:28,23:34,02:10,85,57,70,0.8143,Leisure,139,156,Delayed,Technical Issue,,3380,192660
FL02834,02-09-2025,IndiGo,6E 899,Airbus A320neo,AMD,Ahmedabad,DEL,Delhi,17:35,18:24,19:17,19:52,102,146,180,0.8111,Family,49,35,Delayed,Air Traffic,,3280,478880
FL00019,03-09-2025,IndiGo,6E 122,Airbus A320neo,COK,Kochi,AMD,Ahmedabad,16:00,16:32,18:37,18:41,157,124,180,0.6889,Business,32,4,Delayed,Weather,,6310,782440
FL00520,03-09-2025,SpiceJet,SG 241,Boeing 737-800,COK,Kochi,BLR,Bengaluru,17:58,18:20,19:00,19:17,62,142,189,0.7513,Leisure,22,17,Delayed,Weather,,1800,255600
FL01212,03-09-2025,Akasa Air,QP 421,Boeing 737 MAX 8,AMD,Ahmedabad,GAU,Guwahati,15:36,15:37,18:52,18:52,196,119,189,0.6296,Leisure,1,0,On Time,,,8440,1004360
FL01305,03-09-2025,Akasa Air,QP 450,Boeing 737 MAX 8,AMD,Ahmedabad,MAA,Chennai,08:09,08:13,10:32,10:37,143,129,189,0.6825,Business,4,5,On Time,,,6380,823020
FL01770,03-09-2025,IndiGo,6E 765,Airbus A320neo,HYD,Hyderabad,GAU,Guwahati,12:45,12:54,15:42,15:42,177,153,180,0.85,Business,9,0,On Time,,,9530,1458090
FL02333,03-09-2025,Air India Express,IX 756,Boeing 737-8,HYD,Hyderabad,PNQ,Pune,16:58,18:48,18:13,20:07,75,165,189,0.873,Family,110,114,Delayed,Late Arrival of Aircraft,,2450,404250
FL02467,03-09-2025,IndiGo,6E 569,Airbus A321neo,BLR,Bengaluru,HYD,Hyderabad,19:15,21:27,20:20,21:58,65,176,220,0.8,Senior Citizen,132,98,Delayed,Technical Issue,,2220,390720
FL02574,03-09-2025,IndiGo,6E 671,ATR 72,HYD,Hyderabad,PNQ,Pune,13:51,13:59,15:04,15:05,73,43,70,0.6143,Business,8,1,On Time,,,1970,84710
FL03145,03-09-2025,IndiGo,6E 387,ATR 72,COK,Kochi,GOI,Goa,19:33,19:35,21:03,21:03,90,47,70,0.6714,Senior Citizen,2,0,On Time,,,2650,124550
FL03477,03-09-2025,Air India,AI 688,Airbus A320,GOI,Goa,MAA,Chennai,06:05,06:10,07:36,07:41,91,111,174,0.6379,Student,5,5,On Time,,,3610,400710
FL04836,03-09-2025,IndiGo,6E 920,Airbus A320neo,DEL,Delhi,BOM,Mumbai,15:07,15:12,17:10,17:16,123,145,180,0.8056,Leisure,5,6,On Time,,,5340,774300
FL01203,04-09-2025,Air India Express,IX 439,Boeing 737-8,COK,Kochi,DEL,Delhi,12:07,12:10,15:25,15:29,198,135,189,0.7143,Business,3,4,On Time,,,8400,1134000
FL02431,04-09-2025,IndiGo,6E 535,Airbus A321neo,JAI,Jaipur,BOM,Mumbai,22:26,22:59,00:15,00:54,109,155,220,0.7045,Leisure,33,39,Delayed,Late Arrival of Aircraft,,4310,668050
FL03928,04-09-2025,IndiGo,6E 227,Airbus A320neo,CJB,Coimbatore,DEL,Delhi,22:16,22:16,01:26,01:26,190,100,180,0.5556,Business,0,0,On Time,,,8740,874000
FL04055,04-09-2025,IndiGo,6E 308,Airbus A321neo,JAI,Jaipur,BLR,Bengaluru,12:34,12:39,15:15,15:20,161,120,220,0.5455,Leisure,5,5,On Time,,,6330,759600
FL04112,04-09-2025,Air India,AI 953,Airbus A321,HYD,Hyderabad,PNQ,Pune,18:02,19:34,19:18,20:59,76,144,190,0.7579,Family,92,101,Delayed,Late Arrival of Aircraft,,2120,305280
FL04242,04-09-2025,IndiGo,6E 459,Airbus A320neo,MAA,Chennai,NAG,Nagpur,13:40,14:13,15:26,15:59,106,115,180,0.6389,Family,33,33,Delayed,Air Traffic,,4270,491050
FL04437,04-09-2025,IndiGo,6E 621,Airbus A320neo,BLR,Bengaluru,LKO,Lucknow,15:15,15:17,18:05,18:08,170,124,180,0.6889,Leisure,2,3,On Time,,,7110,881640
FL04479,04-09-2025,IndiGo,6E 656,ATR 72,HYD,Hyderabad,BLR,Bengaluru,20:59,21:05,22:09,22:22,70,48,70,0.6857,Business,6,13,On Time,,,2190,105120
FL00167,05-09-2025,SpiceJet,SG 156,Boeing 737-800,HYD,Hyderabad,AMD,Ahmedabad,18:41,18:49,20:18,20:26,97,165,189,0.873,Leisure,8,8,On Time,,,4330,714450
FL00241,05-09-2025,IndiGo,6E 320,ATR 72,BOM,Mumbai,COK,Kochi,10:04,11:38,12:09,13:48,125,46,70,0.6571,Business,94,99,Delayed,Late Arrival of Aircraft,,4570,210220
FL01411,05-09-2025,IndiGo,6E 461,Airbus A321neo,DEL,Delhi,HYD,Hyderabad,22:09,22:14,00:33,00:46,144,158,220,0.7182,Student,5,13,On Time,,,7050,1113900
FL01720,05-09-2025,SpiceJet,SG 500,Boeing 737-800,MAA,Chennai,CCU,Kolkata,12:20,12:21,14:55,14:55,155,137,189,0.7249,Business,1,0,On Time,,,7060,967220
FL01815,05-09-2025,Air India,AI 850,Boeing 787-8,CCU,Kolkata,DEL,Delhi,18:39,18:45,21:10,21:10,151,158,256,0.6172,Family,6,0,On Time,,,6420,1014360
FL02504,05-09-2025,SpiceJet,SG 676,Bombardier Q400,MAA,Chennai,HYD,Hyderabad,05:19,05:28,06:24,06:30,65,61,78,0.7821,Business,9,6,On Time,,,2850,173850
FL02529,05-09-2025,Air India Express,IX 809,Boeing 737-8,HYD,Hyderabad,JAI,Jaipur,06:49,09:20,08:56,11:34,127,131,189,0.6931,Leisure,151,158,Delayed,Late Arrival of Aircraft,,4950,648450
FL03001,05-09-2025,IndiGo,6E 255,Airbus A321neo,COK,Kochi,DEL,Delhi,18:12,18:12,21:38,21:38,206,187,220,0.85,Leisure,0,0,On Time,,,9500,1776500
FL00194,06-09-2025,Air India,AI 151,Boeing 787-8,PNQ,Pune,GOI,Goa,16:15,19:11,17:21,20:20,66,233,256,0.9102,Business,176,179,Delayed,Air Traffic,,2070,482310
FL02361,06-09-2025,IndiGo,6E 468,Airbus A321neo,MAA,Chennai,GOI,Goa,15:38,15:41,17:08,17:08,90,163,220,0.7409,Family,3,0,On Time,,,3750,611250
FL04433,06-09-2025,Akasa Air,QP 446,Boeing 737 MAX 8,COK,Kochi,MAA,Chennai,22:24,23:34,23:35,00:50,71,144,189,0.7619,Leisure,70,75,Delayed,Air Traffic,,2690,387360
FL00042,07-09-2025,Air India,AI 111,Airbus A321,BOM,Mumbai,PNQ,Pune,17:14,19:03,17:59,19:48,45,116,190,0.6105,Senior Citizen,109,109,Delayed,Weather,,1800,208800
FL00045,07-09-2025,IndiGo,6E 142,Airbus A321neo,BLR,Bengaluru,COK,Kochi,08:45,08:48,09:48,09:53,63,156,220,0.7091,Leisure,3,5,On Time,,,1810,282360
FL01123,07-09-2025,Air India Express,IX 417,Boeing 737-8,PNQ,Pune,NAG,Nagpur,19:14,20:14,20:42,21:32,88,154,189,0.8148,Senior Citizen,60,50,Delayed,Late Arrival of Aircraft,,2960,455840
FL01143,07-09-2025,Air India Express,IX 419,Boeing 737-8,BOM,Mumbai,BLR,Bengaluru,16:24,18:37,17:55,20:19,91,149,189,0.7884,Student,133,144,Delayed,Security,,4140,616860
FL01870,07-09-2025,IndiGo,6E 850,Airbus A321neo,COK,Kochi,BOM,Mumbai,21:54,22:00,23:53,00:06,119,140,220,0.6364,Family,6,13,On Time,,,5360,750400
FL03716,07-09-2025,IndiGo,6E 898,Airbus A320neo,DEL,Delhi,HYD,Hyderabad,07:08,07:13,09:25,09:32,137,141,180,0.7833,Student,5,7,On Time,,,6020,848820
FL04350,07-09-2025,Akasa Air,QP 432,Boeing 737 MAX 8,DEL,Delhi,HYD,Hyderabad,19:28,19:30,21:45,21:51,137,167,189,0.8836,Student,2,6,On Time,,,7360,1229120
FL00291,08-09-2025,IndiGo,6E 375,ATR 72,HYD,Hyderabad,MAA,Chennai,07:09,07:10,08:28,08:28,79,68,70,0.9714,Leisure,1,0,On Time,,,2940,199920
FL01595,08-09-2025,IndiGo,6E 619,Airbus A321neo,CJB,Coimbatore,NAG,Nagpur,15:15,15:22,17:13,17:17,118,146,220,0.6636,Student,7,4,On Time,,,4990,728540
FL01395,09-09-2025,Akasa Air,QP 469,Boeing 737 MAX 8,COK,Kochi,AMD,Ahmedabad,11:34,11:41,14:18,14:28,164,132,189,0.6984,Business,7,10,On Time,,,8250,1089000
FL01615,09-09-2025,Akasa Air,QP 538,Boeing 737 MAX 8,CJB,Coimbatore,COK,Kochi,08:00,08:08,08:45,08:57,45,140,189,0.7407,Student,8,12,On Time,,,1800,252000
FL02348,09-09-2025,IndiGo,6E 457,Airbus A321neo,MAA,Chennai,GOI,Goa,21:48,00:31,23:23,02:04,95,151,220,0.6864,Leisure,163,161,Delayed,Weather,,3420,516420
FL03402,09-09-2025,Air India,AI 655,Airbus A320,BOM,Mumbai,GOI,Goa,08:56,08:56,10:01,10:01,65,137,174,0.7874,Leisure,0,0,On Time,,,1800,246600
FL03624,09-09-2025,SpiceJet,SG 923,Bombardier Q400,PNQ,Pune,GOI,Goa,09:56,10:05,11:00,11:02,64,61,78,0.7821,Senior Citizen,9,2,On Time,,,1800,109800
FL00540,10-09-2025,SpiceJet,SG 245,Boeing 737-800,DEL,Delhi,BOM,Mumbai,20:47,20:49,22:51,22:53,124,161,189,0.8519,Leisure,2,2,On Time,,,5610,903210
FL00825,10-09-2025,IndiGo,6E 773,Airbus A320neo,HYD,Hyderabad,AMD,Ahmedabad,06:40,06:44,08:17,08:26,97,151,180,0.8389,Student,4,9,On Time,,,4110,620610
FL01574,10-09-2025,SpiceJet,SG 475,Bombardier Q400,COK,Kochi,GOI,Goa,21:14,22:13,22:35,23:40,81,74,78,0.9487,Family,59,65,Delayed,Security,,3510,259740
FL02516,10-09-2025,Air India Express,IX 803,Boeing 737-8,CCU,Kolkata,BOM,Mumbai,16:33,17:47,19:19,20:18,166,129,189,0.6825,Senior Citizen,74,59,Diverted,Weather,,6030,777870
FL02582,10-09-2025,IndiGo,6E 678,Airbus A320neo,JAI,Jaipur,COK,Kochi,09:33,09:33,12:35,12:37,182,118,180,0.6556,Leisure,0,2,On Time,,,7800,920400
FL02791,10-09-2025,Air India Express,IX 890,Boeing 737-8,AMD,Ahmedabad,BLR,Bengaluru,14:33,15:12,16:42,17:27,129,149,189,0.7884,Student,39,45,Delayed,Late Arrival of Aircraft,,6170,919330
FL03782,10-09-2025,SpiceJet,SG 957,Bombardier Q400,BOM,Mumbai,AMD,Ahmedabad,15:50,15:52,17:02,17:10,72,54,78,0.6923,Business,2,8,On Time,,,2060,111240
FL04093,10-09-2025,SpiceJet,SG 237,Boeing 737-800,BOM,Mumbai,CCU,Kolkata,19:01,19:03,22:00,22:01,179,143,189,0.7566,Family,2,1,On Time,,,7680,1098240
FL04194,10-09-2025,SpiceJet,SG 257,Boeing 737-800,BLR,Bengaluru,PNQ,Pune,20:05,20:09,21:44,21:44,99,119,189,0.6296,Business,4,0,On Time,,,3240,385560
FL00408,11-09-2025,Air India Express,IX 232,Boeing 737-8,BOM,Mumbai,GOI,Goa,21:08,22:07,22:14,23:04,66,133,189,0.7037,Family,59,50,Delayed,Late Arrival of Aircraft,,1800,239400
FL00434,11-09-2025,Air India,AI 258,Airbus A321,MAA,Chennai,BLR,Bengaluru,06:21,06:22,07:16,07:16,55,136,190,0.7158,Business,1,0,On Time,,,1800,244800
FL00508,11-09-2025,IndiGo,6E 547,Airbus A321neo,HYD,Hyderabad,CJB,Coimbatore,12:41,12:44,14:19,14:19,98,172,220,0.7818,Leisure,3,0,On Time,,,3920,674240
FL01352,11-09-2025,IndiGo,6E 414,Airbus A320neo,GAU,Guwahati,LKO,Lucknow,12:55,13:12,14:52,15:07,117,142,180,0.7889,Leisure,17,15,Delayed,Weather,,5020,712840
FL01392,11-09-2025,Air India,AI 670,Airbus A320,PNQ,Pune,BOM,Mumbai,13:29,13:34,14:17,14:26,48,150,174,0.8621,Business,5,9,On Time,,,1800,270000
FL02753,11-09-2025,Air India,AI 411,Airbus A320,GAU,Guwahati,BLR,Bengaluru,11:42,11:42,15:04,15:04,202,117,174,0.6724,Business,0,0,On Time,,,10470,1224990
FL03529,11-09-2025,Air India,AI 708,Airbus A321,AMD,Ahmedabad,LKO,Lucknow,15:33,15:41,17:18,17:27,105,149,190,0.7842,Leisure,8,9,On Time,,,4770,710730
FL03569,11-09-2025,IndiGo,6E 775,Airbus A321neo,AMD,Ahmedabad,DEL,Delhi,19:48,19:50,21:26,21:26,98,140,220,0.6364,Student,2,0,On Time,,,3620,506800
FL00543,12-09-2025,IndiGo,6E 569,Airbus A320neo,COK,Kochi,PNQ,Pune,11:55,12:03,13:45,13:57,110,133,180,0.7389,Business,8,12,On Time,,,5460,726180
FL01104,12-09-2025,Air India,AI 552,Airbus A321,JAI,Jaipur,BOM,Mumbai,09:33,12:07,11:28,14:05,115,144,190,0.7579,Leisure,154,157,Delayed,Crew,,5130,738720
FL02183,12-09-2025,SpiceJet,SG 601,Boeing 737-800,PNQ,Pune,CJB,Coimbatore,13:55,14:25,15:46,16:08,111,117,189,0.619,Business,30,22,Delayed,Late Arrival of Aircraft,,4080,477360
FL03483,12-09-2025,IndiGo,6E 694,Airbus A320neo,JAI,Jaipur,DEL,Delhi,06:00,06:00,06:52,06:55,52,137,180,0.7611,Leisure,0,3,On Time,,,1800,246600
FL02661,13-09-2025,SpiceJet,SG 706,Boeing 737-800,MAA,Chennai,BLR,Bengaluru,09:27,11:42,10:13,12:14,46,167,189,0.8836,Leisure,135,121,Delayed,Air Traffic,,1800,300600
FL04329,13-09-2025,SpiceJet,SG 300,Boeing 737-800,DEL,Delhi,PNQ,Pune,21:13,22:32,23:25,01:10,132,169,189,0.8942,Family,79,105,Delayed,Crew,,5780,976820
FL04335,13-09-2025,IndiGo,6E 530,Airbus A320neo,PNQ,Pune,MAA,Chennai,22:28,01:23,00:14,02:48,106,151,180,0.8389,Leisure,175,154,Delayed,Late Arrival of Aircraft,,5470,825970
FL00512,14-09-2025,Akasa Air,QP 217,Boeing 737 MAX 8,CCU,Kolkata,AMD,Ahmedabad,06:03,06:08,08:46,09:00,163,161,189,0.8519,Student,5,14,On Time,,,7620,1226820
FL00750,14-09-2025,IndiGo,6E 707,Airbus A321neo,CJB,Coimbatore,BOM,Mumbai,14:03,14:08,15:58,16:08,115,164,220,0.7455,Family,5,10,On Time,,,4320,708480
FL01413,14-09-2025,Akasa Air,QP 476,Boeing 737 MAX 8,MAA,Chennai,BLR,Bengaluru,21:52,21:56,22:45,22:48,53,134,189,0.709,Leisure,4,3,On Time,,,1800,241200
FL01786,14-09-2025,IndiGo,6E 784,Airbus A320neo,CCU,Kolkata,DEL,Delhi,07:07,07:08,09:28,09:32,141,96,180,0.5333,Leisure,1,4,On Time,,,5990,575040
FL02769,14-09-2025,Air India,AI 418,Airbus A320,CJB,Coimbatore,HYD,Hyderabad,12:40,12:46,14:08,14:13,88,134,174,0.7701,Leisure,6,5,On Time,,,4010,537340
FL03820,14-09-2025,Akasa Air,QP 278,Boeing 737 MAX 8,GAU,Guwahati,DEL,Delhi,14:58,17:58,17:37,20:32,159,141,189,0.746,Student,180,175,Delayed,Security,,6030,850230
FL04385,14-09-2025,IndiGo,6E 568,Airbus A320neo,MAA,Chennai,GOI,Goa,16:14,16:22,17:47,17:55,93,120,180,0.6667,Family,8,8,On Time,,,3360,403200
FL04451,14-09-2025,Akasa Air,QP 453,Boeing 737 MAX 8,NAG,Nagpur,MAA,Chennai,07:39,07:39,09:36,09:36,117,102,189,0.5397,Leisure,0,0,On Time,,,3820,389640
FL01084,15-09-2025,Air India Express,IX 401,Boeing 737-800,DEL,Delhi,CJB,Coimbatore,21:08,21:12,00:24,00:29,196,116,180,0.6444,Family,4,5,On Time,,,8690,1008040
FL02001,15-09-2025,Air India,AI 919,Boeing 787-8,AMD,Ahmedabad,GOI,Goa,18:21,18:30,20:06,20:12,105,181,256,0.707,Business,9,6,On Time,,,4520,818120
FL02054,15-09-2025,Air India,AI 944,Airbus A321,MAA,Chennai,BLR,Bengaluru,06:14,06:23,07:07,07:16,53,116,190,0.6105,Business,9,9,On Time,,,1800,208800
FL02274,15-09-2025,IndiGo,6E 398,Airbus A320neo,BLR,Bengaluru,CCU,Kolkata,20:29,20:33,23:13,23:21,164,106,180,0.5889,Family,4,8,On Time,,,6410,679460
FL03137,15-09-2025,IndiGo,6E 377,ATR 72,CCU,Kolkata,CJB,Coimbatore,12:32,12:34,15:32,15:32,180,57,70,0.8143,Business,2,0,On Time,,,8250,470250
FL04799,15-09-2025,Akasa Air,QP 546,Boeing 737 MAX 8,DEL,Delhi,AMD,Ahmedabad,14:10,15:11,15:49,16:59,99,117,189,0.619,Leisure,61,70,Delayed,Late Arrival of Aircraft,,2980,348660
FL00295,16-09-2025,IndiGo,6E 380,Airbus A321neo,GOI,Goa,BOM,Mumbai,13:45,13:46,14:54,14:54,69,143,220,0.65,Leisure,1,0,On Time,,,1910,273130
FL00563,16-09-2025,Akasa Air,QP 234,Boeing 737 MAX 8,BOM,Mumbai,BLR,Bengaluru,12:53,13:00,14:28,14:32,95,116,189,0.6138,Business,7,4,On Time,,,3810,441960
FL00572,16-09-2025,Air India,AI 307,Boeing 787-8,DEL,Delhi,HYD,Hyderabad,18:07,18:13,20:26,20:30,139,168,256,0.6562,Business,6,4,On Time,,,6890,1157520
FL02140,16-09-2025,Akasa Air,QP 682,Boeing 737 MAX 8,BOM,Mumbai,AMD,Ahmedabad,20:08,22:10,21:11,23:24,63,156,189,0.8254,Business,122,133,Delayed,Ground Operations,,2350,366600
FL02742,16-09-2025,IndiGo,6E 817,ATR 72,MAA,Chennai,COK,Kochi,17:15,17:16,18:36,18:36,81,55,70,0.7857,Leisure,1,0,On Time,,,2440,134200
FL04651,16-09-2025,Air India,AI 367,Airbus A321,JAI,Jaipur,PNQ,Pune,10:44,10:53,12:26,12:29,102,122,190,0.6421,Leisure,9,3,On Time,,,4520,551440
FL00922,17-09-2025,Air India Express,IX 365,Boeing 737-800,DEL,Delhi,BOM,Mumbai,11:02,13:25,13:09,15:30,127,119,180,0.6611,Business,143,141,Delayed,Air Traffic,,5080,604520
FL01999,17-09-2025,Akasa Air,QP 651,Boeing 737 MAX 8,LKO,Lucknow,DEL,Delhi,07:42,08:27,08:51,09:37,69,106,189,0.5608,Family,45,46,Delayed,Late Arrival of Aircraft,,1800,190800
FL04886,17-09-2025,Air India Express,IX 660,Boeing 737-800,LKO,Lucknow,DEL,Delhi,20:25,20:29,21:39,21:43,74,127,180,0.7056,Leisure,4,4,On Time,,,1800,228600
FL00942,18-09-2025,SpiceJet,SG 340,Boeing 737-800,COK,Kochi,CCU,Kolkata,14:20,14:26,17:35,17:40,195,110,189,0.582,Business,6,5,On Time,,,7600,836000
FL01018,18-09-2025,IndiGo,6E 902,Airbus A320neo,GOI,Goa,CJB,Coimbatore,13:29,13:32,15:02,15:04,93,131,180,0.7278,Leisure,3,2,On Time,,,2610,341910
FL01658,18-09-2025,Air India Express,IX 549,Boeing 737-800,NAG,Nagpur,LKO,Lucknow,06:46,,08:07,,81,0,180,0,Business,0,0,Cancelled,,Technical Issue,2910,0
FL02650,18-09-2025,Air India,AI 385,Airbus A320,AMD,Ahmedabad,BOM,Mumbai,06:13,06:14,07:22,07:24,69,111,174,0.6379,Leisure,1,2,On Time,,,2220,246420
FL02795,18-09-2025,IndiGo,6E 872,ATR 72,PNQ,Pune,BOM,Mumbai,13:58,15:29,14:43,16:15,45,46,70,0.6571,Family,91,92,Delayed,Air Traffic,,1800,82800
FL03326,18-09-2025,Air India,AI 631,Airbus A321,BLR,Bengaluru,HYD,Hyderabad,07:27,07:31,08:36,08:36,69,155,190,0.8158,Business,4,0,On Time,,,2700,418500
FL04038,18-09-2025,IndiGo,6E 294,Airbus A320neo,COK,Kochi,BOM,Mumbai,06:55,08:26,08:54,10:21,119,126,180,0.7,Leisure,91,87,Delayed,Weather,,4910,618660
FL04255,18-09-2025,SpiceJet,SG 277,Boeing 737-800,JAI,Jaipur,DEL,Delhi,08:16,09:40,09:09,10:33,53,127,189,0.672,Leisure,84,84,Delayed,Air Traffic,,1800,228600
FL01578,19-09-2025,IndiGo,6E 603,Airbus A321neo,GOI,Goa,DEL,Delhi,12:05,12:14,14:41,14:45,156,161,220,0.7318,Business,9,4,On Time,,,7960,1281560
FL01667,19-09-2025,Air India Express,IX 555,Boeing 737-800,GOI,Goa,PNQ,Pune,10:04,10:13,10:59,11:13,55,115,180,0.6389,Leisure,9,14,On Time,,,1800,207000
FL02381,19-09-2025,Akasa Air,QP 736,Boeing 737 MAX 8,HYD,Hyderabad,COK,Kochi,14:41,14:47,16:20,16:26,99,125,189,0.6614,Senior Citizen,6,6,On Time,,,3710,463750
FL00325,20-09-2025,IndiGo,6E 392,ATR 72,BOM,Mumbai,PNQ,Pune,15:57,17:52,16:42,18:40,45,49,70,0.7,Business,115,118,Delayed,Weather,,1800,88200
FL00428,20-09-2025,Akasa Air,QP 189,Boeing 737 MAX 8,GOI,Goa,LKO,Lucknow,16:05,18:58,18:31,21:11,146,149,189,0.7884,Student,173,160,Delayed,Weather,,7330,1092170
FL00774,20-09-2025,Air India,AI 416,Airbus A321,CCU,Kolkata,MAA,Chennai,07:01,07:07,09:39,09:48,158,136,190,0.7158,Family,6,9,On Time,,,7630,1037680
FL01855,20-09-2025,IndiGo,6E 840,Airbus A320neo,BOM,Mumbai,COK,Kochi,08:21,09:16,10:11,10:33,110,131,180,0.7278,Leisure,55,22,Delayed,Weather,,5500,720500
FL01903,20-09-2025,Air India,AI 886,Airbus A320,AMD,Ahmedabad,DEL,Delhi,09:02,10:46,10:35,12:20,93,149,174,0.8563,Student,104,105,Delayed,Late Arrival of Aircraft,,4700,700300
FL01959,20-09-2025,Akasa Air,QP 639,Boeing 737 MAX 8,HYD,Hyderabad,PNQ,Pune,06:02,06:09,07:16,07:19,74,128,189,0.6772,Business,7,3,On Time,,,2260,289280
FL01968,20-09-2025,IndiGo,6E 922,Airbus A320neo,BOM,Mumbai,JAI,Jaipur,06:58,07:04,08:45,08:46,107,161,180,0.8944,Family,6,1,On Time,,,5250,845250
FL03328,20-09-2025,IndiGo,6E 538,Airbus A321neo,COK,Kochi,BLR,Bengaluru,14:02,14:11,14:57,15:07,55,140,220,0.6364,Student,9,10,On Time,,,1800,252000
FL03888,20-09-2025,SpiceJet,SG 979,Boeing 737-800,COK,Kochi,PNQ,Pune,09:57,11:57,11:44,13:57,107,149,189,0.7884,Leisure,120,133,Delayed,Weather,,5170,770330
FL04056,20-09-2025,IndiGo,6E 309,ATR 72,NAG,Nagpur,BOM,Mumbai,13:34,13:36,15:01,15:06,87,57,70,0.8143,Senior Citizen,2,5,On Time,,,3190,181830
FL04575,20-09-2025,Air India,AI 344,Boeing 787-8,DEL,Delhi,AMD,Ahmedabad,21:25,22:08,22:55,23:59,90,177,256,0.6914,Family,43,64,Delayed,Late Arrival of Aircraft,,3410,603570
FL04583,20-09-2025,Air India,AI 346,Boeing 787-8,BLR,Bengaluru,MAA,Chennai,19:46,19:55,20:41,20:55,55,222,256,0.8672,Family,9,14,On Time,,,1800,399600
FL04627,20-09-2025,Akasa Air,QP 491,Boeing 737 MAX 8,BLR,Bengaluru,MAA,Chennai,11:23,11:26,12:11,12:16,48,121,189,0.6402,Family,3,5,On Time,,,1800,217800
FL00280,21-09-2025,SpiceJet,SG 182,Boeing 737-800,AMD,Ahmedabad,COK,Kochi,07:30,07:33,10:18,10:19,168,123,189,0.6508,Student,3,1,On Time,,,8150,1002450
FL00390,21-09-2025,IndiGo,6E 445,Airbus A320neo,NAG,Nagpur,BOM,Mumbai,14:50,17:44,16:23,19:25,93,110,180,0.6111,Business,174,182,Delayed,Air Traffic,,3280,360800
FL00441,21-09-2025,IndiGo,6E 490,ATR 72,BOM,Mumbai,MAA,Chennai,10:20,10:27,12:17,12:27,117,50,70,0.7143,Family,7,10,On Time,,,5130,256500
FL00579,21-09-2025,IndiGo,6E 591,Airbus A320neo,JAI,Jaipur,AMD,Ahmedabad,07:48,10:23,09:07,11:49,79,154,180,0.8556,Senior Citizen,155,162,Delayed,Weather,,3020,465080
FL00948,21-09-2025,Akasa Air,QP 362,Boeing 737 MAX 8,PNQ,Pune,COK,Kochi,15:38,17:20,17:29,18:44,111,150,189,0.7937,Family,102,75,Delayed,Technical Issue,,5130,769500
FL01666,21-09-2025,Air India Express,IX 552,Boeing 737-800,AMD,Ahmedabad,HYD,Hyderabad,16:02,16:06,17:42,17:52,100,127,180,0.7056,Leisure,4,10,On Time,,,4540,576580
FL01889,21-09-2025,Akasa Air,QP 616,Boeing 737 MAX 8,COK,Kochi,JAI,Jaipur,05:13,05:13,08:23,08:25,190,157,189,0.8307,Student,0,2,On Time,,,8980,1409860
FL03093,21-09-2025,Air India,AI 548,Boeing 787-8,BLR,Bengaluru,AMD,Ahmedabad,13:28,16:18,15:48,18:39,140,150,256,0.5859,Leisure,170,171,Delayed,Weather,,6600,990000
FL03420,21-09-2025,Air India,AI 661,Boeing 787-8,BOM,Mumbai,DEL,Delhi,08:57,09:04,11:03,11:08,126,184,256,0.7188,Family,7,5,On Time,,,6360,1170240
FL03723,21-09-2025,Air India Express,IX 328,Boeing 737-800,AMD,Ahmedabad,CCU,Kolkata,16:22,16:25,19:06,19:07,164,116,180,0.6444,Student,3,1,On Time,,,7740,897840
FL04492,21-09-2025,Air India Express,IX 550,Boeing 737-8,NAG,Nagpur,COK,Kochi,10:58,12:17,13:11,14:22,133,168,189,0.8889,Family,79,71,Delayed,Late Arrival of Aircraft,,6160,1034880
FL04524,21-09-2025,Akasa Air,QP 469,Boeing 737 MAX 8,CCU,Kolkata,BOM,Mumbai,09:58,10:06,12:53,12:59,175,143,189,0.7566,Business,8,6,On Time,,,8120,1161160
FL00575,22-09-2025,Akasa Air,QP 236,Boeing 737 MAX 8,HYD,Hyderabad,BLR,Bengaluru,14:07,16:38,15:28,17:54,81,166,189,0.8783,Student,151,146,Delayed,Weather,,2030,336980
FL00928,22-09-2025,SpiceJet,SG 335,Bombardier Q400,GOI,Goa,LKO,Lucknow,19:40,19:40,22:22,22:23,162,49,78,0.6282,Leisure,0,1,On Time,,,6050,296450
FL01256,22-09-2025,IndiGo,6E 308,Airbus A320neo,GAU,Guwahati,LKO,Lucknow,10:22,10:28,12:28,12:35,126,111,180,0.6167,Leisure,6,7,On Time,,,5070,562770
FL01320,22-09-2025,IndiGo,6E 383,Airbus A320neo,COK,Kochi,AMD,Ahmedabad,22:17,22:24,00:54,01:04,157,132,180,0.7333,Leisure,7,10,On Time,,,7290,962280
FL01983,22-09-2025,Air India,AI 915,Airbus A321,BLR,Bengaluru,GOI,Goa,11:14,11:14,12:25,12:25,71,99,190,0.5211,Family,0,0,On Time,,,2170,214830
FL03550,22-09-2025,IndiGo,6E 759,ATR 72,PNQ,Pune,CCU,Kolkata,16:28,16:30,19:18,19:28,170,38,70,0.5429,Senior Citizen,2,10,On Time,,,7160,272080
FL03715,22-09-2025,Air India Express,IX 324,Boeing 737-800,DEL,Delhi,BOM,Mumbai,16:13,16:39,18:16,18:32,123,140,180,0.7778,Student,26,16,Delayed,Late Arrival of Aircraft,,5710,799400
FL04003,22-09-2025,Air India Express,IX 406,Boeing 737-800,MAA,Chennai,LKO,Lucknow,12:18,13:24,14:56,16:03,158,138,180,0.7667,Student,66,67,Delayed,Weather,,6620,913560
FL00073,23-09-2025,IndiGo,6E 168,Airbus A320neo,MAA,Chennai,CCU,Kolkata,11:02,11:03,13:31,13:32,149,130,180,0.7222,Student,1,1,On Time,,,6310,820300
FL00655,23-09-2025,IndiGo,6E 640,Airbus A320neo,BLR,Bengaluru,CJB,Coimbatore,06:52,09:45,07:42,10:57,50,141,180,0.7833,Business,173,195,Delayed,Crew,,1800,253800
FL00657,23-09-2025,Air India Express,IX 287,Boeing 737-800,GAU,Guwahati,CCU,Kolkata,11:01,11:02,12:18,12:18,77,102,180,0.5667,Student,1,0,On Time,,,1920,195840
FL00776,23-09-2025,IndiGo,6E 727,Airbus A320neo,DEL,Delhi,CCU,Kolkata,12:08,12:56,14:29,15:37,141,136,180,0.7556,Business,48,68,Delayed,Weather,,6120,832320
FL02092,23-09-2025,IndiGo,6E 234,Airbus A320neo,COK,Kochi,BLR,Bengaluru,15:56,18:32,16:52,19:46,56,119,180,0.6611,Leisure,156,174,Delayed,Weather,,1800,214200
FL02352,23-09-2025,Air India,AI 250,Airbus A321,BOM,Mumbai,AMD,Ahmedabad,10:56,12:49,12:01,13:46,65,114,190,0.6,Business,113,105,Delayed,Air Traffic,,2210,251940
FL02682,23-09-2025,IndiGo,6E 766,ATR 72,PNQ,Pune,AMD,Ahmedabad,12:25,12:33,13:39,13:52,74,59,70,0.8429,Leisure,8,13,On Time,,,2990,176410
FL04319,23-09-2025,Air India Express,IX 496,Boeing 737-8,GOI,Goa,BLR,Bengaluru,15:18,15:25,16:30,16:37,72,153,189,0.8095,Business,7,7,On Time,,,2260,345780
FL01075,24-09-2025,SpiceJet,SG 395,Boeing 737-800,GOI,Goa,AMD,Ahmedabad,09:11,09:19,11:04,11:13,113,124,189,0.6561,Senior Citizen,8,9,On Time,,,3290,407960
FL02918,24-09-2025,Akasa Air,QP 871,Boeing 737 MAX 8,DEL,Delhi,PNQ,Pune,09:50,09:52,11:55,11:55,125,131,189,0.6931,Leisure,2,0,On Time,,,5020,657620
FL03500,24-09-2025,Air India Express,IX 273,Boeing 737-8,DEL,Delhi,BOM,Mumbai,08:03,08:12,10:10,10:24,127,132,189,0.6984,Business,9,14,On Time,,,4970,656040
FL04247,24-09-2025,Air India,AI 223,Boeing 787-8,MAA,Chennai,AMD,Ahmedabad,21:50,21:50,00:14,00:18,144,199,256,0.7773,Student,0,4,On Time,,,7390,1470610
FL04694,24-09-2025,IndiGo,6E 811,Airbus A321neo,DEL,Delhi,AMD,Ahmedabad,16:03,16:09,17:27,17:36,84,146,220,0.6636,Business,6,9,On Time,,,3890,567940
FL04992,24-09-2025,IndiGo,6E 253,Airbus A320neo,HYD,Hyderabad,CCU,Kolkata,20:37,20:45,23:00,23:09,143,155,180,0.8611,Leisure,8,9,On Time,,,5410,838550
FL00780,25-09-2025,Air India,AI 418,Boeing 787-8,BOM,Mumbai,DEL,Delhi,21:40,21:46,23:50,23:58,130,202,256,0.7891,Business,6,8,On Time,,,4930,995860
FL01336,25-09-2025,IndiGo,6E 400,ATR 72,HYD,Hyderabad,GOI,Goa,18:09,18:15,19:20,19:34,71,51,70,0.7286,Leisure,6,14,On Time,,,2380,121380
FL02074,25-09-2025,IndiGo,6E 221,ATR 72,CCU,Kolkata,MAA,Chennai,12:57,12:59,15:27,15:33,150,44,70,0.6286,Senior Citizen,2,6,On Time,,,6020,264880
FL03373,25-09-2025,IndiGo,6E 586,Airbus A320neo,BLR,Bengaluru,BOM,Mumbai,11:47,11:53,13:18,13:30,91,148,180,0.8222,Leisure,6,12,On Time,,,3880,574240
FL03493,25-09-2025,Akasa Air,QP 202,Boeing 737 MAX 8,MAA,Chennai,DEL,Delhi,18:13,,21:16,,183,0,189,0,Business,0,0,Cancelled,,Weather,7920,0
FL04138,25-09-2025,SpiceJet,SG 249,Bombardier Q400,PNQ,Pune,BOM,Mumbai,11:14,13:55,11:59,14:34,45,46,78,0.5897,Family,161,155,Delayed,Weather,,1800,82800
FL00116,26-09-2025,Air India,AI 127,Airbus A321,NAG,Nagpur,DEL,Delhi,22:29,22:30,00:12,00:12,103,114,190,0.6,Leisure,1,0,On Time,,,4240,483360
FL00305,26-09-2025,Akasa Air,QP 166,Boeing 737 MAX 8,DEL,Delhi,BLR,Bengaluru,07:04,07:11,10:08,10:13,184,146,189,0.7725,Senior Citizen,7,5,On Time,,,9110,1330060
FL00521,26-09-2025,SpiceJet,SG 242,Bombardier Q400,MAA,Chennai,HYD,Hyderabad,07:44,08:39,08:58,09:49,74,77,78,0.9872,Leisure,55,51,Delayed,Air Traffic,,2690,207130
FL01497,26-09-2025,IndiGo,6E 545,Airbus A321neo,MAA,Chennai,HYD,Hyderabad,07:15,10:10,08:24,11:06,69,167,220,0.7591,Senior Citizen,175,162,Delayed,Technical Issue,,2490,415830
FL01789,26-09-2025,Akasa Air,QP 585,Boeing 737 MAX 8,GOI,Goa,DEL,Delhi,06:11,06:13,08:56,09:05,165,148,189,0.7831,Leisure,2,9,On Time,,,7570,1120360
FL02156,26-09-2025,IndiGo,6E 289,ATR 72,AMD,Ahmedabad,JAI,Jaipur,13:29,14:47,14:45,17:49,76,50,70,0.7143,Leisure,78,184,Diverted,Technical Issue,,2540,127000
FL03743,26-09-2025,Air India Express,IX 335,Boeing 737-800,BOM,Mumbai,GOI,Goa,10:01,11:17,11:10,12:15,69,128,180,0.7111,Student,76,65,Delayed,Late Arrival of Aircraft,,1800,230400
FL04278,26-09-2025,IndiGo,6E 482,Airbus A320neo,DEL,Delhi,PNQ,Pune,12:41,15:18,15:01,17:34,140,136,180,0.7556,Family,157,153,Delayed,Technical Issue,,6490,882640
FL04499,26-09-2025,Air India,AI 320,Airbus A320,CJB,Coimbatore,HYD,Hyderabad,06:25,06:34,07:53,07:58,88,132,174,0.7586,Family,9,5,On Time,,,3830,505560
FL04607,26-09-2025,IndiGo,6E 750,Airbus A321neo,CCU,Kolkata,DEL,Delhi,18:13,18:16,20:42,20:44,149,160,220,0.7273,Family,3,2,On Time,,,6540,1046400
FL04689,26-09-2025,Akasa Air,QP 506,Boeing 737 MAX 8,BOM,Mumbai,DEL,Delhi,20:25,21:22,22:31,01:02,126,129,189,0.6825,Business,57,151,Diverted,Weather,,4870,628230
FL00003,27-09-2025,IndiGo,6E 102,ATR 72,GOI,Goa,BOM,Mumbai,05:33,05:34,06:29,06:29,56,48,70,0.6857,Family,1,0,On Time,,,2400,115200
FL00646,27-09-2025,IndiGo,6E 630,Airbus A320neo,BLR,Bengaluru,MAA,Chennai,15:20,15:43,16:11,16:41,51,119,180,0.6611,Leisure,23,30,Delayed,Technical Issue,,1800,214200
FL00853,27-09-2025,Air India,AI 447,Airbus A320,DEL,Delhi,HYD,Hyderabad,14:08,14:14,16:28,16:35,140,153,174,0.8793,Student,6,7,On Time,,,6520,997560
FL02578,27-09-2025,SpiceJet,SG 688,Bombardier Q400,DEL,Delhi,MAA,Chennai,15:47,15:55,18:53,19:03,186,76,78,0.9744,Business,8,10,On Time,,,9280,705280
FL03149,27-09-2025,Air India,AI 564,Airbus A321,JAI,Jaipur,DEL,Delhi,14:24,14:24,15:17,15:23,53,151,190,0.7947,Leisure,0,6,On Time,,,1800,271800
FL04941,27-09-2025,Air India,AI 506,Boeing 787-8,GAU,Guwahati,BLR,Bengaluru,13:37,15:49,17:00,19:22,203,174,256,0.6797,Business,132,142,Delayed,Technical Issue,,9950,1731300
FL04957,27-09-2025,IndiGo,6E 235,Airbus A320neo,AMD,Ahmedabad,JAI,Jaipur,16:56,17:04,18:21,18:30,85,113,180,0.6278,Student,8,9,On Time,,,2310,261030
FL01241,28-09-2025,Akasa Air,QP 431,Boeing 737 MAX 8,PNQ,Pune,BLR,Bengaluru,10:40,13:03,12:10,14:15,90,174,189,0.9206,Leisure,143,125,Delayed,Air Traffic,,3450,600300
FL01866,28-09-2025,Air India,AI 871,Airbus A320,HYD,Hyderabad,COK,Kochi,17:41,17:48,19:23,19:27,102,135,174,0.7759,Family,7,4,On Time,,,4560,615600
FL01981,28-09-2025,Air India,AI 912,Airbus A320,CJB,Coimbatore,BLR,Bengaluru,11:28,11:37,12:18,12:29,50,109,174,0.6264,Family,9,11,On Time,,,1800,196200
FL02071,28-09-2025,Air India Express,IX 671,Boeing 737-8,PNQ,Pune,COK,Kochi,06:14,06:20,08:02,08:11,108,147,189,0.7778,Leisure,6,9,On Time,,,3890,571830
FL02279,28-09-2025,Air India,AI 222,Airbus A321,COK,Kochi,GAU,Guwahati,11:05,11:08,14:51,14:58,226,149,190,0.7842,Business,3,7,On Time,,,10500,1564500
FL03028,28-09-2025,Air India,AI 521,Boeing 787-8,AMD,Ahmedabad,CCU,Kolkata,17:36,17:43,20:22,20:22,166,193,256,0.7539,Family,7,0,On Time,,,8330,1607690
FL03650,28-09-2025,Air India,AI 752,Airbus A320,PNQ,Pune,HYD,Hyderabad,07:04,07:11,08:13,08:18,69,110,174,0.6322,Senior Citizen,7,5,On Time,,,2600,286000
FL04163,28-09-2025,Akasa Air,QP 383,Boeing 737 MAX 8,PNQ,Pune,GOI,Goa,18:20,18:26,19:19,19:21,59,123,189,0.6508,Family,6,2,On Time,,,1800,221400
FL04885,28-09-2025,Akasa Air,QP 568,Boeing 737 MAX 8,BLR,Bengaluru,MAA,Chennai,15:05,15:28,15:56,16:05,51,152,189,0.8042,Senior Citizen,23,9,Delayed,Technical Issue,,1800,273600
FL00334,29-09-2025,IndiGo,6E 406,ATR 72,BOM,Mumbai,AMD,Ahmedabad,09:03,09:07,10:06,10:15,63,45,70,0.6429,Senior Citizen,4,9,On Time,,,2050,92250
FL01049,29-09-2025,IndiGo,6E 915,Airbus A321neo,BLR,Bengaluru,AMD,Ahmedabad,05:53,06:01,08:05,08:11,132,187,220,0.85,Leisure,8,6,On Time,,,5870,1097690
FL01099,29-09-2025,IndiGo,6E 967,Airbus A321neo,PNQ,Pune,BLR,Bengaluru,13:00,15:27,14:32,16:40,92,136,220,0.6182,Leisure,147,128,Delayed,Weather,,3060,416160
FL01166,29-09-2025,Air India,AI 567,Airbus A321,PNQ,Pune,HYD,Hyderabad,11:24,13:22,12:42,14:38,78,148,190,0.7789,Family,118,116,Delayed,Technical Issue,,2560,378880
FL02618,29-09-2025,Air India,AI 367,Airbus A321,PNQ,Pune,GAU,Guwahati,09:35,11:13,12:59,14:38,204,125,190,0.6579,Business,98,99,Delayed,Late Arrival of Aircraft,,10790,1348750
FL02715,29-09-2025,IndiGo,6E 795,Airbus A320neo,BLR,Bengaluru,GOI,Goa,11:08,11:14,12:17,12:29,69,138,180,0.7667,Student,6,12,On Time,,,2250,310500
FL03421,29-09-2025,IndiGo,6E 635,Airbus A321neo,BLR,Bengaluru,LKO,Lucknow,17:13,17:13,19:54,19:54,161,153,220,0.6955,Senior Citizen,0,0,On Time,,,7180,1098540
FL03567,29-09-2025,Air India,AI 719,Airbus A320,GAU,Guwahati,DEL,Delhi,21:10,21:13,23:46,23:50,156,103,174,0.592,Leisure,3,4,On Time,,,6250,643750
FL00743,30-09-2025,IndiGo,6E 705,ATR 72,GOI,Goa,HYD,Hyderabad,10:37,10:39,11:54,11:56,77,57,70,0.8143,Business,2,2,On Time,,,2310,131670
FL01632,30-09-2025,Air India,AI 762,Airbus A321,DEL,Delhi,GOI,Goa,13:25,16:08,16:02,18:40,157,123,190,0.6474,Family,163,158,Delayed,Weather,,7270,894210
FL02347,30-09-2025,IndiGo,6E 454,ATR 72,HYD,Hyderabad,MAA,Chennai,13:44,13:49,15:03,15:07,79,48,70,0.6857,Business,5,4,On Time,,,2430,116640
FL04274,30-09-2025,SpiceJet,SG 284,Boeing 737-800,PNQ,Pune,DEL,Delhi,10:29,10:38,12:35,12:43,126,133,189,0.7037,Business,9,8,On Time,,,4990,663670
FL01453,01-10-2025,IndiGo,6E 496,Airbus A321neo,MAA,Chennai,GAU,Guwahati,21:44,21:49,01:03,01:03,199,176,220,0.8,Business,5,0,On Time,,,10220,1798720
FL02472,01-10-2025,IndiGo,6E 578,Airbus A320neo,GOI,Goa,AMD,Ahmedabad,16:11,16:11,17:51,17:57,100,173,180,0.9611,Leisure,0,6,On Time,,,5080,878840
FL02644,01-10-2025,IndiGo,6E 721,Airbus A320neo,AMD,Ahmedabad,BOM,Mumbai,18:12,18:16,19:18,19:19,66,113,180,0.6278,Student,4,1,On Time,,,2070,233910
FL03188,01-10-2025,IndiGo,6E 423,Airbus A320neo,MAA,Chennai,BOM,Mumbai,17:15,17:16,19:12,19:13,117,135,180,0.75,Business,1,1,On Time,,,6070,819450
FL03551,01-10-2025,IndiGo,6E 761,Airbus A321neo,COK,Kochi,JAI,Jaipur,22:24,22:29,01:28,01:37,184,171,220,0.7773,Leisure,5,9,On Time,,,10740,1836540
FL04611,01-10-2025,IndiGo,6E 752,Airbus A321neo,NAG,Nagpur,MAA,Chennai,19:42,19:47,21:18,21:18,96,135,220,0.6136,Family,5,0,On Time,,,4630,625050
FL00640,02-10-2025,IndiGo,6E 627,ATR 72,COK,Kochi,BOM,Mumbai,18:03,18:09,20:09,20:17,126,46,70,0.6571,Leisure,6,8,On Time,,,4960,228160
FL00867,02-10-2025,IndiGo,6E 806,ATR 72,JAI,Jaipur,DEL,Delhi,05:46,05:50,06:42,06:45,56,62,70,0.8857,Student,4,3,On Time,,,1800,111600
FL01728,02-10-2025,Air India Express,IX 572,Boeing 737-800,BLR,Bengaluru,GOI,Goa,20:32,20:34,21:34,21:35,62,156,180,0.8667,Student,2,1,On Time,,,2910,453960
FL03913,02-10-2025,Akasa Air,QP 298,Boeing 737 MAX 8,PNQ,Pune,DEL,Delhi,10:06,10:31,12:13,12:45,127,144,189,0.7619,Family,25,32,Delayed,Technical Issue,,6090,876960
FL04118,02-10-2025,IndiGo,6E 367,Airbus A320neo,COK,Kochi,BLR,Bengaluru,13:51,13:57,14:52,15:02,61,157,180,0.8722,Family,6,10,On Time,,,1910,299870
FL04485,02-10-2025,Air India,AI 317,Boeing 787-8,AMD,Ahmedabad,LKO,Lucknow,11:44,11:53,13:36,13:44,112,215,256,0.8398,Family,9,8,On Time,,,5560,1195400
FL00607,03-10-2025,IndiGo,6E 606,Airbus A321neo,DEL,Delhi,AMD,Ahmedabad,15:34,15:37,17:06,17:08,92,214,220,0.9727,Family,3,2,On Time,,,4970,1063580
FL01279,03-10-2025,IndiGo,6E 347,Airbus A320neo,AMD,Ahmedabad,GAU,Guwahati,14:35,14:42,17:58,18:09,203,133,180,0.7389,Leisure,7,11,On Time,,,10000,1330000
FL01560,03-10-2025,Air India,AI 732,Airbus A320,BLR,Bengaluru,MAA,Chennai,08:27,08:30,09:19,09:20,52,138,174,0.7931,Business,3,1,On Time,,,1800,248400
FL01735,03-10-2025,Akasa Air,QP 571,Boeing 737 MAX 8,BOM,Mumbai,BLR,Bengaluru,11:47,11:53,13:31,13:42,104,158,189,0.836,Leisure,6,11,On Time,,,5140,812120
FL03177,03-10-2025,Air India,AI 574,Airbus A321,PNQ,Pune,BOM,Mumbai,17:13,17:15,17:58,17:58,45,149,190,0.7842,Business,2,0,On Time,,,1800,268200
FL03382,03-10-2025,Air India,AI 649,Boeing 787-8,COK,Kochi,BLR,Bengaluru,07:58,08:06,08:55,09:03,57,209,256,0.8164,Leisure,8,8,On Time,,,2300,480700
FL03922,03-10-2025,Air India,AI 886,Airbus A320,AMD,Ahmedabad,LKO,Lucknow,12:49,12:53,14:28,14:28,99,119,174,0.6839,Student,4,0,On Time,,,5970,710430
FL04538,03-10-2025,SpiceJet,SG 366,Bombardier Q400,BLR,Bengaluru,MAA,Chennai,10:17,10:22,11:10,11:22,53,76,78,0.9744,Leisure,5,12,On Time,,,1800,136800
FL00246,04-10-2025,Akasa Air,QP 150,Boeing 737 MAX 8,PNQ,Pune,HYD,Hyderabad,14:36,14:42,15:47,15:56,71,147,189,0.7778,Leisure,6,9,On Time,,,2590,380730
FL00252,04-10-2025,SpiceJet,SG 171,Boeing 737-800,DEL,Delhi,GOI,Goa,06:03,06:10,08:41,08:50,158,161,189,0.8519,Senior Citizen,7,9,On Time,,,8420,1355620
FL01409,04-10-2025,Air India,AI 679,Airbus A321,PNQ,Pune,HYD,Hyderabad,15:32,15:34,16:42,16:42,70,146,190,0.7684,Family,2,0,On Time,,,3090,451140
FL01670,04-10-2025,Air India Express,IX 557,Boeing 737-800,JAI,Jaipur,MAA,Chennai,14:33,14:33,17:23,17:23,170,120,180,0.6667,Business,0,0,On Time,,,8330,999600
FL02337,04-10-2025,IndiGo,6E 446,Airbus A320neo,PNQ,Pune,BLR,Bengaluru,21:04,21:09,22:39,22:42,95,141,180,0.7833,Family,5,3,On Time,,,3900,549900
FL03522,04-10-2025,Akasa Air,QP 213,Boeing 737 MAX 8,HYD,Hyderabad,PNQ,Pune,16:26,16:50,17:36,18:05,70,148,189,0.7831,Student,24,29,Delayed,Late Arrival of Aircraft,,2860,423280
FL03711,04-10-2025,IndiGo,6E 895,Airbus A320neo,AMD,Ahmedabad,HYD,Hyderabad,11:54,11:59,13:36,13:45,102,143,180,0.7944,Senior Citizen,5,9,On Time,,,5030,719290
FL04238,04-10-2025,Air India,AI 218,Boeing 787-8,PNQ,Pune,LKO,Lucknow,21:17,21:20,23:26,23:26,129,234,256,0.9141,Family,3,0,On Time,,,8180,1914120
FL04786,04-10-2025,IndiGo,6E 888,Airbus A321neo,PNQ,Pune,BLR,Bengaluru,14:53,15:02,16:19,16:30,86,131,220,0.5955,Leisure,9,11,On Time,,,3440,450640
FL02270,05-10-2025,IndiGo,6E 392,Airbus A321neo,HYD,Hyderabad,PNQ,Pune,22:06,00:01,23:15,00:57,69,155,220,0.7045,Leisure,115,102,Delayed,Technical Issue,,2940,455700
FL02275,05-10-2025,Air India Express,IX 736,Boeing 737-8,AMD,Ahmedabad,BLR,Bengaluru,09:49,09:52,11:58,12:01,129,120,189,0.6349,Family,3,3,On Time,,,6080,729600
FL02757,05-10-2025,IndiGo,6E 836,Airbus A321neo,BOM,Mumbai,MAA,Chennai,05:05,05:35,07:00,07:32,115,185,220,0.8409,Leisure,30,32,Delayed,Late Arrival of Aircraft,,5930,1097050
FL03075,05-10-2025,IndiGo,6E 324,Airbus A321neo,CJB,Coimbatore,CCU,Kolkata,13:48,13:57,16:48,17:01,180,154,220,0.7,Family,9,13,On Time,,,11370,1750980
FL03597,05-10-2025,IndiGo,6E 789,Airbus A321neo,PNQ,Pune,MAA,Chennai,09:33,09:33,11:28,11:31,115,136,220,0.6182,Business,0,3,On Time,,,4550,618800
FL04656,05-10-2025,IndiGo,6E 785,Airbus A320neo,GOI,Goa,GAU,Guwahati,14:38,14:58,18:11,18:38,213,145,180,0.8056,Leisure,20,27,Delayed,Technical Issue,,14600,2117000
FL04749,05-10-2025,SpiceJet,SG 428,Boeing 737-800,JAI,Jaipur,BLR,Bengaluru,12:51,13:55,15:30,16:47,159,156,189,0.8254,Student,64,77,Delayed,Late Arrival of Aircraft,,9920,1547520
FL01378,06-10-2025,IndiGo,6E 435,Airbus A321neo,LKO,Lucknow,HYD,Hyderabad,06:16,06:24,08:19,08:24,123,174,220,0.7909,Family,8,5,On Time,,,6460,1124040
FL02700,06-10-2025,Air India,AI 403,Airbus A321,COK,Kochi,HYD,Hyderabad,09:41,09:41,11:17,11:20,96,160,190,0.8421,Family,0,3,On Time,,,4850,776000
FL01195,07-10-2025,Air India Express,IX 435,Boeing 737-800,DEL,Delhi,COK,Kochi,22:17,,01:42,,205,0,180,0,Business,0,0,Cancelled,,Weather,9390,0
FL01580,07-10-2025,Air India,AI 748,Airbus A321,NAG,Nagpur,GAU,Guwahati,16:16,16:25,18:37,18:41,141,132,190,0.6947,Student,9,4,On Time,,,8290,1094280
FL02213,07-10-2025,Air India Express,IX 713,Boeing 737-800,PNQ,Pune,MAA,Chennai,08:33,08:39,10:14,10:22,101,121,180,0.6722,Senior Citizen,6,8,On Time,,,4320,522720
FL02377,07-10-2025,IndiGo,6E 490,ATR 72,DEL,Delhi,NAG,Nagpur,12:51,14:41,14:28,16:17,97,52,70,0.7429,Leisure,110,109,Delayed,Air Traffic,,4540,236080
FL02461,07-10-2025,Akasa Air,QP 761,Boeing 737 MAX 8,MAA,Chennai,GOI,Goa,12:04,12:07,13:41,13:43,97,120,189,0.6349,Leisure,3,2,On Time,,,3110,373200
FL02812,07-10-2025,Air India Express,IX 905,Boeing 737-800,COK,Kochi,MAA,Chennai,22:01,22:07,23:17,23:25,76,166,180,0.9222,Leisure,6,8,On Time,,,2940,488040
FL04226,07-10-2025,SpiceJet,SG 271,Bombardier Q400,JAI,Jaipur,DEL,Delhi,12:59,12:59,13:50,13:50,51,56,78,0.7179,Student,0,0,On Time,,,1800,100800
FL04974,07-10-2025,Akasa Air,QP 600,Boeing 737 MAX 8,HYD,Hyderabad,MAA,Chennai,07:33,07:42,08:59,09:07,86,160,189,0.8466,Leisure,9,8,On Time,,,3100,496000
FL00198,08-10-2025,Air India Express,IX 162,Boeing 737-800,HYD,Hyderabad,CCU,Kolkata,15:44,15:53,17:54,18:05,130,136,180,0.7556,Leisure,9,11,On Time,,,5430,738480
FL00704,08-10-2025,Air India Express,IX 298,Boeing 737-800,GOI,Goa,DEL,Delhi,14:20,14:24,16:54,17:03,154,165,180,0.9167,Family,4,9,On Time,,,7610,1255650
FL00829,08-10-2025,Air India,AI 440,Airbus A321,CCU,Kolkata,MAA,Chennai,14:12,14:21,16:41,16:50,149,159,190,0.8368,Business,9,9,On Time,,,9010,1432590
FL00949,08-10-2025,Air India,AI 488,Airbus A321,HYD,Hyderabad,AMD,Ahmedabad,05:57,06:00,07:48,07:50,111,140,190,0.7368,Senior Citizen,3,2,On Time,,,5280,739200
FL01355,08-10-2025,Air India,AI 654,Airbus A320,BLR,Bengaluru,GOI,Goa,05:59,06:00,07:22,07:25,83,160,174,0.9195,Student,1,3,On Time,,,2820,451200
FL04680,08-10-2025,Air India Express,IX 612,Boeing 737-8,MAA,Chennai,DEL,Delhi,07:41,07:42,10:34,10:39,173,115,189,0.6085,Student,1,5,On Time,,,8590,987850
FL00279,09-10-2025,IndiGo,6E 366,Airbus A321neo,BOM,Mumbai,LKO,Lucknow,15:07,15:07,17:17,17:17,130,153,220,0.6955,Leisure,0,0,On Time,,,6160,942480
FL01071,09-10-2025,SpiceJet,SG 394,Boeing 737-800,GAU,Guwahati,JAI,Jaipur,21:41,21:48,00:26,00:31,165,136,189,0.7196,Senior Citizen,7,5,On Time,,,7510,1021360
FL01193,09-10-2025,Air India Express,IX 434,Boeing 737-8,BLR,Bengaluru,DEL,Delhi,19:35,20:14,22:36,23:17,181,152,189,0.8042,Business,39,41,Delayed,Late Arrival of Aircraft,,8350,1269200
FL01709,09-10-2025,Air India,AI 804,Airbus A321,COK,Kochi,GOI,Goa,06:45,06:45,08:20,08:21,95,132,190,0.6947,Leisure,0,1,On Time,,,3750,495000
FL02693,09-10-2025,SpiceJet,SG 712,Boeing 737-800,MAA,Chennai,DEL,Delhi,06:48,07:07,09:46,10:06,178,161,189,0.8519,Family,19,20,Delayed,Air Traffic,,10080,1622880
FL02695,09-10-2025,Air India,AI 401,Boeing 787-8,BLR,Bengaluru,COK,Kochi,19:17,19:20,20:19,20:23,62,171,256,0.668,Business,3,4,On Time,,,1960,335160
FL02950,09-10-2025,Akasa Air,QP 878,Boeing 737 MAX 8,GAU,Guwahati,HYD,Hyderabad,16:40,18:13,19:45,21:14,185,124,189,0.6561,Leisure,93,89,Delayed,Crew,,8190,1015560
FL02980,09-10-2025,Akasa Air,QP 888,Boeing 737 MAX 8,MAA,Chennai,HYD,Hyderabad,11:35,11:44,12:42,12:49,67,118,189,0.6243,Business,9,7,On Time,,,2300,271400
FL03091,09-10-2025,IndiGo,6E 332,ATR 72,HYD,Hyderabad,MAA,Chennai,09:51,10:21,11:10,11:40,79,62,70,0.8857,Business,30,30,Delayed,Weather,,3000,186000
FL03949,09-10-2025,SpiceJet,SG 997,Boeing 737-800,MAA,Chennai,CCU,Kolkata,06:48,06:54,09:14,09:15,146,119,189,0.6296,Leisure,6,1,On Time,,,6280,747320
FL04409,09-10-2025,IndiGo,6E 589,ATR 72,AMD,Ahmedabad,BOM,Mumbai,05:13,05:21,06:31,06:31,78,55,70,0.7857,Family,8,0,On Time,,,2030,111650
FL04669,09-10-2025,IndiGo,6E 796,Airbus A321neo,NAG,Nagpur,DEL,Delhi,15:37,16:57,17:22,18:30,105,202,220,0.9182,Student,80,68,Delayed,Air Traffic,,5170,1044340
FL00912,10-10-2025,Air India,AI 466,Airbus A320,BOM,Mumbai,BLR,Bengaluru,13:22,15:36,14:59,17:09,97,126,174,0.7241,Student,134,130,Delayed,Late Arrival of Aircraft,,5210,656460
FL01679,10-10-2025,Air India,AI 792,Boeing 787-8,DEL,Delhi,CCU,Kolkata,09:29,09:35,11:51,12:00,142,228,256,0.8906,Student,6,9,On Time,,,7880,1796640
FL02236,10-10-2025,SpiceJet,SG 612,Bombardier Q400,GOI,Goa,HYD,Hyderabad,19:51,21:30,21:09,22:35,78,56,78,0.7179,Leisure,99,86,Delayed,Late Arrival of Aircraft,,2880,161280
FL02621,10-10-2025,Air India Express,IX 843,Boeing 737-800,HYD,Hyderabad,BLR,Bengaluru,07:59,08:02,09:07,09:14,68,145,180,0.8056,Business,3,7,On Time,,,2560,371200
FL03748,10-10-2025,Air India,AI 800,Airbus A320,JAI,Jaipur,LKO,Lucknow,17:44,,19:02,,78,0,174,0,Family,0,0,Cancelled,,Air Traffic,3120,0
FL04348,10-10-2025,SpiceJet,SG 302,Boeing 737-800,JAI,Jaipur,BOM,Mumbai,07:25,07:27,09:06,09:07,101,128,189,0.6772,Business,2,1,On Time,,,5250,672000
FL04513,10-10-2025,Air India Express,IX 562,Boeing 737-800,BLR,Bengaluru,COK,Kochi,21:47,21:55,22:43,22:52,56,127,180,0.7056,Leisure,8,9,On Time,,,1880,238760
FL04572,10-10-2025,IndiGo,6E 722,Airbus A321neo,PNQ,Pune,MAA,Chennai,05:32,08:04,07:17,09:56,105,173,220,0.7864,Leisure,152,159,Delayed,Late Arrival of Aircraft,,5360,927280
FL00406,11-10-2025,IndiGo,6E 455,Airbus A321neo,AMD,Ahmedabad,CCU,Kolkata,09:02,09:06,12:00,12:01,178,180,220,0.8182,Business,4,1,On Time,,,9630,1733400
FL00858,11-10-2025,Air India Express,IX 349,Boeing 737-8,CCU,Kolkata,BLR,Bengaluru,17:08,17:12,19:49,19:53,161,137,189,0.7249,Student,4,4,On Time,,,7760,1063120
FL01152,11-10-2025,IndiGo,6E 219,Airbus A320neo,AMD,Ahmedabad,HYD,Hyderabad,08:38,08:47,10:27,10:39,109,161,180,0.8944,Business,9,12,On Time,,,4880,785680
FL01326,11-10-2025,IndiGo,6E 391,Airbus A320neo,BOM,Mumbai,NAG,Nagpur,06:37,06:43,08:05,08:08,88,159,180,0.8833,Senior Citizen,6,3,On Time,,,3850,612150
FL01339,11-10-2025,Air India,AI 646,Boeing 787-8,BOM,Mumbai,PNQ,Pune,21:06,21:11,21:51,21:52,45,217,256,0.8477,Student,5,1,On Time,,,1800,390600
FL03405,11-10-2025,IndiGo,6E 610,Airbus A320neo,NAG,Nagpur,BLR,Bengaluru,06:50,06:55,08:38,08:43,108,124,180,0.6889,Student,5,5,On Time,,,4720,585280
FL03428,11-10-2025,Air India,AI 670,Airbus A321,BLR,Bengaluru,MAA,Chennai,09:05,09:14,10:01,10:12,56,163,190,0.8579,Senior Citizen,9,11,On Time,,,1800,293400
FL03445,11-10-2025,IndiGo,6E 653,Airbus A320neo,LKO,Lucknow,DEL,Delhi,20:26,20:33,21:29,21:31,63,141,180,0.7833,Leisure,7,2,On Time,,,2670,376470
FL03676,11-10-2025,SpiceJet,SG 939,Boeing 737-800,AMD,Ahmedabad,CCU,Kolkata,12:15,12:15,14:59,14:59,164,163,189,0.8624,Business,0,0,On Time,,,9040,1473520
FL04443,11-10-2025,IndiGo,6E 626,Airbus A320neo,AMD,Ahmedabad,BOM,Mumbai,17:04,17:05,18:16,18:17,72,147,180,0.8167,Student,1,1,On Time,,,2660,391020
FL04841,11-10-2025,IndiGo,6E 926,Airbus A321neo,COK,Kochi,CCU,Kolkata,17:09,19:55,20:27,23:21,198,185,220,0.8409,Leisure,166,174,Delayed,Ground Operations,,11550,2136750
FL04904,11-10-2025,IndiGo,6E 989,Airbus A321neo,MAA,Chennai,CJB,Coimbatore,09:43,09:47,10:52,10:58,69,135,220,0.6136,Family,4,6,On Time,,,2320,313200
FL00817,12-10-2025,Air India Express,IX 325,Boeing 737-8,HYD,Hyderabad,DEL,Delhi,19:04,20:04,21:23,22:09,139,130,189,0.6878,Business,60,46,Delayed,Late Arrival of Aircraft,,6190,804700
FL02165,12-10-2025,IndiGo,6E 299,ATR 72,NAG,Nagpur,BLR,Bengaluru,12:10,12:14,14:03,14:14,113,56,70,0.8,Student,4,11,On Time,,,5080,284480
FL03249,12-10-2025,SpiceJet,SG 831,Bombardier Q400,HYD,Hyderabad,GAU,Guwahati,17:27,17:36,20:22,20:32,175,67,78,0.859,Student,9,10,On Time,,,9820,657940
FL03659,12-10-2025,Air India,AI 757,Airbus A320,COK,Kochi,BOM,Mumbai,08:55,08:56,11:05,11:05,130,121,174,0.6954,Student,1,0,On Time,,,7500,907500
FL04907,12-10-2025,Air India Express,IX 665,Boeing 737-800,CCU,Kolkata,LKO,Lucknow,06:33,06:33,08:17,08:17,104,141,180,0.7833,Leisure,0,0,On Time,,,4540,640140
FL04924,12-10-2025,IndiGo,6E 210,ATR 72,DEL,Delhi,COK,Kochi,13:25,13:33,16:48,16:56,203,57,70,0.8143,Leisure,8,8,On Time,,,11120,633840
FL00896,13-10-2025,SpiceJet,SG 329,Bombardier Q400,GOI,Goa,BLR,Bengaluru,14:42,14:50,15:51,16:03,69,44,78,0.5641,Business,8,12,On Time,,,1920,84480
FL01774,13-10-2025,Air India Express,IX 588,Boeing 737-800,CJB,Coimbatore,HYD,Hyderabad,09:16,09:18,10:47,10:47,91,120,180,0.6667,Leisure,2,0,On Time,,,3090,370800
FL02646,13-10-2025,SpiceJet,SG 703,Boeing 737-800,BLR,Bengaluru,PNQ,Pune,05:05,05:31,06:35,06:58,90,140,189,0.7407,Leisure,26,23,Delayed,Ground Operations,,3690,516600
FL02755,13-10-2025,SpiceJet,SG 726,Bombardier Q400,MAA,Chennai,BLR,Bengaluru,08:11,08:12,09:17,09:17,66,70,78,0.8974,Senior Citizen,1,0,On Time,,,1800,126000
FL02934,13-10-2025,Air India Express,IX 939,Boeing 737-800,BOM,Mumbai,GOI,Goa,22:16,,23:22,,66,0,180,0,Family,0,0,Cancelled,,Technical Issue,1990,0
FL03908,13-10-2025,Air India,AI 883,Airbus A321,GOI,Goa,AMD,Ahmedabad,14:14,14:22,16:03,16:17,109,149,190,0.7842,Family,8,14,On Time,,,5130,764370
FL03946,13-10-2025,Akasa Air,QP 313,Boeing 737 MAX 8,AMD,Ahmedabad,DEL,Delhi,14:30,14:32,16:11,16:14,101,154,189,0.8148,Senior Citizen,2,3,On Time,,,3890,599060
FL04657,13-10-2025,SpiceJet,SG 409,Boeing 737-800,MAA,Chennai,BLR,Bengaluru,17:31,17:32,18:19,18:19,48,111,189,0.5873,Leisure,1,0,On Time,,,1800,199800
FL01523,14-10-2025,Akasa Air,QP 507,Boeing 737 MAX 8,DEL,Delhi,COK,Kochi,06:42,06:46,09:57,10:08,195,160,189,0.8466,Family,4,11,On Time,,,10960,1753600
FL01714,14-10-2025,IndiGo,6E 719,ATR 72,PNQ,Pune,BOM,Mumbai,09:59,10:02,10:50,10:53,51,54,70,0.7714,Leisure,3,3,On Time,,,1800,97200
FL02495,14-10-2025,Air India Express,IX 797,Boeing 737-800,GAU,Guwahati,BOM,Mumbai,07:08,07:11,10:39,10:42,211,147,180,0.8167,Family,3,3,On Time,,,10540,1549380
FL03064,14-10-2025,SpiceJet,SG 798,Boeing 737-800,GOI,Goa,DEL,Delhi,06:48,07:20,09:26,09:56,158,170,189,0.8995,Family,32,30,Delayed,Late Arrival of Aircraft,,7910,1344700
FL03338,14-10-2025,Akasa Air,QP 960,Boeing 737 MAX 8,BOM,Mumbai,HYD,Hyderabad,21:10,21:31,22:41,23:11,91,143,189,0.7566,Leisure,21,30,Delayed,Late Arrival of Aircraft,,2960,423280
FL03598,14-10-2025,Akasa Air,QP 233,Boeing 737 MAX 8,PNQ,Pune,HYD,Hyderabad,05:15,05:21,06:26,06:32,71,134,189,0.709,Family,6,6,On Time,,,2410,322940
FL03701,14-10-2025,Akasa Air,QP 251,Boeing 737 MAX 8,BLR,Bengaluru,JAI,Jaipur,11:19,11:25,13:54,13:58,155,138,189,0.7302,Student,6,4,On Time,,,7780,1073640
FL04590,14-10-2025,Air India,AI 348,Boeing 787-8,BOM,Mumbai,COK,Kochi,17:43,17:49,19:45,19:54,122,194,256,0.7578,Leisure,6,9,On Time,,,5710,1107740
FL00452,15-10-2025,SpiceJet,SG 229,Boeing 737-800,COK,Kochi,BLR,Bengaluru,20:23,20:24,21:24,21:27,61,95,189,0.5026,Family,1,3,On Time,,,1800,171000
FL01120,15-10-2025,Air India Express,IX 414,Boeing 737-8,DEL,Delhi,BOM,Mumbai,09:35,09:43,11:44,11:58,129,136,189,0.7196,Business,8,14,On Time,,,5380,731680
FL02006,15-10-2025,IndiGo,6E 963,ATR 72,MAA,Chennai,COK,Kochi,15:09,15:10,16:24,16:25,75,52,70,0.7429,Business,1,1,On Time,,,2880,149760
FL04198,15-10-2025,IndiGo,6E 421,ATR 72,BLR,Bengaluru,COK,Kochi,09:58,10:00,11:04,11:05,66,57,70,0.8143,Family,2,1,On Time,,,2010,114570
FL00502,16-10-2025,IndiGo,6E 543,Airbus A320neo,CCU,Kolkata,DEL,Delhi,09:45,09:53,11:58,12:09,133,139,180,0.7722,Senior Citizen,8,11,On Time,,,7980,1109220
FL01737,16-10-2025,Akasa Air,QP 573,Boeing 737 MAX 8,DEL,Delhi,BLR,Bengaluru,18:57,19:03,21:48,21:58,171,157,189,0.8307,Business,6,10,On Time,,,9710,1524470
FL02364,16-10-2025,Air India Express,IX 760,Boeing 737-800,GOI,Goa,CJB,Coimbatore,22:19,22:20,23:42,23:44,83,131,180,0.7278,Senior Citizen,1,2,On Time,,,3080,403480
FL03543,16-10-2025,IndiGo,6E 750,Airbus A320neo,HYD,Hyderabad,BOM,Mumbai,13:51,14:50,15:14,16:04,83,151,180,0.8389,Student,59,50,Delayed,Crew,,3390,511890
FL03627,16-10-2025,Air India Express,IX 309,Boeing 737-800,HYD,Hyderabad,DEL,Delhi,11:51,13:15,14:12,15:21,141,153,180,0.85,Leisure,84,69,Delayed,Air Traffic,,5980,914940
FL04862,16-10-2025,Air India Express,IX 656,Boeing 737-800,MAA,Chennai,CJB,Coimbatore,13:59,14:08,15:02,15:03,63,140,180,0.7778,Business,9,1,On Time,,,1960,274400
FL00662,17-10-2025,Air India Express,IX 290,Boeing 737-8,DEL,Delhi,BLR,Bengaluru,06:15,06:21,09:16,09:23,181,148,189,0.7831,Family,6,7,On Time,,,10700,1583600
FL00876,17-10-2025,Air India,AI 453,Airbus A321,MAA,Chennai,GOI,Goa,07:59,10:04,09:35,11:39,96,163,190,0.8579,Family,125,124,Delayed,Crew,,4560,743280
FL00956,17-10-2025,SpiceJet,SG 351,Boeing 737-800,PNQ,Pune,BLR,Bengaluru,17:25,17:28,18:59,19:07,94,145,189,0.7672,Student,3,8,On Time,,,4060,588700
FL01753,17-10-2025,Air India Express,IX 581,Boeing 737-800,GOI,Goa,BLR,Bengaluru,10:03,10:06,11:17,11:28,74,138,180,0.7667,Business,3,11,On Time,,,2790,385020
FL02287,17-10-2025,Air India,AI 223,Boeing 787-8,GOI,Goa,CCU,Kolkata,07:44,10:27,10:53,14:00,189,182,256,0.7109,Senior Citizen,163,187,Delayed,Weather,,10750,1956500
FL02611,17-10-2025,Air India Express,IX 840,Boeing 737-8,GOI,Goa,BOM,Mumbai,08:25,08:28,09:26,09:26,61,143,189,0.7566,Business,3,0,On Time,,,2210,316030
FL02633,17-10-2025,SpiceJet,SG 701,Boeing 737-800,LKO,Lucknow,AMD,Ahmedabad,14:11,16:47,16:07,18:32,116,99,189,0.5238,Family,156,145,Delayed,Weather,,4640,459360
FL02773,17-10-2025,Air India Express,IX 885,Boeing 737-800,BOM,Mumbai,DEL,Delhi,05:05,06:40,07:03,08:44,118,161,180,0.8944,Family,95,101,Delayed,Security,,6860,1104460
FL03051,17-10-2025,IndiGo,6E 298,Airbus A321neo,HYD,Hyderabad,NAG,Nagpur,17:41,17:49,18:46,18:54,65,153,220,0.6955,Family,8,8,On Time,,,2460,376380
FL04123,17-10-2025,IndiGo,6E 372,Airbus A320neo,LKO,Lucknow,BLR,Bengaluru,14:11,14:18,16:48,16:54,157,154,180,0.8556,Family,7,6,On Time,,,9420,1450680
FL04262,17-10-2025,Air India,AI 232,Boeing 787-8,BOM,Mumbai,HYD,Hyderabad,10:13,11:51,11:39,13:08,86,206,256,0.8047,Business,98,89,Delayed,Technical Issue,,3770,776620
FL00846,18-10-2025,SpiceJet,SG 318,Bombardier Q400,LKO,Lucknow,GOI,Goa,14:17,14:21,16:55,17:06,158,62,78,0.7949,Business,4,11,On Time,,,8520,528240
FL01249,18-10-2025,IndiGo,6E 300,ATR 72,COK,Kochi,CJB,Coimbatore,09:50,12:10,10:35,12:36,45,46,70,0.6571,Leisure,140,121,Delayed,Late Arrival of Aircraft,,1800,82800
FL03012,18-10-2025,Air India,AI 513,Airbus A321,AMD,Ahmedabad,HYD,Hyderabad,14:25,14:32,16:10,16:18,105,168,190,0.8842,Student,7,8,On Time,,,6160,1034880
FL03541,18-10-2025,IndiGo,6E 749,ATR 72,BOM,Mumbai,NAG,Nagpur,05:29,05:30,07:01,07:01,92,63,70,0.9,Business,1,0,On Time,,,4010,252630
FL04899,18-10-2025,IndiGo,6E 982,ATR 72,AMD,Ahmedabad,DEL,Delhi,17:45,19:46,19:11,21:26,86,58,70,0.8286,Business,121,135,Delayed,Air Traffic,,4660,270280
FL00181,19-10-2025,Akasa Air,QP 139,Boeing 737 MAX 8,PNQ,Pune,MAA,Chennai,08:55,09:00,10:44,10:53,109,159,189,0.8413,Family,5,9,On Time,,,4880,775920
FL00803,19-10-2025,Air India,AI 425,Airbus A320,GOI,Goa,DEL,Delhi,21:39,21:45,00:14,00:24,155,144,174,0.8276,Leisure,6,10,On Time,,,10630,1530720
FL01226,19-10-2025,IndiGo,6E 288,Airbus A320neo,BOM,Mumbai,HYD,Hyderabad,19:27,19:31,20:54,20:54,87,136,180,0.7556,Business,4,0,On Time,,,3140,427040
FL01563,19-10-2025,Air India,AI 738,Airbus A321,BOM,Mumbai,HYD,Hyderabad,17:10,17:10,18:30,18:33,80,182,190,0.9579,Family,0,3,On Time,,,4270,777140
FL01581,19-10-2025,Air India,AI 749,Airbus A320,GOI,Goa,NAG,Nagpur,12:54,12:57,14:36,14:40,102,143,174,0.8218,Business,3,4,On Time,,,5770,825110
FL03614,19-10-2025,Air India Express,IX 304,Boeing 737-800,DEL,Delhi,JAI,Jaipur,13:32,13:40,14:27,14:27,55,123,180,0.6833,Leisure,8,0,On Time,,,1800,221400
FL03663,19-10-2025,SpiceJet,SG 932,Boeing 737-800,CJB,Coimbatore,AMD,Ahmedabad,08:23,08:29,10:53,10:59,150,138,189,0.7302,Leisure,6,6,On Time,,,7970,1099860
FL00179,20-10-2025,IndiGo,6E 268,Airbus A320neo,CCU,Kolkata,DEL,Delhi,05:54,05:57,08:20,08:22,146,157,180,0.8722,Business,3,2,On Time,,,7910,1241870
FL01021,20-10-2025,Air India,AI 524,Airbus A320,CJB,Coimbatore,MAA,Chennai,20:28,22:40,21:32,23:30,64,150,174,0.8621,Senior Citizen,132,118,Delayed,Ground Operations,,2580,387000
FL02404,20-10-2025,IndiGo,6E 514,Airbus A321neo,CCU,Kolkata,BLR,Bengaluru,17:23,17:24,20:05,20:05,162,114,220,0.5182,Family,1,0,On Time,,,6240,711360
FL02707,20-10-2025,IndiGo,6E 783,Airbus A320neo,BOM,Mumbai,GAU,Guwahati,07:31,07:33,10:54,10:54,203,98,180,0.5444,Leisure,2,0,On Time,,,10430,1022140
FL03371,20-10-2025,IndiGo,6E 584,Airbus A321neo,MAA,Chennai,BLR,Bengaluru,10:46,12:15,11:43,13:01,57,145,220,0.6591,Business,89,78,Delayed,Late Arrival of Aircraft,,1800,261000
FL04355,20-10-2025,SpiceJet,SG 307,Boeing 737-800,PNQ,Pune,NAG,Nagpur,08:37,08:56,09:50,10:04,73,133,189,0.7037,Student,19,14,Delayed,Crew,,3380,449540
FL00024,21-10-2025,SpiceJet,SG 107,Boeing 737-800,PNQ,Pune,BOM,Mumbai,22:26,22:32,23:14,23:16,48,121,189,0.6402,Family,6,2,On Time,,,1800,217800
FL00182,21-10-2025,Air India,AI 148,Airbus A320,HYD,Hyderabad,JAI,Jaipur,17:08,17:09,19:12,19:12,124,142,174,0.8161,Leisure,1,0,On Time,,,6420,911640
FL01150,21-10-2025,Air India Express,IX 422,Boeing 737-8,AMD,Ahmedabad,COK,Kochi,06:59,07:03,09:28,09:33,149,151,189,0.7989,Leisure,4,5,On Time,,,6680,1008680
FL01910,21-10-2025,Air India,AI 889,Boeing 787-8,HYD,Hyderabad,AMD,Ahmedabad,16:44,16:51,18:26,18:30,102,188,256,0.7344,Leisure,7,4,On Time,,,5560,1045280
FL02167,21-10-2025,Air India,AI 983,Airbus A320,AMD,Ahmedabad,HYD,Hyderabad,11:41,11:42,13:29,13:29,108,117,174,0.6724,Business,1,0,On Time,,,5010,586170
FL02592,21-10-2025,Akasa Air,QP 785,Boeing 737 MAX 8,GAU,Guwahati,HYD,Hyderabad,10:07,10:11,12:53,13:01,166,126,189,0.6667,Business,4,8,On Time,,,8550,1077300
FL02730,21-10-2025,Air India Express,IX 879,Boeing 737-800,BOM,Mumbai,PNQ,Pune,10:38,11:52,11:23,12:46,45,159,180,0.8833,Family,74,83,Delayed,Late Arrival of Aircraft,,1800,286200
FL01223,22-10-2025,IndiGo,6E 283,Airbus A320neo,COK,Kochi,BOM,Mumbai,17:54,18:25,19:46,20:13,112,128,180,0.7111,Family,31,27,Delayed,Air Traffic,,5800,742400
FL01515,22-10-2025,IndiGo,6E 559,Airbus A320neo,BOM,Mumbai,PNQ,Pune,06:41,06:44,07:26,07:28,45,133,180,0.7389,Senior Citizen,3,2,On Time,,,1800,239400
FL02141,22-10-2025,IndiGo,6E 276,Airbus A321neo,MAA,Chennai,BLR,Bengaluru,05:43,,06:39,,56,0,220,0,Senior Citizen,0,0,Cancelled,,Weather,1800,0
FL02203,22-10-2025,Air India Express,IX 709,Boeing 737-8,DEL,Delhi,BOM,Mumbai,12:11,14:05,14:18,16:24,127,168,189,0.8889,Family,114,126,Delayed,Weather,,6150,1033200
FL02667,22-10-2025,IndiGo,6E 749,ATR 72,GOI,Goa,BLR,Bengaluru,20:30,20:30,21:43,21:50,73,69,70,0.9857,Family,0,7,On Time,,,2960,204240
FL00152,23-10-2025,SpiceJet,SG 150,Boeing 737-800,BOM,Mumbai,DEL,Delhi,16:02,16:08,18:08,18:14,126,181,189,0.9577,Business,6,6,On Time,,,6120,1107720
FL00652,23-10-2025,Air India,AI 354,Airbus A321,MAA,Chennai,HYD,Hyderabad,16:40,16:42,17:49,17:54,69,173,190,0.9105,Family,2,5,On Time,,,3480,602040
FL00939,23-10-2025,IndiGo,6E 857,Airbus A321neo,PNQ,Pune,MAA,Chennai,06:57,07:00,08:52,09:03,115,208,220,0.9455,Family,3,11,On Time,,,5300,1102400
FL01489,23-10-2025,IndiGo,6E 533,Airbus A321neo,DEL,Delhi,HYD,Hyderabad,06:07,06:12,08:28,08:33,141,165,220,0.75,Leisure,5,5,On Time,,,5280,871200
FL04285,23-10-2025,Air India,AI 239,Airbus A321,MAA,Chennai,LKO,Lucknow,15:19,15:20,18:00,18:00,161,155,190,0.8158,Family,1,0,On Time,,,9300,1441500
FL04379,23-10-2025,SpiceJet,SG 326,Bombardier Q400,HYD,Hyderabad,MAA,Chennai,09:44,09:48,10:59,11:06,75,62,78,0.7949,Family,4,7,On Time,,,2830,175460
FL00370,24-10-2025,SpiceJet,SG 211,Boeing 737-800,HYD,Hyderabad,BOM,Mumbai,11:16,11:17,12:36,12:36,80,142,189,0.7513,Business,1,0,On Time,,,3420,485640
FL00414,24-10-2025,Air India,AI 243,Airbus A321,BOM,Mumbai,CJB,Coimbatore,09:02,09:09,10:58,11:10,116,120,190,0.6316,Leisure,7,12,On Time,,,5470,656400
FL00692,24-10-2025,Air India,AI 373,Boeing 787-8,BOM,Mumbai,BLR,Bengaluru,21:11,21:15,22:52,22:54,101,218,256,0.8516,Family,4,2,On Time,,,5880,1281840
FL00816,24-10-2025,IndiGo,6E 766,ATR 72,GOI,Goa,MAA,Chennai,17:45,17:48,19:26,19:26,101,57,70,0.8143,Business,3,0,On Time,,,4180,238260
FL02225,24-10-2025,IndiGo,6E 351,Airbus A321neo,PNQ,Pune,MAA,Chennai,20:40,20:46,22:32,22:40,112,185,220,0.8409,Business,6,8,On Time,,,5600,1036000
FL02310,24-10-2025,IndiGo,6E 418,Airbus A321neo,HYD,Hyderabad,NAG,Nagpur,18:17,18:19,19:34,19:34,77,169,220,0.7682,Leisure,2,0,On Time,,,2720,459680
FL03241,24-10-2025,IndiGo,6E 463,ATR 72,DEL,Delhi,AMD,Ahmedabad,17:58,18:05,19:26,19:29,88,60,70,0.8571,Business,7,3,On Time,,,4870,292200
FL01419,25-10-2025,Akasa Air,QP 478,Boeing 737 MAX 8,LKO,Lucknow,MAA,Chennai,18:49,18:53,21:35,21:38,166,164,189,0.8677,Family,4,3,On Time,,,8860,1453040
FL02095,25-10-2025,Air India,AI 959,Boeing 787-8,PNQ,Pune,GOI,Goa,21:44,21:49,22:47,22:50,63,253,256,0.9883,Business,5,3,On Time,,,2710,685630
FL04180,25-10-2025,IndiGo,6E 404,Airbus A321neo,DEL,Delhi,CCU,Kolkata,14:47,14:48,17:02,17:06,135,162,220,0.7364,Leisure,1,4,On Time,,,7060,1143720
FL04624,25-10-2025,Air India Express,IX 591,Boeing 737-800,AMD,Ahmedabad,GOI,Goa,14:47,14:48,16:29,16:29,102,147,180,0.8167,Leisure,1,0,On Time,,,4750,698250
FL00913,26-10-2025,Air India Express,IX 360,Boeing 737-800,CCU,Kolkata,MAA,Chennai,13:17,13:24,15:50,15:54,153,131,180,0.7278,Family,7,4,On Time,,,7270,952370
FL02425,26-10-2025,IndiGo,6E 531,Airbus A320neo,AMD,Ahmedabad,LKO,Lucknow,08:25,08:33,10:12,10:26,107,140,180,0.7778,Family,8,14,On Time,,,5220,730800
FL03132,26-10-2025,Akasa Air,QP 924,Boeing 737 MAX 8,GAU,Guwahati,BLR,Bengaluru,16:34,16:39,19:56,20:04,202,154,189,0.8148,Leisure,5,8,On Time,,,11260,1734040
FL04714,26-10-2025,IndiGo,6E 826,Airbus A321neo,GOI,Goa,CCU,Kolkata,05:52,05:59,08:55,08:57,183,170,220,0.7727,Business,7,2,On Time,,,9940,1689800
FL00110,27-10-2025,IndiGo,6E 195,Airbus A320neo,JAI,Jaipur,BLR,Bengaluru,17:10,17:14,19:46,19:50,156,105,180,0.5833,Family,4,4,On Time,,,6730,706650
FL00296,27-10-2025,Air India Express,IX 197,Boeing 737-800,COK,Kochi,MAA,Chennai,11:06,11:11,12:18,12:24,72,146,180,0.8111,Business,5,6,On Time,,,2540,370840
FL00714,27-10-2025,IndiGo,6E 678,Airbus A321neo,PNQ,Pune,NAG,Nagpur,09:45,12:39,11:03,13:57,78,150,220,0.6818,Leisure,174,174,Delayed,Crew,,3070,460500
FL01389,27-10-2025,IndiGo,6E 445,Airbus A320neo,CJB,Coimbatore,HYD,Hyderabad,20:41,23:32,22:08,00:49,87,136,180,0.7556,Leisure,171,161,Delayed,Air Traffic,,3610,490960
FL01759,27-10-2025,IndiGo,6E 752,ATR 72,MAA,Chennai,BOM,Mumbai,09:37,09:41,11:36,11:36,119,55,70,0.7857,Family,4,0,On Time,,,5500,302500
FL02528,27-10-2025,IndiGo,6E 623,Airbus A320neo,GOI,Goa,BLR,Bengaluru,07:13,07:17,08:20,08:29,67,121,180,0.6722,Business,4,9,On Time,,,2460,297660
FL02620,27-10-2025,SpiceJet,SG 697,Bombardier Q400,JAI,Jaipur,MAA,Chennai,12:27,12:31,15:19,15:21,172,49,78,0.6282,Leisure,4,2,On Time,,,7100,347900
FL03458,27-10-2025,Akasa Air,QP 993,Boeing 737 MAX 8,LKO,Lucknow,GAU,Guwahati,14:17,14:24,16:23,16:29,126,168,189,0.8889,Business,7,6,On Time,,,5910,992880
FL04024,27-10-2025,IndiGo,6E 289,ATR 72,MAA,Chennai,JAI,Jaipur,18:30,19:10,21:14,22:07,164,48,70,0.6857,Student,40,53,Delayed,Air Traffic,,8430,404640
FL04432,27-10-2025,Air India Express,IX 526,Boeing 737-800,BLR,Bengaluru,BOM,Mumbai,13:15,13:17,14:55,15:04,100,150,180,0.8333,Student,2,9,On Time,,,5070,760500
FL00603,28-10-2025,Akasa Air,QP 252,Boeing 737 MAX 8,GAU,Guwahati,DEL,Delhi,15:55,17:48,18:23,20:12,148,97,189,0.5132,Business,113,109,Delayed,Technical Issue,,6430,623710
FL00866,28-10-2025,IndiGo,6E 805,Airbus A321neo,HYD,Hyderabad,MAA,Chennai,08:35,08:41,09:46,09:51,71,150,220,0.6818,Leisure,6,5,On Time,,,3130,469500
FL01913,28-10-2025,SpiceJet,SG 538,Bombardier Q400,PNQ,Pune,COK,Kochi,15:56,16:42,17:54,19:03,118,59,78,0.7564,Leisure,46,69,Delayed,Technical Issue,,5180,305620
FL03563,28-10-2025,Akasa Air,QP 223,Boeing 737 MAX 8,LKO,Lucknow,BOM,Mumbai,22:24,22:28,00:28,00:35,124,121,189,0.6402,Leisure,4,7,On Time,,,6150,744150
FL01852,29-10-2025,IndiGo,6E 835,Airbus A321neo,HYD,Hyderabad,AMD,Ahmedabad,14:30,14:31,16:15,16:15,105,181,220,0.8227,Family,1,0,On Time,,,4770,863370
FL01955,29-10-2025,Akasa Air,QP 637,Boeing 737 MAX 8,AMD,Ahmedabad,HYD,Hyderabad,22:13,22:21,23:58,00:05,105,144,189,0.7619,Student,8,7,On Time,,,4930,709920
FL04030,29-10-2025,Akasa Air,QP 348,Boeing 737 MAX 8,DEL,Delhi,NAG,Nagpur,20:23,20:32,22:06,22:10,103,148,189,0.7831,Leisure,9,4,On Time,,,4610,682280
FL04100,29-10-2025,Air India,AI 952,Boeing 787-8,CJB,Coimbatore,BLR,Bengaluru,21:02,22:48,21:47,23:50,45,218,256,0.8516,Business,106,123,Delayed,Weather,,1800,392400
FL04471,29-10-2025,IndiGo,6E 646,ATR 72,PNQ,Pune,AMD,Ahmedabad,21:04,21:13,22:18,22:26,74,51,70,0.7286,Business,9,8,On Time,,,2590,132090
FL00554,30-10-2025,IndiGo,6E 576,Airbus A320neo,BOM,Mumbai,LKO,Lucknow,06:46,06:48,09:07,09:09,141,127,180,0.7056,Business,2,2,On Time,,,6040,767080
FL01034,30-10-2025,Air India,AI 528,Airbus A320,DEL,Delhi,HYD,Hyderabad,18:00,18:06,20:18,20:26,138,127,174,0.7299,Family,6,8,On Time,,,7090,900430
FL01875,30-10-2025,Air India,AI 874,Airbus A321,BLR,Bengaluru,MAA,Chennai,16:43,16:49,17:35,17:44,52,112,190,0.5895,Leisure,6,9,On Time,,,1800,201600
FL03076,30-10-2025,Akasa Air,QP 905,Boeing 737 MAX 8,MAA,Chennai,LKO,Lucknow,15:58,16:07,18:37,18:42,159,107,189,0.5661,Student,9,5,On Time,,,5740,614180
FL03404,30-10-2025,Air India Express,IX 253,Boeing 737-8,JAI,Jaipur,BOM,Mumbai,21:38,21:46,23:25,23:29,107,162,189,0.8571,Business,8,4,On Time,,,4920,797040
FL03732,30-10-2025,Air India,AI 785,Boeing 787-8,CCU,Kolkata,COK,Kochi,07:54,07:58,11:06,11:15,192,177,256,0.6914,Business,4,9,On Time,,,11200,1982400
FL00101,31-10-2025,SpiceJet,SG 133,Boeing 737-800,COK,Kochi,BOM,Mumbai,19:35,19:41,21:42,21:47,127,141,189,0.746,Family,6,5,On Time,,,5420,764220
FL01564,31-10-2025,IndiGo,6E 595,Airbus A321neo,NAG,Nagpur,CCU,Kolkata,13:45,14:39,15:48,16:29,123,218,220,0.9909,Family,54,41,Delayed,Late Arrival of Aircraft,,6280,1369040
FL01649,31-10-2025,IndiGo,6E 675,Airbus A320neo,GAU,Guwahati,GOI,Goa,07:24,07:39,10:53,11:06,209,161,180,0.8944,Leisure,15,13,Delayed,Late Arrival of Aircraft,,14110,2271710
FL03662,31-10-2025,Air India,AI 760,Airbus A321,BLR,Bengaluru,JAI,Jaipur,18:58,18:59,21:37,21:38,159,158,190,0.8316,Student,1,1,On Time,,,9580,1513640
FL04105,31-10-2025,Akasa Air,QP 366,Boeing 737 MAX 8,AMD,Ahmedabad,CCU,Kolkata,09:18,09:25,12:14,12:14,176,143,189,0.7566,Family,7,0,On Time,,,11030,1577290
FL04130,31-10-2025,IndiGo,6E 377,Airbus A320neo,PNQ,Pune,HYD,Hyderabad,18:15,18:23,19:27,19:38,72,150,180,0.8333,Leisure,8,11,On Time,,,2750,412500
FL04157,31-10-2025,Air India Express,IX 448,Boeing 737-8,MAA,Chennai,COK,Kochi,12:05,12:10,13:28,13:34,83,135,189,0.7143,Business,5,6,On Time,,,3090,417150
FL04830,31-10-2025,SpiceJet,SG 447,Boeing 737-800,CCU,Kolkata,BLR,Bengaluru,06:39,06:42,09:14,09:15,155,115,189,0.6085,Leisure,3,1,On Time,,,7360,846400
FL00420,01-11-2025,Air India Express,IX 237,Boeing 737-800,HYD,Hyderabad,COK,Kochi,12:05,12:13,13:50,14:04,105,151,180,0.8389,Business,8,14,On Time,,,4250,641750
FL00577,01-11-2025,Akasa Air,QP 239,Boeing 737 MAX 8,CJB,Coimbatore,MAA,Chennai,16:15,16:36,17:18,17:40,63,140,189,0.7407,Leisure,21,22,Delayed,Late Arrival of Aircraft,,2150,301000
FL00695,01-11-2025,Akasa Air,QP 293,Boeing 737 MAX 8,AMD,Ahmedabad,GAU,Guwahati,14:43,14:47,18:04,18:05,201,143,189,0.7566,Business,4,1,On Time,,,10580,1512940
FL01057,01-11-2025,IndiGo,6E 927,Airbus A320neo,BOM,Mumbai,CCU,Kolkata,14:34,14:43,17:23,17:33,169,151,180,0.8389,Student,9,10,On Time,,,10500,1585500
FL01795,01-11-2025,Air India Express,IX 600,Boeing 737-8,PNQ,Pune,BOM,Mumbai,15:11,15:13,15:56,15:59,45,114,189,0.6032,Leisure,2,3,On Time,,,1800,205200
FL02257,01-11-2025,Air India Express,IX 732,Boeing 737-800,MAA,Chennai,CCU,Kolkata,08:44,10:17,11:16,12:49,152,161,180,0.8944,Senior Citizen,93,93,Delayed,Air Traffic,,8100,1304100
FL03478,01-11-2025,Air India Express,IX 270,Boeing 737-8,MAA,Chennai,CCU,Kolkata,22:17,22:22,00:41,00:48,144,137,189,0.7249,Family,5,7,On Time,,,7420,1016540
FL03930,01-11-2025,Air India,AI 892,Airbus A320,HYD,Hyderabad,COK,Kochi,22:21,22:28,00:09,00:19,108,152,174,0.8736,Leisure,7,10,On Time,,,5180,787360
FL04069,01-11-2025,Air India Express,IX 422,Boeing 737-800,PNQ,Pune,GOI,Goa,10:29,,11:38,,69,0,180,0,Senior Citizen,0,0,Cancelled,,Operational Issue,1800,0
FL04287,01-11-2025,Air India,AI 241,Airbus A320,LKO,Lucknow,BLR,Bengaluru,19:59,20:08,22:42,22:53,163,152,174,0.8736,Leisure,9,11,On Time,,,10690,1624880
FL04735,01-11-2025,Air India Express,IX 636,Boeing 737-800,DEL,Delhi,GAU,Guwahati,13:44,13:51,16:21,16:27,157,119,180,0.6611,Leisure,7,6,On Time,,,6980,830620
FL02525,02-11-2025,Air India Express,IX 805,Boeing 737-8,BOM,Mumbai,CJB,Coimbatore,09:04,09:11,11:04,11:16,120,142,189,0.7513,Leisure,7,12,On Time,,,5130,728460
FL04444,02-11-2025,IndiGo,6E 627,Airbus A320neo,HYD,Hyderabad,DEL,Delhi,14:44,14:53,17:08,17:19,144,143,180,0.7944,Business,9,11,On Time,,,7370,1053910
FL04981,02-11-2025,IndiGo,6E 251,Airbus A321neo,BLR,Bengaluru,LKO,Lucknow,07:51,07:52,10:24,10:24,153,200,220,0.9091,Student,1,0,On Time,,,9100,1820000
FL00854,03-11-2025,Air India Express,IX 346,Boeing 737-8,BLR,Bengaluru,COK,Kochi,14:20,15:22,15:18,16:20,58,147,189,0.7778,Family,62,62,Delayed,Crew,,1800,264600
FL01082,03-11-2025,Air India Express,IX 399,Boeing 737-800,DEL,Delhi,MAA,Chennai,18:36,18:37,21:35,21:42,179,126,180,0.7,Family,1,7,On Time,,,8410,1059660
FL01447,03-11-2025,Akasa Air,QP 490,Boeing 737 MAX 8,PNQ,Pune,CJB,Coimbatore,05:03,05:11,06:58,07:03,115,117,189,0.619,Family,8,5,On Time,,,4410,515970
FL01601,03-11-2025,Akasa Air,QP 534,Boeing 737 MAX 8,DEL,Delhi,BLR,Bengaluru,11:50,11:54,14:52,14:53,182,168,189,0.8889,Senior Citizen,4,1,On Time,,,10200,1713600
FL01692,03-11-2025,Air India Express,IX 565,Boeing 737-800,DEL,Delhi,AMD,Ahmedabad,06:21,06:28,07:56,08:06,95,141,180,0.7833,Student,7,10,On Time,,,3680,518880
FL02527,03-11-2025,Air India Express,IX 807,Boeing 737-8,GOI,Goa,HYD,Hyderabad,17:42,17:43,18:56,18:56,74,150,189,0.7937,Leisure,1,0,On Time,,,2710,406500
FL02596,03-11-2025,Air India Express,IX 832,Boeing 737-8,LKO,Lucknow,GOI,Goa,14:07,14:09,16:42,16:48,155,187,189,0.9894,Business,2,6,On Time,,,8140,1522180
FL02954,03-11-2025,Air India,AI 481,Airbus A321,DEL,Delhi,AMD,Ahmedabad,09:46,09:53,11:25,11:36,99,108,190,0.5684,Family,7,11,On Time,,,3720,401760
FL04588,03-11-2025,IndiGo,6E 740,Airbus A321neo,CCU,Kolkata,MAA,Chennai,17:31,17:39,19:59,20:07,148,148,220,0.6727,Business,8,8,On Time,,,6770,1001960
FL02960,04-11-2025,Akasa Air,QP 879,Boeing 737 MAX 8,NAG,Nagpur,MAA,Chennai,17:16,19:09,18:53,20:47,97,122,189,0.6455,Leisure,113,114,Delayed,Crew,,4870,594140
FL03882,04-11-2025,IndiGo,6E 200,Airbus A320neo,NAG,Nagpur,HYD,Hyderabad,18:27,18:36,19:38,19:46,71,151,180,0.8389,Business,9,8,On Time,,,2210,333710
FL04980,04-11-2025,Air India,AI 525,Airbus A320,BOM,Mumbai,MAA,Chennai,22:26,23:01,00:23,01:10,117,133,174,0.7644,Leisure,35,47,Delayed,Air Traffic,,6550,871150
FL00162,05-11-2025,Air India,AI 142,Airbus A320,NAG,Nagpur,HYD,Hyderabad,06:42,06:42,07:49,07:49,67,142,174,0.8161,Family,0,0,On Time,,,2820,400440
FL00321,05-11-2025,Akasa Air,QP 171,Boeing 737 MAX 8,BOM,Mumbai,DEL,Delhi,22:07,00:39,00:15,02:35,128,186,189,0.9841,Business,152,140,Delayed,Air Traffic,,6530,1214580
FL00677,05-11-2025,Air India,AI 361,Airbus A321,BOM,Mumbai,GOI,Goa,06:33,06:38,07:45,07:51,72,130,190,0.6842,Leisure,5,6,On Time,,,2140,278200
FL01398,05-11-2025,Air India Express,IX 483,Boeing 737-8,BOM,Mumbai,AMD,Ahmedabad,16:38,16:43,17:43,17:49,65,121,189,0.6402,Business,5,6,On Time,,,2010,243210
FL03092,05-11-2025,Air India Express,IX 974,Boeing 737-8,DEL,Delhi,JAI,Jaipur,19:34,19:38,20:26,20:29,52,141,189,0.746,Student,4,3,On Time,,,1800,253800
FL03159,05-11-2025,SpiceJet,SG 810,Boeing 737-800,BLR,Bengaluru,CCU,Kolkata,11:52,12:00,14:36,14:47,164,134,189,0.709,Leisure,8,11,On Time,,,7360,986240
FL03378,05-11-2025,Air India Express,IX 251,Boeing 737-800,JAI,Jaipur,BLR,Bengaluru,18:54,18:56,21:43,21:44,169,142,180,0.7889,Family,2,1,On Time,,,8000,1136000
FL03585,05-11-2025,Air India,AI 723,Airbus A321,JAI,Jaipur,PNQ,Pune,17:28,17:30,19:22,19:25,114,130,190,0.6842,Business,2,3,On Time,,,4950,643500
FL04109,05-11-2025,IndiGo,6E 358,Airbus A321neo,GOI,Goa,AMD,Ahmedabad,14:15,14:23,16:01,16:10,106,177,220,0.8045,Family,8,9,On Time,,,5270,932790
FL04386,05-11-2025,Air India Express,IX 505,Boeing 737-800,CCU,Kolkata,BLR,Bengaluru,09:40,09:48,12:27,12:40,167,139,180,0.7722,Senior Citizen,8,13,On Time,,,7610,1057790
FL04662,05-11-2025,Air India,AI 373,Boeing 787-8,GOI,Goa,DEL,Delhi,17:50,17:58,20:23,20:34,153,178,256,0.6953,Business,8,11,On Time,,,8360,1488080
FL04732,05-11-2025,IndiGo,6E 841,Airbus A320neo,HYD,Hyderabad,GOI,Goa,20:34,20:35,21:51,21:55,77,105,180,0.5833,Leisure,1,4,On Time,,,2640,277200
FL04783,05-11-2025,Air India,AI 424,Boeing 787-8,PNQ,Pune,CCU,Kolkata,18:58,19:02,21:48,21:52,170,150,256,0.5859,Business,4,4,On Time,,,7170,1075500
FL00585,06-11-2025,Air India,AI 320,Airbus A321,AMD,Ahmedabad,HYD,Hyderabad,16:06,16:55,17:48,18:40,102,185,190,0.9737,Family,49,52,Delayed,Ground Operations,,6070,1122950
FL00974,06-11-2025,IndiGo,6E 873,Airbus A321neo,CJB,Coimbatore,GOI,Goa,14:06,15:25,15:22,17:29,76,180,220,0.8182,Business,79,127,Diverted,Weather,,4050,729000
FL01665,06-11-2025,Air India Express,IX 550,Boeing 737-8,BLR,Bengaluru,PNQ,Pune,15:24,15:28,16:53,16:57,89,125,189,0.6614,Leisure,4,4,On Time,,,3400,425000
FL03203,06-11-2025,Air India,AI 581,Airbus A321,BLR,Bengaluru,PNQ,Pune,19:22,19:25,20:51,20:51,89,141,190,0.7421,Leisure,3,0,On Time,,,3850,542850
FL00402,07-11-2025,IndiGo,6E 451,Airbus A321neo,BLR,Bengaluru,BOM,Mumbai,10:39,10:40,12:24,12:28,105,162,220,0.7364,Family,1,4,On Time,,,5410,876420
FL00765,07-11-2025,Air India Express,IX 315,Boeing 737-800,MAA,Chennai,PNQ,Pune,21:44,21:49,23:31,23:35,107,166,180,0.9222,Family,5,4,On Time,,,5670,941220
FL00782,07-11-2025,Air India Express,IX 321,Boeing 737-800,CJB,Coimbatore,GOI,Goa,17:00,17:05,18:19,18:19,79,115,180,0.6389,Family,5,0,On Time,,,3140,361100
FL01701,07-11-2025,IndiGo,6E 708,ATR 72,BLR,Bengaluru,MAA,Chennai,09:21,,10:12,,51,0,70,0,Senior Citizen,0,0,Cancelled,,Weather,1800,0
FL02320,07-11-2025,Akasa Air,QP 728,Boeing 737 MAX 8,HYD,Hyderabad,BLR,Bengaluru,07:55,08:03,09:02,09:09,67,164,189,0.8677,Student,8,7,On Time,,,2690,441160
FL02762,07-11-2025,Air India,AI 412,Boeing 787-8,NAG,Nagpur,MAA,Chennai,15:11,15:11,16:49,16:49,98,210,256,0.8203,Business,0,0,On Time,,,5030,1056300
FL03049,07-11-2025,SpiceJet,SG 793,Boeing 737-800,CCU,Kolkata,GAU,Guwahati,22:23,23:05,23:36,02:46,73,155,189,0.8201,Student,42,190,Diverted,Security,,2630,407650
FL03090,07-11-2025,Akasa Air,QP 912,Boeing 737 MAX 8,BOM,Mumbai,BLR,Bengaluru,10:23,10:30,12:14,12:14,111,187,189,0.9894,Family,7,0,On Time,,,4650,869550
FL03243,07-11-2025,SpiceJet,SG 825,Bombardier Q400,CJB,Coimbatore,GOI,Goa,16:13,17:54,17:35,19:26,82,69,78,0.8846,Student,101,111,Delayed,Late Arrival of Aircraft,,3750,258750
FL03515,07-11-2025,IndiGo,6E 724,Airbus A321neo,HYD,Hyderabad,NAG,Nagpur,19:37,19:42,20:39,20:45,62,160,220,0.7273,Business,5,6,On Time,,,2710,433600
FL04185,07-11-2025,SpiceJet,SG 256,Bombardier Q400,AMD,Ahmedabad,CJB,Coimbatore,12:06,13:34,14:35,16:06,149,66,78,0.8462,Leisure,88,91,Delayed,Air Traffic,,9570,631620
FL04407,07-11-2025,IndiGo,6E 586,Airbus A321neo,MAA,Chennai,GAU,Guwahati,05:00,05:01,08:14,08:21,194,181,220,0.8227,Student,1,7,On Time,,,10660,1929460
FL04647,07-11-2025,IndiGo,6E 780,ATR 72,MAA,Chennai,BLR,Bengaluru,14:57,15:06,15:51,15:59,54,45,70,0.6429,Leisure,9,8,On Time,,,1800,81000
FL04989,07-11-2025,Air India,AI 528,Airbus A320,HYD,Hyderabad,MAA,Chennai,09:17,09:25,10:31,10:35,74,153,174,0.8793,Leisure,8,4,On Time,,,3280,501840
FL00265,08-11-2025,IndiGo,6E 352,Airbus A321neo,HYD,Hyderabad,AMD,Ahmedabad,21:07,21:14,22:53,23:06,106,172,220,0.7818,Leisure,7,13,On Time,,,5250,903000
FL00503,08-11-2025,IndiGo,6E 546,Airbus A320neo,BOM,Mumbai,HYD,Hyderabad,19:00,19:06,20:24,20:38,84,143,180,0.7944,Student,6,14,On Time,,,3730,533390
FL00986,08-11-2025,IndiGo,6E 885,Airbus A320neo,HYD,Hyderabad,AMD,Ahmedabad,06:34,06:34,08:14,08:16,100,158,180,0.8778,Business,0,2,On Time,,,5140,812120
FL04330,08-11-2025,IndiGo,6E 522,ATR 72,COK,Kochi,AMD,Ahmedabad,14:50,14:51,17:29,17:29,159,57,70,0.8143,Leisure,1,0,On Time,,,8460,482220
FL04919,08-11-2025,Akasa Air,QP 580,Boeing 737 MAX 8,BOM,Mumbai,HYD,Hyderabad,19:57,,21:12,,75,0,189,0,Leisure,0,0,Cancelled,,Operational Issue,3500,0
FL01007,09-11-2025,Akasa Air,QP 375,Boeing 737 MAX 8,PNQ,Pune,MAA,Chennai,12:01,12:05,13:56,13:56,115,154,189,0.8148,Leisure,4,0,On Time,,,4720,726880
FL01760,09-11-2025,Air India,AI 824,Boeing 787-8,BLR,Bengaluru,COK,Kochi,13:42,13:48,14:34,14:44,52,194,256,0.7578,Business,6,10,On Time,,,2010,389940
FL01829,09-11-2025,IndiGo,6E 816,Airbus A321neo,PNQ,Pune,DEL,Delhi,06:13,06:15,08:22,08:25,129,137,220,0.6227,Student,2,3,On Time,,,6560,898720
FL02215,09-11-2025,Air India,AI 996,Airbus A320,GOI,Goa,JAI,Jaipur,09:36,09:42,11:54,12:08,138,128,174,0.7356,Business,6,14,On Time,,,7800,998400
FL03383,09-11-2025,IndiGo,6E 589,ATR 72,BOM,Mumbai,HYD,Hyderabad,19:53,19:55,21:19,21:19,86,52,70,0.7429,Business,2,0,On Time,,,3070,159640
FL04763,09-11-2025,Air India,AI 419,Boeing 787-8,AMD,Ahmedabad,PNQ,Pune,18:49,20:56,20:10,22:10,81,153,256,0.5977,Leisure,127,120,Delayed,Technical Issue,,3210,491130
FL00995,10-11-2025,Akasa Air,QP 367,Boeing 737 MAX 8,COK,Kochi,BLR,Bengaluru,12:33,12:42,13:28,13:41,55,98,189,0.5185,Leisure,9,13,On Time,,,1800,176400
FL01083,10-11-2025,IndiGo,6E 956,ATR 72,COK,Kochi,BLR,Bengaluru,14:02,14:11,14:59,15:07,57,63,70,0.9,Business,9,8,On Time,,,2270,143010
FL01312,10-11-2025,Air India,AI 631,Airbus A321,JAI,Jaipur,CCU,Kolkata,19:45,19:45,22:09,22:09,144,146,190,0.7684,Student,0,0,On Time,,,8280,1208880
FL01638,10-11-2025,Air India Express,IX 545,Boeing 737-800,AMD,Ahmedabad,BOM,Mumbai,20:44,22:30,21:47,23:22,63,116,180,0.6444,Family,106,95,Delayed,Weather,,2190,254040
FL02494,10-11-2025,Akasa Air,QP 770,Boeing 737 MAX 8,BOM,Mumbai,HYD,Hyderabad,10:06,10:06,11:26,11:30,80,147,189,0.7778,Leisure,0,4,On Time,,,3550,521850
FL02820,10-11-2025,Air India,AI 434,Airbus A320,MAA,Chennai,COK,Kochi,20:46,20:55,21:57,22:11,71,124,174,0.7126,Business,9,14,On Time,,,3140,389360
FL02909,10-11-2025,IndiGo,6E 970,Airbus A321neo,CCU,Kolkata,BOM,Mumbai,06:13,06:18,09:16,09:26,183,148,220,0.6727,Leisure,5,10,On Time,,,7690,1138120
FL03202,10-11-2025,IndiGo,6E 437,ATR 72,CJB,Coimbatore,MAA,Chennai,05:45,05:49,06:55,06:58,70,52,70,0.7429,Family,4,3,On Time,,,1980,102960
FL03924,10-11-2025,SpiceJet,SG 992,Boeing 737-800,HYD,Hyderabad,CCU,Kolkata,13:08,13:10,15:28,15:39,140,103,189,0.545,Leisure,2,11,On Time,,,4980,512940
FL04086,10-11-2025,IndiGo,6E 336,Airbus A320neo,BOM,Mumbai,DEL,Delhi,13:28,14:46,15:41,17:03,133,125,180,0.6944,Leisure,78,82,Delayed,Weather,,6340,792500
FL04602,10-11-2025,Akasa Air,QP 485,Boeing 737 MAX 8,BLR,Bengaluru,DEL,Delhi,09:41,09:43,12:35,12:36,174,132,189,0.6984,Business,2,1,On Time,,,8010,1057320
FL00132,11-11-2025,IndiGo,6E 224,Airbus A320neo,BOM,Mumbai,JAI,Jaipur,06:17,06:22,07:50,07:52,93,138,180,0.7667,Business,5,2,On Time,,,5140,709320
FL00226,11-11-2025,Air India Express,IX 187,Boeing 737-800,MAA,Chennai,HYD,Hyderabad,21:00,21:00,22:16,22:16,76,122,180,0.6778,Leisure,0,0,On Time,,,2560,312320
FL00293,11-11-2025,Akasa Air,QP 165,Boeing 737 MAX 8,LKO,Lucknow,DEL,Delhi,06:45,06:46,07:57,08:01,72,91,189,0.4815,Leisure,1,4,On Time,,,1810,164710
FL00631,11-11-2025,IndiGo,6E 620,ATR 72,MAA,Chennai,BLR,Bengaluru,06:27,06:32,07:12,07:13,45,57,70,0.8143,Student,5,1,On Time,,,1800,102600
FL01950,11-11-2025,Air India,AI 903,Boeing 787-8,LKO,Lucknow,JAI,Jaipur,12:44,13:39,13:57,14:53,73,163,256,0.6367,Leisure,55,56,Delayed,Late Arrival of Aircraft,,2690,438470
FL03042,11-11-2025,Air India,AI 523,Airbus A320,MAA,Chennai,BOM,Mumbai,21:17,21:18,23:18,23:24,121,130,174,0.7471,Family,1,6,On Time,,,6180,803400
FL03429,11-11-2025,IndiGo,6E 639,ATR 72,CJB,Coimbatore,DEL,Delhi,11:41,13:18,14:54,16:42,193,53,70,0.7571,Business,97,108,Delayed,Ground Operations,,10370,549610
FL03895,11-11-2025,IndiGo,6E 205,Airbus A320neo,HYD,Hyderabad,NAG,Nagpur,06:42,07:22,07:55,08:48,73,126,180,0.7,Leisure,40,53,Delayed,Crew,,2250,283500
FL04044,11-11-2025,Akasa Air,QP 353,Boeing 737 MAX 8,COK,Kochi,GOI,Goa,18:18,18:23,19:48,19:54,90,149,189,0.7884,Family,5,6,On Time,,,3170,472330
FL04755,11-11-2025,SpiceJet,SG 432,Boeing 737-800,COK,Kochi,GOI,Goa,08:07,08:08,09:36,09:45,89,144,189,0.7619,Business,1,9,On Time,,,3260,469440
FL00012,12-11-2025,Air India,AI 102,Airbus A321,CCU,Kolkata,COK,Kochi,16:34,16:42,19:54,20:02,200,134,190,0.7053,Family,8,8,On Time,,,10960,1468640
FL01285,12-11-2025,Akasa Air,QP 440,Boeing 737 MAX 8,JAI,Jaipur,HYD,Hyderabad,12:55,13:01,15:06,15:14,131,143,189,0.7566,Business,6,8,On Time,,,5780,826540
FL01946,12-11-2025,Air India Express,IX 650,Boeing 737-800,GOI,Goa,BLR,Bengaluru,15:09,15:13,16:15,16:19,66,125,180,0.6944,Senior Citizen,4,4,On Time,,,2080,260000
FL01986,12-11-2025,IndiGo,6E 944,ATR 72,PNQ,Pune,BOM,Mumbai,19:39,19:47,20:24,20:34,45,57,70,0.8143,Business,8,10,On Time,,,1800,102600
FL02580,12-11-2025,Air India,AI 353,Boeing 787-8,HYD,Hyderabad,AMD,Ahmedabad,05:06,05:15,06:53,06:59,107,181,256,0.707,Business,9,6,On Time,,,5070,917670
FL03558,12-11-2025,SpiceJet,SG 908,Bombardier Q400,AMD,Ahmedabad,PNQ,Pune,16:01,16:01,17:09,17:10,68,49,78,0.6282,Student,0,1,On Time,,,2410,118090
FL00219,13-11-2025,IndiGo,6E 303,Airbus A320neo,BLR,Bengaluru,CJB,Coimbatore,07:32,07:40,08:26,08:26,54,126,180,0.7,Student,8,0,On Time,,,1800,226800
FL00431,13-11-2025,IndiGo,6E 479,ATR 72,HYD,Hyderabad,PNQ,Pune,05:14,05:18,06:23,06:26,69,54,70,0.7714,Business,4,3,On Time,,,2790,150660
FL00591,13-11-2025,IndiGo,6E 598,ATR 72,MAA,Chennai,BLR,Bengaluru,10:14,10:14,11:06,11:06,52,52,70,0.7429,Senior Citizen,0,0,On Time,,,1800,93600
FL01306,13-11-2025,Air India,AI 630,Airbus A320,BOM,Mumbai,DEL,Delhi,19:15,19:17,21:31,21:31,136,138,174,0.7931,Student,2,0,On Time,,,6920,954960
FL01821,13-11-2025,Akasa Air,QP 593,Boeing 737 MAX 8,PNQ,Pune,MAA,Chennai,14:45,14:51,16:28,16:34,103,146,189,0.7725,Leisure,6,6,On Time,,,5170,754820
FL02116,13-11-2025,IndiGo,6E 257,Airbus A321neo,GAU,Guwahati,DEL,Delhi,11:59,12:05,14:39,14:44,160,175,220,0.7955,Student,6,5,On Time,,,7680,1344000
FL02656,13-11-2025,Air India,AI 387,Airbus A320,GOI,Goa,BOM,Mumbai,11:04,11:05,12:22,12:22,78,143,174,0.8218,Family,1,0,On Time,,,2620,374660
FL03205,13-11-2025,IndiGo,6E 440,Airbus A321neo,HYD,Hyderabad,DEL,Delhi,13:10,13:10,15:30,15:40,140,189,220,0.8591,Family,0,10,On Time,,,7520,1421280
FL03396,13-11-2025,SpiceJet,SG 875,Boeing 737-800,CCU,Kolkata,AMD,Ahmedabad,08:32,08:33,11:16,11:18,164,139,189,0.7354,Leisure,1,2,On Time,,,8510,1182890
FL03759,13-11-2025,IndiGo,6E 912,Airbus A321neo,HYD,Hyderabad,NAG,Nagpur,12:31,12:36,13:36,13:42,65,147,220,0.6682,Leisure,5,6,On Time,,,2210,324870
FL03786,13-11-2025,Air India Express,IX 353,Boeing 737-8,BLR,Bengaluru,MAA,Chennai,14:50,14:54,15:50,15:54,60,142,189,0.7513,Leisure,4,4,On Time,,,1800,255600
FL01250,14-11-2025,Air India,AI 605,Airbus A321,HYD,Hyderabad,GOI,Goa,12:21,12:27,13:39,13:48,78,166,190,0.8737,Senior Citizen,6,9,On Time,,,3490,579340
FL01948,14-11-2025,Air India,AI 897,Boeing 787-8,AMD,Ahmedabad,HYD,Hyderabad,19:21,19:29,20:59,21:08,98,119,256,0.4648,Leisure,8,9,On Time,,,4820,573580
FL02044,14-11-2025,IndiGo,6E 991,Airbus A320neo,BLR,Bengaluru,MAA,Chennai,22:28,00:27,23:18,01:41,50,145,180,0.8056,Business,119,143,Delayed,Crew,,1800,261000
FL02134,14-11-2025,Akasa Air,QP 672,Boeing 737 MAX 8,MAA,Chennai,BLR,Bengaluru,19:08,19:10,19:59,20:09,51,153,189,0.8095,Family,2,10,On Time,,,1800,275400
FL02146,14-11-2025,IndiGo,6E 279,Airbus A320neo,AMD,Ahmedabad,MAA,Chennai,09:58,10:03,12:33,12:36,155,160,180,0.8889,Leisure,5,3,On Time,,,7470,1195200
FL02190,14-11-2025,IndiGo,6E 323,ATR 72,PNQ,Pune,MAA,Chennai,22:12,22:19,23:55,23:57,103,48,70,0.6857,Student,7,2,On Time,,,4740,227520
FL02218,14-11-2025,IndiGo,6E 348,Airbus A321neo,AMD,Ahmedabad,HYD,Hyderabad,12:28,14:55,14:11,16:41,103,163,220,0.7409,Senior Citizen,147,150,Delayed,Technical Issue,,5130,836190
FL03889,14-11-2025,Air India Express,IX 378,Boeing 737-800,GOI,Goa,BLR,Bengaluru,07:03,07:06,08:22,08:22,79,147,180,0.8167,Student,3,0,On Time,,,2740,402780
FL04013,14-11-2025,Akasa Air,QP 343,Boeing 737 MAX 8,LKO,Lucknow,JAI,Jaipur,20:41,20:45,21:50,21:50,69,132,189,0.6984,Family,4,0,On Time,,,2600,343200
FL00361,15-11-2025,Akasa Air,QP 178,Boeing 737 MAX 8,PNQ,Pune,HYD,Hyderabad,07:26,07:26,08:46,08:49,80,134,189,0.709,Business,0,3,On Time,,,2460,329640
FL00758,15-11-2025,Air India,AI 409,Airbus A320,MAA,Chennai,NAG,Nagpur,15:05,15:45,16:58,17:48,113,99,174,0.569,Business,40,50,Delayed,Late Arrival of Aircraft,,5370,531630
FL01431,15-11-2025,IndiGo,6E 473,Airbus A320neo,MAA,Chennai,BOM,Mumbai,21:45,21:50,23:49,23:51,124,148,180,0.8222,Leisure,5,2,On Time,,,5090,753320
FL01557,15-11-2025,IndiGo,6E 592,Airbus A321neo,JAI,Jaipur,GOI,Goa,19:06,19:15,21:24,21:35,138,144,220,0.6545,Leisure,9,11,On Time,,,5940,855360
FL02066,15-11-2025,Air India,AI 948,Boeing 787-8,GOI,Goa,PNQ,Pune,21:01,22:17,21:58,23:07,57,189,256,0.7383,Family,76,69,Delayed,Technical Issue,,1930,364770
FL02420,15-11-2025,IndiGo,6E 521,Airbus A320neo,BOM,Mumbai,BLR,Bengaluru,21:54,21:54,23:38,23:38,104,131,180,0.7278,Leisure,0,0,On Time,,,4740,620940
FL02869,15-11-2025,IndiGo,6E 932,Airbus A320neo,COK,Kochi,MAA,Chennai,19:55,20:03,21:08,21:20,73,139,180,0.7722,Student,8,12,On Time,,,2750,382250
FL02902,15-11-2025,Air India Express,IX 930,Boeing 737-800,PNQ,Pune,DEL,Delhi,09:29,10:57,11:41,13:57,132,141,180,0.7833,Business,88,136,Diverted,Crew,,5720,806520
FL02974,15-11-2025,Akasa Air,QP 886,Boeing 737 MAX 8,DEL,Delhi,BLR,Bengaluru,09:14,09:49,12:14,12:48,180,158,189,0.836,Business,35,34,Delayed,Air Traffic,,9240,1459920
FL00235,16-11-2025,Akasa Air,QP 148,Boeing 737 MAX 8,AMD,Ahmedabad,BLR,Bengaluru,09:52,10:01,12:05,12:16,133,125,189,0.6614,Business,9,11,On Time,,,6070,758750
FL01114,16-11-2025,Air India,AI 559,Boeing 787-8,NAG,Nagpur,AMD,Ahmedabad,13:47,13:54,15:16,15:17,89,184,256,0.7188,Senior Citizen,7,1,On Time,,,4210,774640
FL01286,16-11-2025,IndiGo,6E 355,Airbus A321neo,COK,Kochi,BOM,Mumbai,06:34,06:43,08:40,08:54,126,163,220,0.7409,Leisure,9,14,On Time,,,5900,961700
FL01867,16-11-2025,IndiGo,6E 846,Airbus A321neo,CCU,Kolkata,BLR,Bengaluru,06:29,06:36,08:59,09:00,150,183,220,0.8318,Leisure,7,1,On Time,,,8350,1528050
FL02410,16-11-2025,Air India,AI 275,Boeing 787-8,BLR,Bengaluru,HYD,Hyderabad,06:40,06:40,07:39,07:44,59,215,256,0.8398,Family,0,5,On Time,,,2710,582650
FL02624,16-11-2025,Air India,AI 370,Airbus A321,BOM,Mumbai,COK,Kochi,14:06,14:06,16:16,16:16,130,172,190,0.9053,Senior Citizen,0,0,On Time,,,7250,1247000
FL03200,16-11-2025,IndiGo,6E 435,Airbus A320neo,BLR,Bengaluru,BOM,Mumbai,12:36,13:39,14:17,15:42,101,119,180,0.6611,Leisure,63,85,Delayed,Air Traffic,,4640,552160
FL03479,16-11-2025,Akasa Air,QP 995,Boeing 737 MAX 8,BLR,Bengaluru,LKO,Lucknow,06:23,06:32,09:10,09:14,167,136,189,0.7196,Leisure,9,4,On Time,,,8800,1196800
FL03783,16-11-2025,Air India Express,IX 350,Boeing 737-8,NAG,Nagpur,LKO,Lucknow,22:06,22:13,23:30,23:35,84,159,189,0.8413,Leisure,7,5,On Time,,,3640,578760
FL04760,16-11-2025,Air India,AI 415,Airbus A321,BLR,Bengaluru,COK,Kochi,16:48,18:20,17:55,19:11,67,111,190,0.5842,Business,92,76,Delayed,Crew,,2050,227550
FL03311,17-11-2025,Air India,AI 629,Airbus A320,LKO,Lucknow,CJB,Coimbatore,05:41,05:45,08:48,08:52,187,96,174,0.5517,Business,4,4,On Time,,,9020,865920
FL00340,18-11-2025,Air India Express,IX 204,Boeing 737-8,BLR,Bengaluru,JAI,Jaipur,16:02,16:09,18:33,18:42,151,167,189,0.8836,Business,7,9,On Time,,,8300,1386100
FL00883,18-11-2025,Akasa Air,QP 345,Boeing 737 MAX 8,GOI,Goa,HYD,Hyderabad,11:16,11:22,12:32,12:42,76,128,189,0.6772,Leisure,6,10,On Time,,,2720,348160
FL01074,18-11-2025,IndiGo,6E 946,ATR 72,BOM,Mumbai,NAG,Nagpur,13:36,13:38,15:00,15:03,84,61,70,0.8714,Business,2,3,On Time,,,3680,224480
FL01229,18-11-2025,Air India Express,IX 448,Boeing 737-800,MAA,Chennai,CCU,Kolkata,09:04,09:04,11:22,11:22,138,153,180,0.85,Senior Citizen,0,0,On Time,,,6770,1035810
FL01391,18-11-2025,IndiGo,6E 450,Airbus A321neo,BOM,Mumbai,COK,Kochi,15:42,15:42,17:37,17:37,115,187,220,0.85,Business,0,0,On Time,,,5850,1093950
FL02789,18-11-2025,Akasa Air,QP 834,Boeing 737 MAX 8,CCU,Kolkata,GOI,Goa,05:18,06:03,08:17,08:54,179,141,189,0.746,Student,45,37,Delayed,Technical Issue,,9710,1369110
FL03605,18-11-2025,IndiGo,6E 796,Airbus A320neo,PNQ,Pune,CCU,Kolkata,07:33,07:41,10:20,10:23,167,132,180,0.7333,Family,8,3,On Time,,,8310,1096920
FL03719,18-11-2025,Air India,AI 777,Airbus A320,CCU,Kolkata,COK,Kochi,22:03,22:09,01:13,01:20,190,104,174,0.5977,Senior Citizen,6,7,On Time,,,10210,1061840
FL03809,18-11-2025,Air India,AI 833,Airbus A321,GAU,Guwahati,CCU,Kolkata,10:33,11:26,11:43,12:31,70,106,190,0.5579,Leisure,53,48,Delayed,Crew,,2670,283020
FL03829,18-11-2025,IndiGo,6E 966,ATR 72,BOM,Mumbai,LKO,Lucknow,09:33,09:42,11:47,11:50,134,41,70,0.5857,Leisure,9,3,On Time,,,5760,236160
FL04317,18-11-2025,Air India,AI 254,Airbus A321,LKO,Lucknow,AMD,Ahmedabad,11:21,11:29,13:07,13:20,106,136,190,0.7158,Leisure,8,13,On Time,,,4990,678640
FL00174,19-11-2025,IndiGo,6E 261,Airbus A320neo,DEL,Delhi,PNQ,Pune,13:33,13:41,15:47,15:54,134,142,180,0.7889,Family,8,7,On Time,,,6120,869040
FL00191,19-11-2025,SpiceJet,SG 163,Boeing 737-800,COK,Kochi,JAI,Jaipur,07:23,07:29,10:30,10:33,187,154,189,0.8148,Leisure,6,3,On Time,,,9760,1503040
FL00377,19-11-2025,Air India,AI 221,Boeing 787-8,BLR,Bengaluru,PNQ,Pune,12:06,12:06,13:40,13:40,94,176,256,0.6875,Leisure,0,0,On Time,,,3400,598400
FL00382,19-11-2025,Air India,AI 226,Airbus A320,AMD,Ahmedabad,DEL,Delhi,11:05,11:08,12:37,12:44,92,124,174,0.7126,Leisure,3,7,On Time,,,3990,494760
FL01439,19-11-2025,Akasa Air,QP 485,Boeing 737 MAX 8,JAI,Jaipur,GOI,Goa,14:41,14:49,17:06,17:11,145,87,189,0.4603,Leisure,8,5,On Time,,,5690,495030
FL01471,19-11-2025,IndiGo,6E 511,Airbus A321neo,HYD,Hyderabad,CJB,Coimbatore,20:13,20:21,21:39,21:51,86,160,220,0.7273,Leisure,8,12,On Time,,,4550,728000
FL02104,19-11-2025,Air India,AI 965,Airbus A321,DEL,Delhi,GOI,Goa,09:15,09:21,12:03,12:04,168,114,190,0.6,Family,6,1,On Time,,,7660,873240
FL02202,19-11-2025,Akasa Air,QP 700,Boeing 737 MAX 8,HYD,Hyderabad,CCU,Kolkata,19:09,19:17,21:22,21:28,133,145,189,0.7672,Leisure,8,6,On Time,,,5670,822150
FL02508,19-11-2025,Air India,AI 317,Boeing 787-8,JAI,Jaipur,COK,Kochi,21:50,21:56,00:59,01:10,189,219,256,0.8555,Student,6,11,On Time,,,11650,2551350
FL03181,19-11-2025,Air India,AI 577,Airbus A321,BLR,Bengaluru,PNQ,Pune,12:56,12:56,14:26,14:33,90,134,190,0.7053,Leisure,0,7,On Time,,,4230,566820
FL03312,19-11-2025,Air India Express,IX 234,Boeing 737-8,HYD,Hyderabad,BLR,Bengaluru,10:05,10:14,11:19,11:29,74,153,189,0.8095,Student,9,10,On Time,,,2230,341190
FL03731,19-11-2025,Air India,AI 783,Airbus A320,BLR,Bengaluru,MAA,Chennai,06:16,06:17,07:09,07:09,53,125,174,0.7184,Leisure,1,0,On Time,,,1800,225000
FL00143,20-11-2025,IndiGo,6E 233,ATR 72,HYD,Hyderabad,BLR,Bengaluru,06:24,06:25,07:34,07:39,70,54,70,0.7714,Student,1,5,On Time,,,2350,126900
FL01676,20-11-2025,IndiGo,6E 692,Airbus A320neo,BOM,Mumbai,COK,Kochi,18:09,18:11,20:12,20:15,123,135,180,0.75,Leisure,2,3,On Time,,,5660,764100
FL03110,20-11-2025,IndiGo,6E 352,Airbus A320neo,COK,Kochi,AMD,Ahmedabad,13:45,13:53,16:27,16:36,162,129,180,0.7167,Family,8,9,On Time,,,6880,887520
FL03457,20-11-2025,IndiGo,6E 665,ATR 72,NAG,Nagpur,AMD,Ahmedabad,13:03,13:03,14:37,14:37,94,59,70,0.8429,Business,0,0,On Time,,,4130,243670
FL04622,20-11-2025,Air India,AI 359,Airbus A320,AMD,Ahmedabad,COK,Kochi,12:44,12:47,15:31,15:31,167,131,174,0.7529,Business,3,0,On Time,,,8580,1123980
FL00955,21-11-2025,SpiceJet,SG 349,Boeing 737-800,MAA,Chennai,BLR,Bengaluru,09:48,09:49,10:43,10:44,55,155,189,0.8201,Leisure,1,1,On Time,,,1800,279000
FL01586,21-11-2025,SpiceJet,SG 478,Bombardier Q400,BLR,Bengaluru,PNQ,Pune,17:09,17:09,18:44,18:46,95,55,78,0.7051,Business,0,2,On Time,,,4040,222200
FL02507,21-11-2025,Air India Express,IX 799,Boeing 737-8,CJB,Coimbatore,BOM,Mumbai,17:50,17:55,19:41,19:42,111,187,189,0.9894,Family,5,1,On Time,,,6040,1129480
FL02856,21-11-2025,Air India Express,IX 916,Boeing 737-8,GOI,Goa,MAA,Chennai,14:39,14:47,16:12,16:23,93,136,189,0.7196,Business,8,11,On Time,,,3960,538560
FL03771,21-11-2025,SpiceJet,SG 955,Boeing 737-800,BOM,Mumbai,BLR,Bengaluru,08:15,08:17,10:05,10:05,110,167,189,0.8836,Business,2,0,On Time,,,5190,866730
FL04309,21-11-2025,Air India,AI 251,Boeing 787-8,HYD,Hyderabad,MAA,Chennai,16:28,16:30,17:38,17:40,70,229,256,0.8945,Business,2,2,On Time,,,3610,826690
FL04332,21-11-2025,Air India,AI 264,Airbus A320,DEL,Delhi,PNQ,Pune,11:26,11:31,13:32,13:39,126,153,174,0.8793,Family,5,7,On Time,,,8330,1274490
FL00468,22-11-2025,IndiGo,6E 517,Airbus A320neo,BOM,Mumbai,PNQ,Pune,22:12,23:24,22:57,00:12,45,136,180,0.7556,Student,72,75,Delayed,Crew,,1800,244800
FL00937,22-11-2025,Akasa Air,QP 359,Boeing 737 MAX 8,BLR,Bengaluru,CCU,Kolkata,17:39,17:40,20:22,20:24,163,113,189,0.5979,Family,1,2,On Time,,,7860,888180
FL01844,22-11-2025,Air India,AI 858,Airbus A320,HYD,Hyderabad,MAA,Chennai,20:56,20:56,22:10,22:15,74,150,174,0.8621,Business,0,5,On Time,,,3460,519000
FL02888,22-11-2025,IndiGo,6E 952,Airbus A320neo,BLR,Bengaluru,HYD,Hyderabad,10:06,11:26,11:16,12:17,70,156,180,0.8667,Leisure,80,61,Delayed,Air Traffic,,2860,446160
FL04814,22-11-2025,IndiGo,6E 905,Airbus A321neo,DEL,Delhi,AMD,Ahmedabad,14:33,14:40,15:58,15:59,85,137,220,0.6227,Leisure,7,1,On Time,,,4060,556220
FL04914,22-11-2025,IndiGo,6E 999,ATR 72,BLR,Bengaluru,COK,Kochi,05:05,05:12,06:04,06:10,59,55,70,0.7857,Senior Citizen,7,6,On Time,,,1800,99000
FL01414,23-11-2025,Air India,AI 682,Boeing 787-8,NAG,Nagpur,COK,Kochi,19:00,19:00,21:16,21:17,136,197,256,0.7695,Family,0,1,On Time,,,7490,1475530
FL01978,23-11-2025,Air India,AI 911,Boeing 787-8,BLR,Bengaluru,DEL,Delhi,14:40,14:45,17:32,17:34,172,195,256,0.7617,Business,5,2,On Time,,,10400,2028000
FL02037,23-11-2025,Air India,AI 931,Boeing 787-8,BOM,Mumbai,BLR,Bengaluru,06:03,06:04,07:45,07:45,102,189,256,0.7383,Student,1,0,On Time,,,4680,884520
FL02599,23-11-2025,Air India Express,IX 833,Boeing 737-8,MAA,Chennai,DEL,Delhi,18:13,18:22,21:16,21:25,183,183,189,0.9683,Senior Citizen,9,9,On Time,,,9750,1784250
FL03301,23-11-2025,Air India Express,IX 228,Boeing 737-8,AMD,Ahmedabad,BOM,Mumbai,07:37,07:43,08:44,08:47,67,120,189,0.6349,Business,6,3,On Time,,,2080,249600
FL01655,24-11-2025,IndiGo,6E 677,Airbus A320neo,CCU,Kolkata,HYD,Hyderabad,13:58,15:26,16:17,17:56,139,139,180,0.7722,Family,88,99,Delayed,Technical Issue,,7000,973000
FL02480,24-11-2025,Air India,AI 302,Airbus A321,GAU,Guwahati,MAA,Chennai,20:24,20:29,23:27,23:35,183,130,190,0.6842,Leisure,5,8,On Time,,,10490,1363700
FL02766,24-11-2025,IndiGo,6E 845,Airbus A321neo,DEL,Delhi,BOM,Mumbai,19:36,20:49,21:44,22:54,128,180,220,0.8182,Family,73,70,Delayed,Weather,,6460,1162800
FL03130,24-11-2025,IndiGo,6E 369,Airbus A321neo,MAA,Chennai,HYD,Hyderabad,19:36,19:43,21:01,21:15,85,163,220,0.7409,Leisure,7,14,On Time,,,2730,444990
FL03331,24-11-2025,IndiGo,6E 541,Airbus A321neo,BLR,Bengaluru,DEL,Delhi,06:21,06:26,09:19,09:25,178,172,220,0.7818,Senior Citizen,5,6,On Time,,,9810,1687320
FL03388,24-11-2025,Akasa Air,QP 975,Boeing 737 MAX 8,COK,Kochi,HYD,Hyderabad,13:27,14:05,14:58,15:19,91,140,189,0.7407,Leisure,38,21,Delayed,Late Arrival of Aircraft,,3800,532000
FL03953,24-11-2025,SpiceJet,SG 202,Boeing 737-800,HYD,Hyderabad,BLR,Bengaluru,13:16,14:30,14:27,15:31,71,136,189,0.7196,Family,74,64,Delayed,Crew,,2260,307360
FL04681,24-11-2025,Akasa Air,QP 503,Boeing 737 MAX 8,COK,Kochi,BLR,Bengaluru,20:16,21:22,21:10,22:21,54,152,189,0.8042,Leisure,66,71,Delayed,Air Traffic,,1870,284240
FL00347,25-11-2025,Air India,AI 201,Airbus A321,AMD,Ahmedabad,MAA,Chennai,17:43,17:51,20:14,20:23,151,160,190,0.8421,Senior Citizen,8,9,On Time,,,7330,1172800
FL00463,25-11-2025,IndiGo,6E 511,Airbus A320neo,BOM,Mumbai,BLR,Bengaluru,12:45,12:47,14:23,14:31,98,170,180,0.9444,Leisure,2,8,On Time,,,4180,710600
FL01310,25-11-2025,IndiGo,6E 368,ATR 72,AMD,Ahmedabad,BLR,Bengaluru,21:19,21:23,23:31,23:31,132,50,70,0.7143,Leisure,4,0,On Time,,,5390,269500
FL01459,25-11-2025,SpiceJet,SG 461,Boeing 737-800,CCU,Kolkata,BOM,Mumbai,16:52,16:55,19:44,19:48,172,149,189,0.7884,Family,3,4,On Time,,,7780,1159220
FL01731,25-11-2025,Akasa Air,QP 570,Boeing 737 MAX 8,GOI,Goa,PNQ,Pune,17:16,17:18,18:09,18:16,53,128,189,0.6772,Family,2,7,On Time,,,1840,235520
FL02061,25-11-2025,IndiGo,6E 206,Airbus A321neo,BOM,Mumbai,GOI,Goa,09:11,09:46,10:19,10:54,68,167,220,0.7591,Leisure,35,35,Delayed,Late Arrival of Aircraft,,2420,404140
FL01027,26-11-2025,IndiGo,6E 907,Airbus A321neo,BOM,Mumbai,PNQ,Pune,12:43,12:49,13:28,13:34,45,163,220,0.7409,Business,6,6,On Time,,,1800,293400
FL01372,26-11-2025,Air India,AI 662,Airbus A321,DEL,Delhi,AMD,Ahmedabad,05:50,06:23,07:33,08:00,103,127,190,0.6684,Family,33,27,Delayed,Weather,,4170,529590
FL02219,26-11-2025,SpiceJet,SG 607,Boeing 737-800,BLR,Bengaluru,GOI,Goa,08:10,08:16,09:17,09:24,67,147,189,0.7778,Senior Citizen,6,7,On Time,,,2570,377790
FL03958,26-11-2025,IndiGo,6E 240,Airbus A320neo,PNQ,Pune,HYD,Hyderabad,14:50,14:52,16:04,16:09,74,106,180,0.5889,Business,2,5,On Time,,,2330,246980
FL04026,26-11-2025,IndiGo,6E 291,Airbus A321neo,CCU,Kolkata,HYD,Hyderabad,18:05,18:11,20:21,20:22,136,144,220,0.6545,Family,6,1,On Time,,,5430,781920
FL00320,27-11-2025,IndiGo,6E 389,Airbus A321neo,HYD,Hyderabad,BLR,Bengaluru,20:40,20:40,21:37,21:37,57,145,220,0.6591,Business,0,0,On Time,,,2380,345100
FL01264,27-11-2025,IndiGo,6E 318,Airbus A320neo,AMD,Ahmedabad,BOM,Mumbai,18:03,18:07,19:23,19:27,80,134,180,0.7444,Business,4,4,On Time,,,2620,351080
FL01454,27-11-2025,IndiGo,6E 498,Airbus A320neo,BLR,Bengaluru,GOI,Goa,09:03,09:10,10:13,10:23,70,145,180,0.8056,Leisure,7,10,On Time,,,3040,440800
FL02301,27-11-2025,IndiGo,6E 414,ATR 72,MAA,Chennai,COK,Kochi,22:03,22:12,23:22,23:34,79,54,70,0.7714,Leisure,9,12,On Time,,,2620,141480
FL02691,27-11-2025,IndiGo,6E 776,Airbus A321neo,DEL,Delhi,MAA,Chennai,21:38,21:43,00:42,00:42,184,174,220,0.7909,Leisure,5,0,On Time,,,10400,1809600
FL03017,27-11-2025,Air India Express,IX 953,Boeing 737-800,GOI,Goa,BOM,Mumbai,10:16,10:18,11:16,11:16,60,131,180,0.7278,Senior Citizen,2,0,On Time,,,2210,289510
FL01014,28-11-2025,IndiGo,6E 901,Airbus A320neo,PNQ,Pune,BOM,Mumbai,21:07,21:09,21:52,21:59,45,122,180,0.6778,Leisure,2,7,On Time,,,1800,219600
FL01593,28-11-2025,SpiceJet,SG 479,Bombardier Q400,MAA,Chennai,BLR,Bengaluru,21:19,21:20,22:13,22:18,54,47,78,0.6026,Leisure,1,5,On Time,,,1800,84600
FL02234,28-11-2025,IndiGo,6E 358,Airbus A321neo,HYD,Hyderabad,GOI,Goa,18:25,18:33,19:48,19:58,83,196,220,0.8909,Business,8,10,On Time,,,2730,535080
FL02503,28-11-2025,IndiGo,6E 604,Airbus A320neo,BOM,Mumbai,CJB,Coimbatore,08:17,09:05,10:15,11:08,118,115,180,0.6389,Family,48,53,Delayed,Late Arrival of Aircraft,,5840,671600
FL02554,28-11-2025,Air India,AI 338,Airbus A321,BLR,Bengaluru,HYD,Hyderabad,17:12,17:16,18:22,18:22,70,141,190,0.7421,Leisure,4,0,On Time,,,2980,420180
FL02600,28-11-2025,IndiGo,6E 688,Airbus A321neo,COK,Kochi,AMD,Ahmedabad,11:52,12:01,14:26,14:34,154,194,220,0.8818,Family,9,8,On Time,,,8540,1656760
FL03865,28-11-2025,IndiGo,6E 988,ATR 72,DEL,Delhi,JAI,Jaipur,11:03,11:26,12:00,15:14,57,60,70,0.8571,Leisure,23,194,Diverted,Technical Issue,,1800,108000
FL04051,28-11-2025,IndiGo,6E 305,Airbus A320neo,BOM,Mumbai,DEL,Delhi,14:53,14:56,16:55,17:03,122,170,180,0.9444,Senior Citizen,3,8,On Time,,,8380,1424600
FL04346,28-11-2025,IndiGo,6E 539,ATR 72,COK,Kochi,HYD,Hyderabad,12:02,12:03,13:37,13:37,95,60,70,0.8571,Leisure,1,0,On Time,,,4520,271200
FL04856,28-11-2025,Air India,AI 468,Airbus A321,BOM,Mumbai,DEL,Delhi,10:51,11:21,13:00,13:32,129,150,190,0.7895,Student,30,32,Delayed,Air Traffic,,7170,1075500
FL00388,29-11-2025,Air India,AI 229,Airbus A320,BLR,Bengaluru,DEL,Delhi,21:23,21:26,00:25,00:29,182,124,174,0.7126,Leisure,3,4,On Time,,,10970,1360280
FL00965,29-11-2025,Air India,AI 496,Airbus A320,AMD,Ahmedabad,DEL,Delhi,12:59,15:52,14:36,17:10,97,133,174,0.7644,Leisure,173,154,Delayed,Crew,,4820,641060
FL01951,29-11-2025,Akasa Air,QP 635,Boeing 737 MAX 8,COK,Kochi,PNQ,Pune,20:51,20:56,22:40,22:49,109,164,189,0.8677,Student,5,9,On Time,,,5260,862640
FL03269,29-11-2025,Air India,AI 610,Airbus A321,AMD,Ahmedabad,COK,Kochi,07:51,07:55,10:38,10:38,167,138,190,0.7263,Leisure,4,0,On Time,,,10050,1386900
FL03599,29-11-2025,IndiGo,6E 791,Airbus A321neo,MAA,Chennai,BLR,Bengaluru,18:37,18:39,19:30,19:31,53,169,220,0.7682,Business,2,1,On Time,,,1800,304200
FL03688,29-11-2025,IndiGo,6E 862,ATR 72,BLR,Bengaluru,PNQ,Pune,19:22,,20:51,,89,0,70,0,Leisure,0,0,Cancelled,,Operational Issue,4040,0
FL04121,29-11-2025,Air India,AI 959,Airbus A321,COK,Kochi,JAI,Jaipur,06:49,06:50,10:04,10:06,195,136,190,0.7158,Family,1,2,On Time,,,10420,1417120
FL04357,29-11-2025,IndiGo,6E 549,Airbus A321neo,CJB,Coimbatore,MAA,Chennai,17:48,20:40,18:57,21:41,69,194,220,0.8818,Family,172,164,Delayed,Weather,,2550,494700
FL00170,30-11-2025,IndiGo,6E 259,ATR 72,HYD,Hyderabad,MAA,Chennai,07:25,07:34,08:39,08:53,74,62,70,0.8857,Business,9,14,On Time,,,3680,228160
FL00916,30-11-2025,SpiceJet,SG 333,Boeing 737-800,COK,Kochi,CCU,Kolkata,14:22,14:25,17:29,17:42,187,149,189,0.7884,Family,3,13,On Time,,,10700,1594300
FL00967,30-11-2025,Air India,AI 497,Boeing 787-8,GOI,Goa,BLR,Bengaluru,05:06,05:08,06:17,06:17,71,209,256,0.8164,Leisure,2,0,On Time,,,3260,681340
FL01061,30-11-2025,IndiGo,6E 932,Airbus A321neo,PNQ,Pune,BOM,Mumbai,17:31,17:36,18:16,18:29,45,159,220,0.7227,Senior Citizen,5,13,On Time,,,1800,286200
FL01920,30-11-2025,Air India,AI 890,Airbus A320,COK,Kochi,CCU,Kolkata,07:35,07:39,10:44,10:47,189,157,174,0.9023,Student,4,3,On Time,,,11280,1770960
FL02003,30-11-2025,IndiGo,6E 961,Airbus A320neo,COK,Kochi,PNQ,Pune,08:38,10:43,10:28,12:46,110,115,180,0.6389,Leisure,125,138,Delayed,Technical Issue,,5750,661250
FL03101,30-11-2025,IndiGo,6E 343,Airbus A320neo,BLR,Bengaluru,BOM,Mumbai,17:07,17:12,18:45,18:54,98,143,180,0.7944,Family,5,9,On Time,,,4780,683540
FL03878,30-11-2025,IndiGo,6E 997,Airbus A321neo,PNQ,Pune,CJB,Coimbatore,07:30,09:58,09:14,11:52,104,161,220,0.7318,Student,148,158,Delayed,Weather,,4800,772800
FL03971,30-11-2025,Akasa Air,QP 331,Boeing 737 MAX 8,LKO,Lucknow,DEL,Delhi,18:34,18:40,19:43,19:52,69,167,189,0.8836,Business,6,9,On Time,,,2680,447560
FL04058,30-11-2025,IndiGo,6E 311,ATR 72,CJB,Coimbatore,GOI,Goa,05:12,05:21,06:38,06:42,86,43,70,0.6143,Family,9,4,On Time,,,3220,138460
FL00720,01-12-2025,Air India,AI 389,Airbus A321,BOM,Mumbai,BLR,Bengaluru,06:38,06:38,08:23,08:23,105,148,190,0.7789,Leisure,0,0,On Time,,,4610,682280
FL00892,01-12-2025,IndiGo,6E 825,ATR 72,COK,Kochi,MAA,Chennai,05:59,05:59,07:15,07:15,76,51,70,0.7286,Student,0,0,On Time,,,2970,151470
FL03237,01-12-2025,IndiGo,6E 455,Airbus A320neo,NAG,Nagpur,DEL,Delhi,19:58,19:58,21:46,21:48,108,123,180,0.6833,Leisure,0,2,On Time,,,4040,496920
FL03380,01-12-2025,Akasa Air,QP 972,Boeing 737 MAX 8,MAA,Chennai,BLR,Bengaluru,21:31,21:34,22:23,22:23,52,161,189,0.8519,Leisure,3,0,On Time,,,1800,289800
FL04794,01-12-2025,Akasa Air,QP 545,Boeing 737 MAX 8,DEL,Delhi,COK,Kochi,07:08,07:09,10:40,10:40,212,136,189,0.7196,Family,1,0,On Time,,,10330,1404880
FL00224,02-12-2025,Air India Express,IX 183,Boeing 737-800,BOM,Mumbai,BLR,Bengaluru,05:02,07:59,06:41,09:30,99,159,180,0.8833,Business,177,169,Delayed,Weather,,4590,729810
FL01518,02-12-2025,Air India,AI 715,Airbus A321,PNQ,Pune,HYD,Hyderabad,17:57,18:05,19:08,19:17,71,132,190,0.6947,Student,8,9,On Time,,,2800,369600
FL02824,02-12-2025,Air India Express,IX 908,Boeing 737-800,BLR,Bengaluru,PNQ,Pune,13:24,13:30,14:45,14:49,81,130,180,0.7222,Leisure,6,4,On Time,,,3680,478400
FL04259,02-12-2025,IndiGo,6E 473,Airbus A320neo,HYD,Hyderabad,GAU,Guwahati,11:01,11:06,14:02,14:06,181,125,180,0.6944,Senior Citizen,5,4,On Time,,,9040,1130000
FL02436,03-12-2025,Air India,AI 283,Airbus A321,MAA,Chennai,BLR,Bengaluru,18:01,18:07,18:54,19:01,53,138,190,0.7263,Business,6,7,On Time,,,1800,248400
FL02535,03-12-2025,IndiGo,6E 635,ATR 72,HYD,Hyderabad,MAA,Chennai,08:35,09:49,09:47,11:23,72,61,70,0.8714,Leisure,74,96,Delayed,Late Arrival of Aircraft,,3000,183000
FL02949,03-12-2025,IndiGo,6E 202,ATR 72,BLR,Bengaluru,NAG,Nagpur,10:12,10:21,12:00,12:14,108,40,70,0.5714,Business,9,14,On Time,,,4440,177600
FL00137,04-12-2025,Air India Express,IX 149,Boeing 737-8,DEL,Delhi,AMD,Ahmedabad,16:07,16:16,17:42,17:46,95,138,189,0.7302,Family,9,4,On Time,,,3830,528540
FL00342,04-12-2025,SpiceJet,SG 206,Bombardier Q400,DEL,Delhi,COK,Kochi,21:31,21:37,01:02,01:09,211,67,78,0.859,Business,6,7,On Time,,,12270,822090
FL00527,04-12-2025,SpiceJet,SG 244,Boeing 737-800,HYD,Hyderabad,BOM,Mumbai,10:14,10:16,11:33,11:33,79,136,189,0.7196,Family,2,0,On Time,,,2990,406640
FL00688,04-12-2025,Akasa Air,QP 290,Boeing 737 MAX 8,BLR,Bengaluru,DEL,Delhi,10:46,12:43,13:39,16:00,173,141,189,0.746,Family,117,141,Delayed,Air Traffic,,8080,1139280
FL00905,04-12-2025,IndiGo,6E 837,Airbus A321neo,MAA,Chennai,PNQ,Pune,19:24,19:25,21:20,21:20,116,125,220,0.5682,Business,1,0,On Time,,,3920,490000
FL01385,04-12-2025,IndiGo,6E 438,Airbus A321neo,BOM,Mumbai,JAI,Jaipur,13:30,13:48,15:24,15:43,114,216,220,0.9818,Business,18,19,Delayed,Ground Operations,,5460,1179360
FL01744,04-12-2025,IndiGo,6E 737,Airbus A321neo,DEL,Delhi,BOM,Mumbai,12:13,12:40,14:26,14:42,133,168,220,0.7636,Leisure,27,16,Delayed,Technical Issue,,6340,1065120
FL02491,04-12-2025,IndiGo,6E 590,Airbus A321neo,NAG,Nagpur,COK,Kochi,05:22,05:29,07:42,07:52,140,194,220,0.8818,Leisure,7,10,On Time,,,6860,1330840
FL02622,04-12-2025,Akasa Air,QP 797,Boeing 737 MAX 8,AMD,Ahmedabad,GOI,Goa,18:23,18:26,20:06,20:07,103,144,189,0.7619,Leisure,3,1,On Time,,,4650,669600
FL03103,04-12-2025,IndiGo,6E 346,Airbus A321neo,AMD,Ahmedabad,LKO,Lucknow,12:14,12:23,14:17,14:20,123,175,220,0.7955,Leisure,9,3,On Time,,,4610,806750
FL03511,04-12-2025,IndiGo,6E 719,Airbus A320neo,BLR,Bengaluru,NAG,Nagpur,18:46,18:46,20:38,20:38,112,104,180,0.5778,Leisure,0,0,On Time,,,4640,482560
FL03845,04-12-2025,Air India Express,IX 376,Boeing 737-8,GOI,Goa,BLR,Bengaluru,19:27,21:11,20:38,22:26,71,134,189,0.709,Leisure,104,108,Delayed,Late Arrival of Aircraft,,2330,312220
FL03952,04-12-2025,Akasa Air,QP 317,Boeing 737 MAX 8,MAA,Chennai,CJB,Coimbatore,05:26,08:05,06:29,09:20,63,106,189,0.5608,Business,159,171,Delayed,Ground Operations,,1870,198220
FL04261,04-12-2025,Air India,AI 230,Airbus A321,CJB,Coimbatore,CCU,Kolkata,17:48,17:51,20:51,20:58,183,125,190,0.6579,Business,3,7,On Time,,,9660,1207500
FL00724,05-12-2025,IndiGo,6E 691,Airbus A320neo,LKO,Lucknow,GOI,Goa,10:38,10:38,13:15,13:17,157,129,180,0.7167,Business,0,2,On Time,,,8400,1083600
FL01502,05-12-2025,Air India,AI 704,Airbus A320,HYD,Hyderabad,BLR,Bengaluru,20:22,20:26,21:33,21:33,71,145,174,0.8333,Leisure,4,0,On Time,,,3180,461100
FL01699,05-12-2025,Akasa Air,QP 561,Boeing 737 MAX 8,AMD,Ahmedabad,MAA,Chennai,19:36,,21:59,,143,0,189,0,Family,0,0,Cancelled,,Air Traffic,8040,0
FL03271,05-12-2025,IndiGo,6E 497,Airbus A320neo,MAA,Chennai,LKO,Lucknow,12:09,12:14,14:43,14:56,154,133,180,0.7389,Family,5,13,On Time,,,9080,1207640
FL03787,05-12-2025,Air India,AI 823,Airbus A320,COK,Kochi,CJB,Coimbatore,13:46,13:53,14:31,14:38,45,146,174,0.8391,Family,7,7,On Time,,,1800,262800
FL00100,06-12-2025,IndiGo,6E 191,Airbus A320neo,LKO,Lucknow,DEL,Delhi,12:28,12:33,13:33,13:42,65,148,180,0.8222,Business,5,9,On Time,,,2680,396640
FL00850,06-12-2025,Air India,AI 443,Airbus A320,GOI,Goa,HYD,Hyderabad,18:52,19:55,20:13,21:28,81,130,174,0.7471,Leisure,63,75,Delayed,Technical Issue,,3220,418600
FL01832,06-12-2025,IndiGo,6E 823,Airbus A321neo,COK,Kochi,CJB,Coimbatore,14:44,14:53,15:29,15:37,45,180,220,0.8182,Senior Citizen,9,8,On Time,,,1800,324000
FL03727,06-12-2025,Air India,AI 782,Airbus A320,CJB,Coimbatore,PNQ,Pune,21:48,21:55,23:43,23:47,115,125,174,0.7184,Family,7,4,On Time,,,4930,616250
FL03772,06-12-2025,IndiGo,6E 927,ATR 72,CJB,Coimbatore,BLR,Bengaluru,17:45,17:50,18:42,18:48,57,66,70,0.9429,Senior Citizen,5,6,On Time,,,1800,118800
FL03780,06-12-2025,Air India,AI 821,Airbus A320,BLR,Bengaluru,MAA,Chennai,14:38,14:41,15:23,15:26,45,157,174,0.9023,Student,3,3,On Time,,,1800,282600
FL04171,06-12-2025,Akasa Air,QP 386,Boeing 737 MAX 8,BOM,Mumbai,GOI,Goa,15:28,17:44,16:36,18:56,68,174,189,0.9206,Leisure,136,140,Delayed,Technical Issue,,2560,445440
FL00605,07-12-2025,Air India,AI 335,Airbus A321,CCU,Kolkata,GAU,Guwahati,18:33,18:37,19:45,19:48,72,121,190,0.6368,Student,4,3,On Time,,,2960,358160
FL01335,07-12-2025,IndiGo,6E 399,Airbus A321neo,AMD,Ahmedabad,JAI,Jaipur,15:27,15:32,16:46,16:54,79,193,220,0.8773,Leisure,5,8,On Time,,,2670,515310
FL01407,07-12-2025,Air India Express,IX 486,Boeing 737-8,CJB,Coimbatore,DEL,Delhi,20:59,21:02,00:24,00:24,205,132,189,0.6984,Family,3,0,On Time,,,10880,1436160
FL03072,07-12-2025,IndiGo,6E 321,Airbus A320neo,CCU,Kolkata,COK,Kochi,19:05,19:13,22:24,22:24,199,100,180,0.5556,Leisure,8,0,On Time,,,9430,943000
FL03162,07-12-2025,IndiGo,6E 399,Airbus A321neo,CCU,Kolkata,NAG,Nagpur,21:06,21:13,23:01,23:06,115,184,220,0.8364,Leisure,7,5,On Time,,,6350,1168400
FL03620,07-12-2025,Air India Express,IX 306,Boeing 737-8,AMD,Ahmedabad,MAA,Chennai,20:01,20:06,22:36,22:41,155,140,189,0.7407,Family,5,5,On Time,,,7050,987000
FL01334,08-12-2025,IndiGo,6E 398,Airbus A320neo,MAA,Chennai,PNQ,Pune,17:17,17:25,19:06,19:12,109,137,180,0.7611,Business,8,6,On Time,,,4350,595950
FL01607,08-12-2025,Air India Express,IX 536,Boeing 737-800,LKO,Lucknow,DEL,Delhi,16:03,16:11,16:55,17:02,52,104,180,0.5778,Leisure,8,7,On Time,,,1800,187200
FL03094,08-12-2025,Akasa Air,QP 914,Boeing 737 MAX 8,CJB,Coimbatore,PNQ,Pune,10:08,12:06,12:02,13:53,114,134,189,0.709,Leisure,118,111,Delayed,Air Traffic,,4600,616400
FL03632,08-12-2025,Akasa Air,QP 239,Boeing 737 MAX 8,CCU,Kolkata,BLR,Bengaluru,20:41,20:50,23:24,23:31,163,120,189,0.6349,Leisure,9,7,On Time,,,7470,896400
FL00233,09-12-2025,IndiGo,6E 311,Airbus A320neo,MAA,Chennai,DEL,Delhi,19:29,19:36,22:25,22:39,176,147,180,0.8167,Family,7,14,On Time,,,8860,1302420
FL02255,09-12-2025,IndiGo,6E 374,Airbus A320neo,CCU,Kolkata,AMD,Ahmedabad,08:23,10:26,11:19,13:18,176,178,180,0.9889,Leisure,123,119,Delayed,Weather,,10150,1806700
FL03296,09-12-2025,IndiGo,6E 513,Airbus A321neo,MAA,Chennai,BOM,Mumbai,12:24,14:53,14:23,16:49,119,183,220,0.8318,Leisure,149,146,Delayed,Technical Issue,,5730,1048590
FL03470,09-12-2025,IndiGo,6E 680,Airbus A320neo,HYD,Hyderabad,PNQ,Pune,22:05,22:05,23:20,23:20,75,121,180,0.6722,Student,0,0,On Time,,,2970,359370
FL04061,09-12-2025,IndiGo,6E 318,ATR 72,JAI,Jaipur,LKO,Lucknow,20:27,20:35,21:50,22:00,83,45,70,0.6429,Senior Citizen,8,10,On Time,,,2170,97650
FL04785,09-12-2025,IndiGo,6E 885,ATR 72,CCU,Kolkata,BLR,Bengaluru,06:12,06:15,08:56,08:56,164,60,70,0.8571,Leisure,3,0,On Time,,,10290,617400
FL00032,10-12-2025,Akasa Air,QP 108,Boeing 737 MAX 8,JAI,Jaipur,AMD,Ahmedabad,16:42,16:50,17:55,18:00,73,156,189,0.8254,Senior Citizen,8,5,On Time,,,2670,416520
FL02182,10-12-2025,Akasa Air,QP 693,Boeing 737 MAX 8,MAA,Chennai,HYD,Hyderabad,16:42,16:45,17:52,17:52,70,127,189,0.672,Senior Citizen,3,0,On Time,,,2730,346710
FL02907,10-12-2025,Akasa Air,QP 870,Boeing 737 MAX 8,PNQ,Pune,DEL,Delhi,18:15,18:17,20:22,20:22,127,137,189,0.7249,Family,2,0,On Time,,,6380,874060
FL00104,11-12-2025,Akasa Air,QP 121,Boeing 737 MAX 8,COK,Kochi,NAG,Nagpur,19:16,20:24,21:24,22:21,128,113,189,0.5979,Student,68,57,Delayed,Ground Operations,,5570,629410
FL00613,11-12-2025,Akasa Air,QP 259,Boeing 737 MAX 8,BLR,Bengaluru,NAG,Nagpur,14:54,15:00,16:42,16:50,108,149,189,0.7884,Business,6,8,On Time,,,4870,725630
FL01403,11-12-2025,IndiGo,6E 452,ATR 72,DEL,Delhi,BOM,Mumbai,19:00,19:01,21:07,21:07,127,53,70,0.7571,Leisure,1,0,On Time,,,5640,298920
FL01972,11-12-2025,IndiGo,6E 925,ATR 72,HYD,Hyderabad,PNQ,Pune,05:15,06:14,06:27,07:27,72,45,70,0.6429,Business,59,60,Delayed,Technical Issue,,2600,117000
FL02180,11-12-2025,IndiGo,6E 312,ATR 72,HYD,Hyderabad,BLR,Bengaluru,05:04,05:10,06:08,06:14,64,62,70,0.8857,Senior Citizen,6,6,On Time,,,2760,171120
FL02547,11-12-2025,Akasa Air,QP 778,Boeing 737 MAX 8,CCU,Kolkata,COK,Kochi,16:33,16:39,19:39,19:39,186,141,189,0.746,Family,6,0,On Time,,,10580,1491780
FL02962,11-12-2025,Air India,AI 483,Airbus A321,BLR,Bengaluru,PNQ,Pune,17:28,17:48,19:01,19:12,93,161,190,0.8474,Leisure,20,11,Delayed,Other,,4510,726110
FL04464,11-12-2025,IndiGo,6E 640,ATR 72,BOM,Mumbai,AMD,Ahmedabad,09:14,11:44,10:23,12:54,69,49,70,0.7,Business,150,151,Delayed,Crew,,2550,124950
FL00023,12-12-2025,IndiGo,6E 129,Airbus A320neo,LKO,Lucknow,MAA,Chennai,10:17,10:25,12:56,13:08,159,138,180,0.7667,Student,8,12,On Time,,,7980,1101240
FL01271,12-12-2025,IndiGo,6E 331,Airbus A320neo,MAA,Chennai,COK,Kochi,20:37,20:43,21:48,21:53,71,172,180,0.9556,Family,6,5,On Time,,,2580,443760
FL01954,12-12-2025,SpiceJet,SG 549,Bombardier Q400,PNQ,Pune,BOM,Mumbai,10:58,11:00,11:43,11:43,45,65,78,0.8333,Leisure,2,0,On Time,,,1800,117000
FL01956,12-12-2025,Air India Express,IX 652,Boeing 737-8,MAA,Chennai,GOI,Goa,13:23,13:26,14:44,14:47,81,147,189,0.7778,Leisure,3,3,On Time,,,3760,552720
FL02068,12-12-2025,SpiceJet,SG 576,Boeing 737-800,NAG,Nagpur,COK,Kochi,09:21,09:22,11:36,11:36,135,168,189,0.8889,Business,1,0,On Time,,,8280,1391040
FL03251,12-12-2025,Akasa Air,QP 949,Boeing 737 MAX 8,HYD,Hyderabad,NAG,Nagpur,17:43,19:49,18:55,20:58,72,133,189,0.7037,Leisure,126,123,Delayed,Air Traffic,,2100,279300
FL03514,12-12-2025,Air India,AI 700,Airbus A320,NAG,Nagpur,GAU,Guwahati,05:17,05:26,07:40,07:47,143,115,174,0.6609,Family,9,7,On Time,,,6350,730250
FL04480,12-12-2025,Air India,AI 316,Airbus A321,AMD,Ahmedabad,HYD,Hyderabad,13:48,13:50,15:36,15:39,108,115,190,0.6053,Leisure,2,3,On Time,,,4500,517500
FL00202,13-12-2025,Akasa Air,QP 143,Boeing 737 MAX 8,BOM,Mumbai,JAI,Jaipur,15:42,,17:34,,112,0,189,0,Leisure,0,0,Cancelled,,Weather,5080,0
FL01420,13-12-2025,SpiceJet,SG 458,Boeing 737-800,AMD,Ahmedabad,DEL,Delhi,17:50,17:50,19:25,19:33,95,134,189,0.709,Student,0,8,On Time,,,4060,544040
FL01758,13-12-2025,IndiGo,6E 749,Airbus A321neo,LKO,Lucknow,PNQ,Pune,18:09,21:06,20:17,22:54,128,121,220,0.55,Leisure,177,157,Delayed,Ground Operations,,5200,629200
FL02291,13-12-2025,Air India Express,IX 743,Boeing 737-8,HYD,Hyderabad,AMD,Ahmedabad,05:21,05:26,07:14,07:20,113,124,189,0.6561,Business,5,6,On Time,,,4280,530720
FL02711,13-12-2025,Air India Express,IX 871,Boeing 737-800,MAA,Chennai,BLR,Bengaluru,07:12,09:27,08:04,10:33,52,142,180,0.7889,Leisure,135,149,Delayed,Air Traffic,,1800,255600
FL04610,13-12-2025,SpiceJet,SG 395,Bombardier Q400,HYD,Hyderabad,AMD,Ahmedabad,10:14,10:21,12:02,12:11,108,69,78,0.8846,Leisure,7,9,On Time,,,4860,335340
FL01375,14-12-2025,IndiGo,6E 430,Airbus A320neo,BLR,Bengaluru,GAU,Guwahati,11:05,11:10,14:27,14:31,202,142,180,0.7889,Business,5,4,On Time,,,10320,1465440
FL02412,14-12-2025,Akasa Air,QP 746,Boeing 737 MAX 8,AMD,Ahmedabad,PNQ,Pune,14:04,14:11,15:21,15:21,77,149,189,0.7884,Senior Citizen,7,0,On Time,,,2910,433590
FL02897,14-12-2025,IndiGo,6E 960,ATR 72,COK,Kochi,MAA,Chennai,21:09,21:11,22:21,22:34,72,48,70,0.6857,Leisure,2,13,On Time,,,3000,144000
FL03393,14-12-2025,Akasa Air,QP 980,Boeing 737 MAX 8,MAA,Chennai,HYD,Hyderabad,15:48,15:57,16:54,17:03,66,139,189,0.7354,Student,9,9,On Time,,,3030,421170
FL03565,14-12-2025,Air India Express,IX 283,Boeing 737-800,MAA,Chennai,BOM,Mumbai,21:36,21:36,23:42,23:44,126,121,180,0.6722,Leisure,0,2,On Time,,,5480,663080
FL03885,14-12-2025,Air India,AI 872,Airbus A320,MAA,Chennai,CJB,Coimbatore,05:46,05:53,06:43,06:49,57,138,174,0.7931,Leisure,7,6,On Time,,,2880,397440
FL04452,14-12-2025,SpiceJet,SG 338,Bombardier Q400,BLR,Bengaluru,COK,Kochi,16:07,16:12,17:05,17:07,58,55,78,0.7051,Family,5,2,On Time,,,1800,99000
FL00006,15-12-2025,IndiGo,6E 109,Airbus A321neo,MAA,Chennai,HYD,Hyderabad,12:33,12:33,13:48,13:48,75,199,220,0.9045,Family,0,0,On Time,,,2680,533320
FL01066,15-12-2025,IndiGo,6E 939,ATR 72,LKO,Lucknow,BLR,Bengaluru,05:16,05:17,07:59,08:00,163,51,70,0.7286,Family,1,1,On Time,,,8490,432990
FL01194,15-12-2025,Air India,AI 581,Airbus A320,MAA,Chennai,JAI,Jaipur,08:07,,10:44,,157,0,174,0,Leisure,0,0,Cancelled,,Technical Issue,7360,0
FL01412,15-12-2025,IndiGo,6E 462,Airbus A320neo,GOI,Goa,DEL,Delhi,14:32,15:39,16:57,18:13,145,152,180,0.8444,Senior Citizen,67,76,Delayed,Air Traffic,,8550,1299600
FL01436,15-12-2025,Air India,AI 687,Airbus A321,HYD,Hyderabad,LKO,Lucknow,06:39,08:35,08:46,10:43,127,123,190,0.6474,Family,116,117,Delayed,Weather,,6200,762600
FL03046,15-12-2025,Akasa Air,QP 898,Boeing 737 MAX 8,BLR,Bengaluru,HYD,Hyderabad,10:10,12:01,11:21,12:53,71,124,189,0.6561,Student,111,92,Delayed,Crew,,2340,290160
FL03736,15-12-2025,Akasa Air,QP 259,Boeing 737 MAX 8,BLR,Bengaluru,GOI,Goa,08:33,08:38,09:48,09:49,75,124,189,0.6561,Business,5,1,On Time,,,2250,279000
FL04219,15-12-2025,Air India Express,IX 463,Boeing 737-8,GOI,Goa,HYD,Hyderabad,09:30,09:35,10:42,10:49,72,137,189,0.7249,Leisure,5,7,On Time,,,2730,374010
FL04231,15-12-2025,SpiceJet,SG 274,Boeing 737-800,DEL,Delhi,JAI,Jaipur,08:54,09:00,09:39,09:45,45,135,189,0.7143,Leisure,6,6,On Time,,,1800,243000
FL01135,16-12-2025,Akasa Air,QP 404,Boeing 737 MAX 8,HYD,Hyderabad,BLR,Bengaluru,12:47,14:41,13:52,15:38,65,130,189,0.6878,Leisure,114,106,Delayed,Late Arrival of Aircraft,,2290,297700
FL01440,16-12-2025,Akasa Air,QP 487,Boeing 737 MAX 8,COK,Kochi,BLR,Bengaluru,10:53,10:56,11:55,12:01,62,162,189,0.8571,Leisure,3,6,On Time,,,2150,348300
FL02077,16-12-2025,Air India,AI 953,Airbus A321,BLR,Bengaluru,MAA,Chennai,18:35,19:58,19:24,20:35,49,158,190,0.8316,Senior Citizen,83,71,Delayed,Technical Issue,,1800,284400
FL04701,16-12-2025,SpiceJet,SG 421,Boeing 737-800,DEL,Delhi,GOI,Goa,10:49,10:53,13:30,13:38,161,113,189,0.5979,Leisure,4,8,On Time,,,6720,759360
FL00625,17-12-2025,Air India,AI 346,Airbus A320,DEL,Delhi,BLR,Bengaluru,09:33,09:49,12:24,12:39,171,172,174,0.9885,Business,16,15,Delayed,Weather,,11940,2053680
FL01085,17-12-2025,IndiGo,6E 957,Airbus A320neo,BOM,Mumbai,BLR,Bengaluru,20:43,20:52,22:14,22:26,91,142,180,0.7889,Leisure,9,12,On Time,,,4230,600660
FL01268,17-12-2025,Air India Express,IX 457,Boeing 737-8,GOI,Goa,COK,Kochi,17:42,17:44,19:12,19:12,90,123,189,0.6508,Business,2,0,On Time,,,3000,369000
FL02057,17-12-2025,IndiGo,6E 203,ATR 72,JAI,Jaipur,LKO,Lucknow,07:28,07:37,08:44,08:58,76,36,70,0.5143,Senior Citizen,9,14,On Time,,,2180,78480
FL04364,17-12-2025,Air India,AI 279,Airbus A320,CCU,Kolkata,BOM,Mumbai,12:44,13:06,15:28,15:39,164,115,174,0.6609,Business,22,11,Delayed,Late Arrival of Aircraft,,8910,1024650
FL04596,17-12-2025,Air India Express,IX 579,Boeing 737-8,MAA,Chennai,JAI,Jaipur,18:06,18:07,20:48,20:48,162,147,189,0.7778,Business,1,0,On Time,,,8740,1284780
FL00297,18-12-2025,Air India Express,IX 198,Boeing 737-800,CJB,Coimbatore,AMD,Ahmedabad,06:42,06:51,09:16,09:26,154,127,180,0.7056,Senior Citizen,9,10,On Time,,,6570,834390
FL00447,18-12-2025,Akasa Air,QP 191,Boeing 737 MAX 8,JAI,Jaipur,DEL,Delhi,15:11,15:13,15:56,15:56,45,141,189,0.746,Leisure,2,0,On Time,,,1800,253800
FL00457,18-12-2025,Air India,AI 265,Airbus A321,BOM,Mumbai,LKO,Lucknow,16:36,16:39,18:47,18:47,131,143,190,0.7526,Leisure,3,0,On Time,,,7490,1071070
FL00873,18-12-2025,Akasa Air,QP 341,Boeing 737 MAX 8,BOM,Mumbai,MAA,Chennai,20:14,20:23,22:10,22:17,116,128,189,0.6772,Leisure,9,7,On Time,,,5020,642560
FL01713,18-12-2025,IndiGo,6E 717,Airbus A320neo,HYD,Hyderabad,BOM,Mumbai,20:05,20:06,21:31,21:32,86,167,180,0.9278,Leisure,1,1,On Time,,,3520,587840
FL02999,18-12-2025,Akasa Air,QP 892,Boeing 737 MAX 8,BLR,Bengaluru,MAA,Chennai,13:07,13:09,13:53,13:53,46,162,189,0.8571,Leisure,2,0,On Time,,,1800,291600
FL03991,18-12-2025,Air India Express,IX 400,Boeing 737-8,LKO,Lucknow,COK,Kochi,14:23,14:31,17:27,17:35,184,134,189,0.709,Leisure,8,8,On Time,,,10070,1349380
FL04547,18-12-2025,Air India,AI 337,Boeing 787-8,PNQ,Pune,GOI,Goa,22:03,00:41,23:10,01:49,67,182,256,0.7109,Family,158,159,Delayed,Security,,1910,347620
FL00599,19-12-2025,IndiGo,6E 602,Airbus A320neo,COK,Kochi,BLR,Bengaluru,12:43,12:50,13:50,13:57,67,122,180,0.6778,Family,7,7,On Time,,,2000,244000
FL01115,19-12-2025,Air India Express,IX 411,Boeing 737-8,MAA,Chennai,BOM,Mumbai,15:38,16:46,17:34,18:57,116,187,189,0.9894,Business,68,83,Delayed,Air Traffic,,6400,1196800
FL01487,19-12-2025,SpiceJet,SG 462,Bombardier Q400,BLR,Bengaluru,PNQ,Pune,13:17,13:20,14:49,14:52,92,53,78,0.6795,Senior Citizen,3,3,On Time,,,3340,177020
FL02045,19-12-2025,IndiGo,6E 994,Airbus A320neo,CJB,Coimbatore,DEL,Delhi,12:48,14:04,16:06,17:11,198,145,180,0.8056,Leisure,76,65,Delayed,Weather,,11880,1722600
FL02825,19-12-2025,Air India Express,IX 909,Boeing 737-800,CJB,Coimbatore,COK,Kochi,07:28,07:32,08:13,08:15,45,141,180,0.7833,Student,4,2,On Time,,,1800,253800
FL02892,19-12-2025,Akasa Air,QP 862,Boeing 737 MAX 8,GAU,Guwahati,CCU,Kolkata,14:26,14:28,15:39,15:40,73,130,189,0.6878,Student,2,1,On Time,,,2850,370500
FL04584,19-12-2025,Air India Express,IX 575,Boeing 737-800,GOI,Goa,CJB,Coimbatore,17:29,19:47,18:48,21:19,79,144,180,0.8,Family,138,151,Delayed,Air Traffic,,3130,450720
FL04954,19-12-2025,IndiGo,6E 231,Airbus A320neo,MAA,Chennai,JAI,Jaipur,17:37,17:45,20:24,20:38,167,177,180,0.9833,Senior Citizen,8,14,On Time,,,8890,1573530
FL00838,20-12-2025,Air India Express,IX 336,Boeing 737-8,CCU,Kolkata,BOM,Mumbai,13:50,13:56,16:39,16:49,169,161,189,0.8519,Student,6,10,On Time,,,9290,1495690
FL00915,20-12-2025,SpiceJet,SG 332,Boeing 737-800,BLR,Bengaluru,AMD,Ahmedabad,12:45,12:52,15:07,15:10,142,167,189,0.8836,Family,7,3,On Time,,,7520,1255840
FL01345,20-12-2025,Air India Express,IX 470,Boeing 737-8,BLR,Bengaluru,GAU,Guwahati,05:23,08:22,08:49,11:37,206,187,189,0.9894,Leisure,179,168,Delayed,Air Traffic,,12520,2341240
FL01635,20-12-2025,Air India,AI 763,Boeing 787-8,GOI,Goa,MAA,Chennai,10:28,10:30,12:03,12:13,95,233,256,0.9102,Senior Citizen,2,10,On Time,,,5240,1220920
FL03161,20-12-2025,IndiGo,6E 398,Airbus A320neo,HYD,Hyderabad,GAU,Guwahati,10:50,11:50,13:48,14:50,178,141,180,0.7833,Student,60,62,Delayed,Late Arrival of Aircraft,,10170,1433970
FL00614,21-12-2025,IndiGo,6E 611,Airbus A320neo,PNQ,Pune,HYD,Hyderabad,15:36,15:41,16:48,16:56,72,122,180,0.6778,Family,5,8,On Time,,,2570,313540
FL00785,21-12-2025,SpiceJet,SG 303,Boeing 737-800,BLR,Bengaluru,COK,Kochi,05:36,08:22,06:38,09:19,62,110,189,0.582,Student,166,161,Delayed,Air Traffic,,1840,202400
FL00914,21-12-2025,Air India Express,IX 362,Boeing 737-8,BLR,Bengaluru,GOI,Goa,06:51,09:20,07:54,10:32,63,133,189,0.7037,Senior Citizen,149,158,Delayed,Technical Issue,,2430,323190
FL01702,21-12-2025,Akasa Air,QP 565,Boeing 737 MAX 8,PNQ,Pune,DEL,Delhi,05:25,05:33,07:30,07:37,125,173,189,0.9153,Family,8,7,On Time,,,6830,1181590
FL01874,21-12-2025,IndiGo,6E 853,ATR 72,HYD,Hyderabad,COK,Kochi,18:24,20:46,20:01,22:39,97,57,70,0.8143,Business,142,158,Delayed,Security,,5180,295260
FL03035,21-12-2025,IndiGo,6E 293,Airbus A320neo,DEL,Delhi,BOM,Mumbai,19:29,19:31,21:36,21:40,127,155,180,0.8611,Business,2,4,On Time,,,7060,1094300
FL03174,21-12-2025,Air India,AI 572,Airbus A320,CCU,Kolkata,AMD,Ahmedabad,06:49,08:29,09:37,10:55,168,134,174,0.7701,Business,100,78,Delayed,Weather,,11190,1499460
FL03433,21-12-2025,IndiGo,6E 640,Airbus A321neo,LKO,Lucknow,COK,Kochi,20:17,20:20,23:24,23:31,187,183,220,0.8318,Leisure,3,7,On Time,,,12160,2225280
FL04944,21-12-2025,IndiGo,6E 228,Airbus A320neo,COK,Kochi,BLR,Bengaluru,10:29,10:34,11:18,11:18,49,140,180,0.7778,Student,5,0,On Time,,,2360,330400
FL00386,22-12-2025,IndiGo,6E 440,Airbus A320neo,GOI,Goa,BLR,Bengaluru,17:38,19:50,19:04,21:19,86,137,180,0.7611,Leisure,132,135,Delayed,Late Arrival of Aircraft,,2640,361680
FL00623,22-12-2025,SpiceJet,SG 265,Boeing 737-800,PNQ,Pune,BLR,Bengaluru,06:26,06:26,07:58,07:58,92,171,189,0.9048,Student,0,0,On Time,,,4220,721620
FL01706,22-12-2025,Air India,AI 801,Boeing 787-8,MAA,Chennai,NAG,Nagpur,11:01,11:08,12:54,13:04,113,223,256,0.8711,Leisure,7,10,On Time,,,6060,1351380
FL01873,22-12-2025,Air India Express,IX 625,Boeing 737-8,MAA,Chennai,HYD,Hyderabad,14:19,15:37,15:31,17:04,72,173,189,0.9153,Family,78,93,Delayed,Late Arrival of Aircraft,,2820,487860
FL02262,22-12-2025,Air India,AI 214,Airbus A320,JAI,Jaipur,DEL,Delhi,10:53,10:58,11:38,11:42,45,129,174,0.7414,Leisure,5,4,On Time,,,1800,232200
FL02326,22-12-2025,IndiGo,6E 435,Airbus A320neo,HYD,Hyderabad,CCU,Kolkata,12:38,14:35,14:53,16:40,135,167,180,0.9278,Business,117,107,Delayed,Technical Issue,,5810,970270
FL02895,22-12-2025,Air India Express,IX 928,Boeing 737-800,HYD,Hyderabad,JAI,Jaipur,20:05,20:13,22:14,22:19,129,123,180,0.6833,Family,8,5,On Time,,,5540,681420
FL02941,22-12-2025,Air India Express,IX 941,Boeing 737-800,BOM,Mumbai,GOI,Goa,06:19,06:19,07:11,07:18,52,158,180,0.8778,Senior Citizen,0,7,On Time,,,2080,328640
FL03171,22-12-2025,SpiceJet,SG 811,Bombardier Q400,CJB,Coimbatore,BOM,Mumbai,12:11,12:19,14:06,14:08,115,50,78,0.641,Leisure,8,2,On Time,,,5580,279000
FL04178,22-12-2025,Akasa Air,QP 389,Boeing 737 MAX 8,MAA,Chennai,NAG,Nagpur,09:22,09:22,11:09,11:09,107,116,189,0.6138,Senior Citizen,0,0,On Time,,,4120,477920
FL04603,22-12-2025,Air India,AI 354,Airbus A320,PNQ,Pune,CJB,Coimbatore,18:12,18:12,19:47,19:48,95,118,174,0.6782,Family,0,1,On Time,,,4540,535720
FL01989,23-12-2025,SpiceJet,SG 556,Bombardier Q400,DEL,Delhi,BOM,Mumbai,07:13,07:15,09:14,09:19,121,65,78,0.8333,Business,2,5,On Time,,,5850,380250
FL02051,23-12-2025,Air India,AI 942,Airbus A321,CJB,Coimbatore,MAA,Chennai,21:15,21:52,22:26,22:50,71,102,190,0.5368,Student,37,24,Delayed,Air Traffic,,2120,216240
FL02387,23-12-2025,IndiGo,6E 499,Airbus A320neo,CCU,Kolkata,GAU,Guwahati,12:12,12:12,13:23,13:26,71,110,180,0.6111,Student,0,3,On Time,,,2690,295900
FL02694,23-12-2025,IndiGo,6E 779,Airbus A320neo,BLR,Bengaluru,MAA,Chennai,13:41,13:41,14:40,14:45,59,140,180,0.7778,Senior Citizen,0,5,On Time,,,1800,252000
FL03513,23-12-2025,Akasa Air,QP 208,Boeing 737 MAX 8,MAA,Chennai,CJB,Coimbatore,14:13,14:18,15:19,15:28,66,121,189,0.6402,Leisure,5,9,On Time,,,2160,261360
FL03887,23-12-2025,SpiceJet,SG 977,Boeing 737-800,DEL,Delhi,PNQ,Pune,17:52,17:59,19:56,19:56,124,137,189,0.7249,Leisure,7,0,On Time,,,5680,778160
FL00541,24-12-2025,SpiceJet,SG 246,Boeing 737-800,CJB,Coimbatore,DEL,Delhi,05:27,05:35,08:50,08:57,203,94,189,0.4974,Leisure,8,7,On Time,,,8840,830960
FL00981,24-12-2025,IndiGo,6E 877,ATR 72,MAA,Chennai,CJB,Coimbatore,19:00,19:00,20:06,20:07,66,52,70,0.7429,Family,0,1,On Time,,,2440,126880
FL02359,24-12-2025,SpiceJet,SG 644,Boeing 737-800,BLR,Bengaluru,JAI,Jaipur,19:36,19:39,22:23,22:27,167,122,189,0.6455,Leisure,3,4,On Time,,,7030,857660
FL02794,24-12-2025,IndiGo,6E 871,Airbus A321neo,MAA,Chennai,BOM,Mumbai,13:20,13:21,15:08,15:08,108,159,220,0.7227,Business,1,0,On Time,,,5150,818850
FL03761,24-12-2025,Air India,AI 810,Airbus A321,COK,Kochi,PNQ,Pune,13:16,13:18,15:15,15:24,119,121,190,0.6368,Family,2,9,On Time,,,5070,613470
FL03957,24-12-2025,IndiGo,6E 239,Airbus A321neo,PNQ,Pune,AMD,Ahmedabad,16:10,16:11,17:23,17:30,73,179,220,0.8136,Family,1,7,On Time,,,2980,533420
FL04758,24-12-2025,SpiceJet,SG 434,Boeing 737-800,CCU,Kolkata,HYD,Hyderabad,08:03,08:03,10:19,10:20,136,124,189,0.6561,Leisure,0,1,On Time,,,5470,678280
FL00544,25-12-2025,Akasa Air,QP 223,Boeing 737 MAX 8,COK,Kochi,AMD,Ahmedabad,20:49,20:49,23:32,23:34,163,145,189,0.7672,Business,0,2,On Time,,,6850,993250
FL01188,25-12-2025,Air India,AI 580,Airbus A320,BLR,Bengaluru,AMD,Ahmedabad,17:20,17:22,19:43,19:47,143,143,174,0.8218,Student,2,4,On Time,,,7240,1035320
FL01767,25-12-2025,Air India,AI 830,Airbus A321,JAI,Jaipur,BOM,Mumbai,07:23,07:29,09:10,09:10,107,127,190,0.6684,Senior Citizen,6,0,On Time,,,4740,601980
FL01863,25-12-2025,Akasa Air,QP 604,Boeing 737 MAX 8,DEL,Delhi,CJB,Coimbatore,22:14,22:16,01:35,01:41,201,143,189,0.7566,Leisure,2,6,On Time,,,9780,1398540
FL02133,25-12-2025,IndiGo,6E 274,Airbus A321neo,BOM,Mumbai,CCU,Kolkata,18:58,19:02,21:53,22:03,175,155,220,0.7045,Senior Citizen,4,10,On Time,,,9620,1491100
FL02718,25-12-2025,Air India Express,IX 876,Boeing 737-800,JAI,Jaipur,DEL,Delhi,20:05,20:12,20:54,21:06,49,109,180,0.6056,Leisure,7,12,On Time,,,1800,196200
FL03455,25-12-2025,IndiGo,6E 664,Airbus A321neo,BLR,Bengaluru,BOM,Mumbai,10:45,10:45,12:27,12:28,102,173,220,0.7864,Leisure,0,1,On Time,,,5240,906520
FL03989,25-12-2025,Akasa Air,QP 335,Boeing 737 MAX 8,DEL,Delhi,MAA,Chennai,06:29,06:33,09:24,09:34,175,168,189,0.8889,Business,4,10,On Time,,,9800,1646400
FL04543,25-12-2025,Air India,AI 333,Airbus A320,MAA,Chennai,HYD,Hyderabad,21:49,22:56,23:01,00:00,72,134,174,0.7701,Leisure,67,59,Delayed,Security,,3170,424780
FL04561,25-12-2025,Air India,AI 341,Airbus A320,PNQ,Pune,GOI,Goa,07:15,07:21,08:08,08:17,53,115,174,0.6609,Business,6,9,On Time,,,1930,221950
FL00178,26-12-2025,Air India Express,IX 159,Boeing 737-8,DEL,Delhi,BOM,Mumbai,19:38,22:22,21:47,00:20,129,165,189,0.873,Business,164,153,Delayed,Late Arrival of Aircraft,,6640,1095600
FL00810,26-12-2025,SpiceJet,SG 312,Boeing 737-800,AMD,Ahmedabad,CJB,Coimbatore,20:25,20:33,22:59,23:12,154,151,189,0.7989,Family,8,13,On Time,,,7050,1064550
FL01023,26-12-2025,SpiceJet,SG 381,Boeing 737-800,BOM,Mumbai,CCU,Kolkata,21:14,21:20,00:06,00:16,172,130,189,0.6878,Family,6,10,On Time,,,8820,1146600
FL01130,26-12-2025,Akasa Air,QP 403,Boeing 737 MAX 8,BOM,Mumbai,HYD,Hyderabad,22:17,00:13,23:38,01:42,81,179,189,0.9471,Family,116,124,Delayed,Ground Operations,,3170,567430
FL02396,26-12-2025,IndiGo,6E 508,Airbus A320neo,GAU,Guwahati,DEL,Delhi,18:34,20:20,21:08,22:48,154,144,180,0.8,Leisure,106,100,Delayed,Air Traffic,,9630,1386720
FL02770,26-12-2025,IndiGo,6E 851,Airbus A320neo,AMD,Ahmedabad,DEL,Delhi,21:41,00:21,23:14,02:14,93,158,180,0.8778,Leisure,160,180,Delayed,Late Arrival of Aircraft,,3970,627260
FL03713,26-12-2025,SpiceJet,SG 944,Bombardier Q400,GOI,Goa,HYD,Hyderabad,07:06,07:14,08:24,08:31,78,77,78,0.9872,Leisure,8,7,On Time,,,3200,246400
FL04469,26-12-2025,IndiGo,6E 645,ATR 72,COK,Kochi,DEL,Delhi,18:54,19:03,22:18,22:30,204,54,70,0.7714,Leisure,9,12,On Time,,,12410,670140
FL00813,27-12-2025,IndiGo,6E 764,ATR 72,PNQ,Pune,GOI,Goa,21:22,21:28,22:29,22:32,67,56,70,0.8,Leisure,6,3,On Time,,,2240,125440
FL00999,27-12-2025,Air India,AI 515,Boeing 787-8,LKO,Lucknow,DEL,Delhi,09:49,12:44,10:54,13:39,65,197,256,0.7695,Leisure,175,165,Delayed,Weather,,2630,518110
FL01384,27-12-2025,Air India,AI 669,Airbus A320,AMD,Ahmedabad,NAG,Nagpur,14:54,14:54,16:22,16:22,88,155,174,0.8908,Leisure,0,0,On Time,,,4090,633950
FL01619,27-12-2025,IndiGo,6E 653,Airbus A321neo,BLR,Bengaluru,COK,Kochi,14:16,14:23,15:11,15:19,55,194,220,0.8818,Business,7,8,On Time,,,2510,486940
FL01862,27-12-2025,SpiceJet,SG 530,Boeing 737-800,GAU,Guwahati,HYD,Hyderabad,07:33,07:35,10:24,10:27,171,162,189,0.8571,Leisure,2,3,On Time,,,9820,1590840
FL02108,27-12-2025,IndiGo,6E 249,Airbus A320neo,COK,Kochi,BLR,Bengaluru,19:46,19:51,20:56,21:02,70,139,180,0.7722,Business,5,6,On Time,,,1900,264100
FL02651,27-12-2025,IndiGo,6E 731,Airbus A321neo,GOI,Goa,GAU,Guwahati,18:33,18:33,22:15,22:15,222,189,220,0.8591,Family,0,0,On Time,,,15510,2931390
FL00528,28-12-2025,Air India Express,IX 261,Boeing 737-8,BLR,Bengaluru,BOM,Mumbai,05:03,05:10,06:46,06:53,103,142,189,0.7513,Family,7,7,On Time,,,4300,610600
FL00711,28-12-2025,Akasa Air,QP 302,Boeing 737 MAX 8,GOI,Goa,BLR,Bengaluru,14:44,17:44,16:02,18:55,78,148,189,0.7831,Leisure,180,173,Delayed,Other,,3040,449920
FL01478,28-12-2025,Akasa Air,QP 498,Boeing 737 MAX 8,MAA,Chennai,BLR,Bengaluru,22:05,22:06,22:57,23:04,52,155,189,0.8201,Family,1,7,On Time,,,1800,279000
FL01579,28-12-2025,Air India Express,IX 530,Boeing 737-800,CJB,Coimbatore,BLR,Bengaluru,16:46,16:54,17:38,17:46,52,143,180,0.7944,Student,8,8,On Time,,,1800,257400
FL02148,28-12-2025,Akasa Air,QP 685,Boeing 737 MAX 8,GOI,Goa,BOM,Mumbai,14:03,14:03,15:06,15:09,63,129,189,0.6825,Business,0,3,On Time,,,2190,282510
FL02311,28-12-2025,SpiceJet,SG 635,Boeing 737-800,HYD,Hyderabad,LKO,Lucknow,15:16,16:42,17:20,18:52,124,163,189,0.8624,Leisure,86,92,Delayed,Late Arrival of Aircraft,,6770,1103510
FL02570,28-12-2025,Air India,AI 347,Airbus A320,CJB,Coimbatore,HYD,Hyderabad,07:12,07:32,08:39,08:56,87,134,174,0.7701,Senior Citizen,20,17,Delayed,Air Traffic,,4540,608360
FL04173,28-12-2025,Air India,AI 983,Boeing 787-8,DEL,Delhi,HYD,Hyderabad,09:25,10:48,11:48,12:58,143,213,256,0.832,Family,83,70,Delayed,Weather,,8240,1755120
FL04289,28-12-2025,IndiGo,6E 493,Airbus A320neo,MAA,Chennai,DEL,Delhi,07:42,07:42,10:47,10:54,185,144,180,0.8,Student,0,7,On Time,,,9810,1412640
FL04646,28-12-2025,SpiceJet,SG 403,Bombardier Q400,MAA,Chennai,CJB,Coimbatore,05:24,05:31,06:20,06:33,56,75,78,0.9615,Leisure,7,13,On Time,,,2500,187500
FL00405,29-12-2025,IndiGo,6E 454,Airbus A321neo,CCU,Kolkata,NAG,Nagpur,16:19,16:24,18:16,18:28,117,173,220,0.7864,Leisure,5,12,On Time,,,6090,1053570
FL01260,29-12-2025,IndiGo,6E 316,Airbus A320neo,BLR,Bengaluru,COK,Kochi,09:43,09:51,10:48,11:02,65,162,180,0.9,Student,8,14,On Time,,,2210,358020
FL02904,29-12-2025,SpiceJet,SG 758,Boeing 737-800,PNQ,Pune,CCU,Kolkata,05:20,05:26,08:12,08:18,172,128,189,0.6772,Leisure,6,6,On Time,,,7800,998400
FL03143,29-12-2025,IndiGo,6E 385,Airbus A321neo,BLR,Bengaluru,GAU,Guwahati,06:50,06:57,10:22,10:35,212,173,220,0.7864,Leisure,7,13,On Time,,,11840,2048320
FL03990,29-12-2025,IndiGo,6E 259,ATR 72,HYD,Hyderabad,LKO,Lucknow,09:06,09:09,11:01,11:01,115,51,70,0.7286,Senior Citizen,3,0,On Time,,,5780,294780
FL04125,29-12-2025,Air India Express,IX 441,Boeing 737-800,JAI,Jaipur,NAG,Nagpur,19:53,20:02,21:19,21:26,86,133,180,0.7389,Family,9,7,On Time,,,4400,585200
FL04493,29-12-2025,SpiceJet,SG 342,Boeing 737-800,LKO,Lucknow,PNQ,Pune,05:18,05:18,07:31,07:31,133,142,189,0.7513,Family,0,0,On Time,,,5230,742660
FL04685,29-12-2025,IndiGo,6E 804,Airbus A320neo,BOM,Mumbai,COK,Kochi,05:47,05:56,07:51,08:02,124,134,180,0.7444,Business,9,11,On Time,,,5900,790600
FL00673,30-12-2025,IndiGo,6E 660,Airbus A321neo,HYD,Hyderabad,PNQ,Pune,05:05,05:06,06:23,06:23,78,141,220,0.6409,Leisure,1,0,On Time,,,2180,307380
FL01109,30-12-2025,Air India,AI 556,Airbus A320,HYD,Hyderabad,AMD,Ahmedabad,19:18,22:18,21:02,23:44,104,127,174,0.7299,Business,180,162,Delayed,Crew,,4280,543560
FL02441,30-12-2025,Akasa Air,QP 751,Boeing 737 MAX 8,LKO,Lucknow,CCU,Kolkata,05:34,05:51,07:15,07:27,101,151,189,0.7989,Leisure,17,12,Delayed,Weather,,4900,739900
FL02801,30-12-2025,SpiceJet,SG 727,Boeing 737-800,BLR,Bengaluru,DEL,Delhi,11:31,11:31,14:32,14:32,181,153,189,0.8095,Business,0,0,On Time,,,9210,1409130
FL03548,30-12-2025,IndiGo,6E 756,Airbus A320neo,CCU,Kolkata,NAG,Nagpur,07:30,07:35,09:23,09:23,113,150,180,0.8333,Leisure,5,0,On Time,,,5270,790500
FL03596,30-12-2025,Air India,AI 731,Boeing 787-8,GOI,Goa,BLR,Bengaluru,08:18,08:19,09:30,09:30,72,196,256,0.7656,Leisure,1,0,On Time,,,2850,558600
FL04271,30-12-2025,SpiceJet,SG 281,Bombardier Q400,DEL,Delhi,GOI,Goa,20:45,20:46,23:25,23:25,160,62,78,0.7949,Senior Citizen,1,0,On Time,,,7990,495380
FL04303,30-12-2025,Air India Express,IX 491,Boeing 737-8,BLR,Bengaluru,COK,Kochi,07:55,10:28,08:54,11:29,59,123,189,0.6508,Leisure,153,155,Delayed,Technical Issue,,1800,221400
FL04782,30-12-2025,Air India Express,IX 643,Boeing 737-8,CCU,Kolkata,BLR,Bengaluru,18:15,18:21,20:55,21:04,160,166,189,0.8783,Leisure,6,9,On Time,,,7440,1235040
FL00410,31-12-2025,IndiGo,6E 458,Airbus A321neo,GOI,Goa,LKO,Lucknow,14:11,15:01,16:47,17:22,156,155,220,0.7045,Leisure,50,35,Delayed,Crew,,7440,1153200
FL00668,31-12-2025,IndiGo,6E 650,Airbus A320neo,LKO,Lucknow,GAU,Guwahati,14:21,14:30,16:25,16:38,124,123,180,0.6833,Business,9,13,On Time,,,5380,661740
FL01131,31-12-2025,IndiGo,6E 997,Airbus A321neo,BLR,Bengaluru,NAG,Nagpur,07:28,07:33,09:10,09:15,102,136,220,0.6182,Business,5,5,On Time,,,4060,552160
FL01561,31-12-2025,Akasa Air,QP 522,Boeing 737 MAX 8,MAA,Chennai,CCU,Kolkata,06:40,06:46,09:08,09:13,148,147,189,0.7778,Leisure,6,5,On Time,,,7480,1099560
FL01856,31-12-2025,IndiGo,6E 842,ATR 72,HYD,Hyderabad,MAA,Chennai,17:07,19:06,18:21,20:31,74,53,70,0.7571,Student,119,130,Delayed,Ground Operations,,2740,145220
FL02211,31-12-2025,Akasa Air,QP 702,Boeing 737 MAX 8,CCU,Kolkata,BLR,Bengaluru,18:15,18:18,21:00,21:01,165,129,189,0.6825,Leisure,3,1,On Time,,,7660,988140
FL02921,31-12-2025,Air India,AI 461,Airbus A320,PNQ,Pune,HYD,Hyderabad,17:02,17:03,18:10,18:18,68,114,174,0.6552,Leisure,1,8,On Time,,,2700,307800
FL03304,31-12-2025,SpiceJet,SG 853,Bombardier Q400,MAA,Chennai,PNQ,Pune,15:31,16:59,17:17,18:40,106,47,78,0.6026,Leisure,88,83,Delayed,Weather,,4170,195990
FL03875,31-12-2025,Air India,AI 866,Airbus A320,DEL,Delhi,HYD,Hyderabad,16:36,17:53,18:54,20:07,138,149,174,0.8563,Family,77,73,Delayed,Technical Issue,,7690,1145810
FL04890,31-12-2025,Air India,AI 484,Airbus A321,GAU,Guwahati,AMD,Ahmedabad,15:25,15:25,18:44,18:50,199,146,190,0.7684,Business,0,6,On Time,,,12200,1781200
